{
	"credit": "Made with Blockbench",
	"textures": {
		"0": "item/custom/espadas/CharaKnife",
		"particle": "item/custom/espadas/CharaKnife"
	},
	"elements": [
		{
			"from": [7, 0, 7],
			"to": [8, 5, 9],
			"rotation": {"angle": 0, "axis": "y", "origin": [7, 1, 8]},
			"faces": {
				"north": {"uv": [6, 9, 7, 14], "texture": "#0"},
				"east": {"uv": [4, 6, 6, 11], "texture": "#0"},
				"south": {"uv": [7, 9, 8, 14], "texture": "#0"},
				"west": {"uv": [6, 4, 8, 9], "texture": "#0"},
				"up": {"uv": [12, 10, 11, 8], "texture": "#0"},
				"down": {"uv": [12, 11, 11, 13], "texture": "#0"}
			}
		},
		{
			"from": [6, 4.5, 5.5],
			"to": [9, 5.5, 10.5],
			"rotation": {"angle": 0, "axis": "x", "origin": [8, 5.5, 8]},
			"faces": {
				"north": {"uv": [10, 10, 13, 11], "texture": "#0"},
				"east": {"uv": [10, 0, 16, 1], "texture": "#0"},
				"south": {"uv": [11, 4, 14, 5], "texture": "#0"},
				"west": {"uv": [10, 1, 16, 2], "texture": "#0"},
				"up": {"uv": [3, 6, 0, 0], "texture": "#0"},
				"down": {"uv": [6, 0, 3, 6], "texture": "#0"}
			}
		},
		{
			"from": [7.5, 12.5, 5.5],
			"to": [7.5, 16.5, 9.5],
			"rotation": {"angle": 0, "axis": "x", "origin": [8, 13.5, 8]},
			"faces": {
				"north": {"uv": [0, 10, 1, 14], "texture": "#0"},
				"east": {"uv": [0, 6, 4, 10], "texture": "#0"},
				"south": {"uv": [1, 10, 2, 14], "texture": "#0"},
				"west": {"uv": [6, 0, 10, 4], "texture": "#0"},
				"up": {"uv": [3, 14, 2, 10], "texture": "#0"},
				"down": {"uv": [4, 10, 3, 14], "texture": "#0"}
			}
		},
		{
			"from": [7.5, 8.5, 5.5],
			"to": [7.5, 12.5, 9.5],
			"rotation": {"angle": 0, "axis": "x", "origin": [7.5, 10.5, 7.5]},
			"faces": {
				"north": {"uv": [4, 10, 3, 14], "rotation": 180, "texture": "#0"},
				"east": {"uv": [0, 6, 4, 10], "rotation": 270, "texture": "#0"},
				"south": {"uv": [3, 14, 2, 10], "texture": "#0"},
				"west": {"uv": [6, 0, 10, 3.75], "rotation": 90, "texture": "#0"},
				"up": {"uv": [0, 10, 1, 14], "rotation": 180, "texture": "#0"},
				"down": {"uv": [1, 10, 2, 14], "texture": "#0"}
			}
		},
		{
			"from": [7.5, 16.5, 6.5],
			"to": [7.5, 19.5, 9.5],
			"rotation": {"angle": 0, "axis": "x", "origin": [8, 17.5, 8]},
			"faces": {
				"north": {"uv": [4, 11, 5, 14], "texture": "#0"},
				"east": {"uv": [8, 4, 11, 7], "texture": "#0"},
				"south": {"uv": [5, 11, 6, 14], "texture": "#0"},
				"west": {"uv": [8, 7, 11, 10], "texture": "#0"},
				"up": {"uv": [12, 8, 11, 5], "texture": "#0"},
				"down": {"uv": [11, 11, 10, 14], "texture": "#0"}
			}
		},
		{
			"from": [7.5, 5.5, 6.5],
			"to": [7.5, 8.5, 9.5],
			"rotation": {"angle": 0, "axis": "x", "origin": [7.5, 7, 8]},
			"faces": {
				"north": {"uv": [12, 8, 11, 5], "rotation": 180, "texture": "#0"},
				"east": {"uv": [8, 4, 11, 7], "rotation": 90, "texture": "#0"},
				"south": {"uv": [11, 11, 10, 14], "texture": "#0"},
				"west": {"uv": [8, 7, 11, 10], "rotation": 270, "texture": "#0"},
				"up": {"uv": [5, 11, 6, 14], "texture": "#0"},
				"down": {"uv": [4, 11, 5, 14], "rotation": 180, "texture": "#0"}
			}
		},
		{
			"from": [7.5, 19.5, 7.5],
			"to": [7.5, 21.5, 9.5],
			"rotation": {"angle": 0, "axis": "x", "origin": [8, 20.5, 8]},
			"faces": {
				"north": {"uv": [12, 2, 13, 4], "texture": "#0"},
				"east": {"uv": [10, 2, 12, 4], "texture": "#0"},
				"south": {"uv": [12, 5, 13, 7], "texture": "#0"},
				"west": {"uv": [8, 10, 10, 12], "texture": "#0"},
				"up": {"uv": [13, 9, 12, 7], "texture": "#0"},
				"down": {"uv": [9, 12, 8, 14], "texture": "#0"}
			}
		}
	],
	"display": {
		"thirdperson_righthand": {
			"translation": [0, 5.75, 2]
		},
		"thirdperson_lefthand": {
			"translation": [0, 5.75, 2]
		},
		"firstperson_righthand": {
			"rotation": [-24.25, 0, 0],
			"translation": [0.75, 6.25, -0.75]
		},
		"firstperson_lefthand": {
			"rotation": [-24.25, 0, 0],
			"translation": [0.75, 6.25, -0.75]
		}
	}
}