{
	"credit": "Made with Blockbench",
	"texture_size": [32, 32],
	"textures": {
		"3": "item/custom/espadas/animados/clarent/clarent"
	},
	"elements": [
		{
			"from": [0, 0, 8],
			"to": [3, 3, 9],
			"rotation": {"angle": 0, "axis": "x", "origin": [0, 0, 7]},
			"rotated": [0, 0, 0],
			"faces": {
				"north": {"uv": [7, 7.5, 8.5, 9], "texture": "#3"},
				"east": {"uv": [11.5, 2, 12, 3.5], "texture": "#3"},
				"south": {"uv": [8.5, 2, 10, 3.5], "texture": "#3"},
				"west": {"uv": [11.5, 3.5, 12, 5], "texture": "#3"},
				"up": {"uv": [8.5, 6.5, 7, 6], "texture": "#3"},
				"down": {"uv": [5.5, 11.5, 4, 12], "texture": "#3"}
			}
		},
		{
			"from": [3, 3, 8],
			"to": [5, 5, 9],
			"rotation": {"angle": 0, "axis": "y", "origin": [3, 3, 7]},
			"faces": {
				"north": {"uv": [9, 6.5, 10, 7.5], "texture": "#3"},
				"east": {"uv": [12.5, 2.5, 13, 3.5], "texture": "#3"},
				"south": {"uv": [6, 9.5, 7, 10.5], "texture": "#3"},
				"west": {"uv": [4, 12.5, 4.5, 13.5], "texture": "#3"},
				"up": {"uv": [4, 9.5, 3, 9], "texture": "#3"},
				"down": {"uv": [13.5, 6, 12.5, 6.5], "texture": "#3"}
			}
		},
		{
			"from": [2, 5, 8],
			"to": [5, 9, 9],
			"rotation": {"angle": 0, "axis": "y", "origin": [3, 5, 7]},
			"faces": {
				"north": {"uv": [7, 2, 8.5, 4], "texture": "#3"},
				"east": {"uv": [7.5, 10.5, 8, 12.5], "texture": "#3"},
				"south": {"uv": [7, 4, 8.5, 6], "texture": "#3"},
				"west": {"uv": [8, 10.5, 8.5, 12.5], "texture": "#3"},
				"up": {"uv": [13, 5.5, 11.5, 5], "texture": "#3"},
				"down": {"uv": [13, 5.5, 11.5, 6], "texture": "#3"}
			}
		},
		{
			"from": [3, 9, 8],
			"to": [4, 10, 9],
			"rotation": {"angle": 0, "axis": "y", "origin": [3, 9, 7]},
			"faces": {
				"north": {"uv": [9.5, 10.5, 10, 11], "texture": "#3"},
				"east": {"uv": [8, 12.5, 8.5, 13], "texture": "#3"},
				"south": {"uv": [10, 12.5, 10.5, 13], "texture": "#3"},
				"west": {"uv": [12.5, 11, 13, 11.5], "texture": "#3"},
				"up": {"uv": [13, 12, 12.5, 11.5], "texture": "#3"},
				"down": {"uv": [13, 12, 12.5, 12.5], "texture": "#3"}
			}
		},
		{
			"from": [1.99, 1.99, 7.99],
			"to": [4.01, 4.01, 9.01],
			"rotation": {"angle": 0, "axis": "y", "origin": [2, 3, 7]},
			"faces": {
				"north": {"uv": [8.5, 10.5, 9.5, 11.5], "texture": "#3"},
				"east": {"uv": [12.5, 6.5, 13, 7.5], "texture": "#3"},
				"south": {"uv": [3, 11, 4, 12], "texture": "#3"},
				"west": {"uv": [7.5, 12.5, 8, 13.5], "texture": "#3"},
				"up": {"uv": [10, 13, 9, 12.5], "texture": "#3"},
				"down": {"uv": [13.5, 10.5, 12.5, 11], "texture": "#3"}
			}
		},
		{
			"from": [9, 3, 8],
			"to": [10, 4, 9],
			"rotation": {"angle": 0, "axis": "y", "origin": [8, 2, 7]},
			"faces": {
				"north": {"uv": [12.5, 12.5, 13, 13], "texture": "#3"},
				"east": {"uv": [0.5, 13, 1, 13.5], "texture": "#3"},
				"south": {"uv": [13, 0.5, 13.5, 1], "texture": "#3"},
				"west": {"uv": [1, 13, 1.5, 13.5], "texture": "#3"},
				"up": {"uv": [13.5, 1.5, 13, 1], "texture": "#3"},
				"down": {"uv": [2, 13, 1.5, 13.5], "texture": "#3"}
			}
		},
		{
			"from": [4.9, 4.9, 7.9],
			"to": [8.1, 8.1, 9.1],
			"rotation": {"angle": 0, "axis": "y", "origin": [5, 5, 7]},
			"faces": {
				"north": {"uv": [8.5, 3.5, 10, 5], "texture": "#3"},
				"east": {"uv": [5.5, 11.5, 6, 13], "texture": "#3"},
				"south": {"uv": [8.5, 5, 10, 6.5], "texture": "#3"},
				"west": {"uv": [11.5, 6, 12, 7.5], "texture": "#3"},
				"up": {"uv": [13, 8, 11.5, 7.5], "texture": "#3"},
				"down": {"uv": [13, 8, 11.5, 8.5], "texture": "#3"}
			}
		},
		{
			"from": [6, 6, 8],
			"to": [9, 9, 9],
			"rotation": {"angle": 0, "axis": "y", "origin": [6, 6, 7]},
			"faces": {
				"north": {"uv": [8.5, 7.5, 10, 9], "texture": "#3"},
				"east": {"uv": [8.5, 11.5, 9, 13], "texture": "#3"},
				"south": {"uv": [0, 9, 1.5, 10.5], "texture": "#3"},
				"west": {"uv": [11.5, 8.5, 12, 10], "texture": "#3"},
				"up": {"uv": [10.5, 12, 9, 11.5], "texture": "#3"},
				"down": {"uv": [13, 10, 11.5, 10.5], "texture": "#3"}
			}
		},
		{
			"from": [8, 8, 8],
			"to": [11, 11, 9],
			"rotation": {"angle": 0, "axis": "y", "origin": [8, 8, 7]},
			"faces": {
				"north": {"uv": [1.5, 9, 3, 10.5], "texture": "#3"},
				"east": {"uv": [10.5, 11.5, 11, 13], "texture": "#3"},
				"south": {"uv": [7, 9, 8.5, 10.5], "texture": "#3"},
				"west": {"uv": [11.5, 10.5, 12, 12], "texture": "#3"},
				"up": {"uv": [1.5, 12.5, 0, 12], "texture": "#3"},
				"down": {"uv": [3, 12, 1.5, 12.5], "texture": "#3"}
			}
		},
		{
			"from": [6.9999, 6.9999, 7.9999],
			"to": [10.0001, 10.0001, 9.0001],
			"rotation": {"angle": 0, "axis": "y", "origin": [7, 7, 7]},
			"faces": {
				"north": {"uv": [8.5, 9, 10, 10.5], "texture": "#3"},
				"east": {"uv": [11, 11.5, 11.5, 13], "texture": "#3"},
				"south": {"uv": [3, 9.5, 4.5, 11], "texture": "#3"},
				"west": {"uv": [12, 2, 12.5, 3.5], "texture": "#3"},
				"up": {"uv": [4.5, 12.5, 3, 12], "texture": "#3"},
				"down": {"uv": [13.5, 3.5, 12, 4], "texture": "#3"}
			}
		},
		{
			"from": [8.99, 8.99, 7.99],
			"to": [12.01, 12.01, 9.01],
			"rotation": {"angle": 0, "axis": "y", "origin": [9, 9, 7]},
			"faces": {
				"north": {"uv": [4.5, 9.5, 6, 11], "texture": "#3"},
				"east": {"uv": [4.5, 12, 5, 13.5], "texture": "#3"},
				"south": {"uv": [10, 2, 11.5, 3.5], "texture": "#3"},
				"west": {"uv": [5, 12, 5.5, 13.5], "texture": "#3"},
				"up": {"uv": [13.5, 4.5, 12, 4], "texture": "#3"},
				"down": {"uv": [13.5, 4.5, 12, 5], "texture": "#3"}
			}
		},
		{
			"from": [10, 10, 8],
			"to": [13, 13, 9],
			"rotation": {"angle": 0, "axis": "y", "origin": [10, 10, 7]},
			"faces": {
				"north": {"uv": [10, 3.5, 11.5, 5], "texture": "#3"},
				"east": {"uv": [6, 12, 6.5, 13.5], "texture": "#3"},
				"south": {"uv": [10, 5, 11.5, 6.5], "texture": "#3"},
				"west": {"uv": [12, 6, 12.5, 7.5], "texture": "#3"},
				"up": {"uv": [13.5, 9, 12, 8.5], "texture": "#3"},
				"down": {"uv": [10.5, 12, 9, 12.5], "texture": "#3"}
			}
		},
		{
			"from": [5, 2, 8],
			"to": [9, 5, 9],
			"rotation": {"angle": 0, "axis": "y", "origin": [5, 3, 7]},
			"faces": {
				"north": {"uv": [0, 7.5, 2, 9], "texture": "#3"},
				"east": {"uv": [6.5, 12, 7, 13.5], "texture": "#3"},
				"south": {"uv": [2, 7.5, 4, 9], "texture": "#3"},
				"west": {"uv": [7, 12, 7.5, 13.5], "texture": "#3"},
				"up": {"uv": [6, 11.5, 4, 11], "texture": "#3"},
				"down": {"uv": [11.5, 11, 9.5, 11.5], "texture": "#3"}
			}
		},
		{
			"from": [11.9999, 11.9999, 7.9999],
			"to": [15.0001, 15.0001, 9.0001],
			"rotation": {"angle": 0, "axis": "y", "origin": [12, 12, 7]},
			"faces": {
				"north": {"uv": [10, 6.5, 11.5, 8], "texture": "#3"},
				"east": {"uv": [12, 10.5, 12.5, 12], "texture": "#3"},
				"south": {"uv": [10, 8, 11.5, 9.5], "texture": "#3"},
				"west": {"uv": [11.5, 12, 12, 13.5], "texture": "#3"},
				"up": {"uv": [13.5, 9.5, 12, 9], "texture": "#3"},
				"down": {"uv": [13.5, 9.5, 12, 10], "texture": "#3"}
			}
		},
		{
			"from": [13, 13, 8],
			"to": [16, 16, 9],
			"rotation": {"angle": 0, "axis": "y", "origin": [13, 13, 7]},
			"faces": {
				"north": {"uv": [10, 9.5, 11.5, 11], "texture": "#3"},
				"east": {"uv": [12, 12, 12.5, 13.5], "texture": "#3"},
				"south": {"uv": [0, 10.5, 1.5, 12], "texture": "#3"},
				"west": {"uv": [0, 12.5, 0.5, 14], "texture": "#3"},
				"up": {"uv": [14, 0.5, 12.5, 0], "texture": "#3"},
				"down": {"uv": [2, 12.5, 0.5, 13], "texture": "#3"}
			}
		},
		{
			"from": [10.999, 10.999, 7.999],
			"to": [14.001, 14.001, 9.001],
			"rotation": {"angle": 0, "axis": "y", "origin": [11, 11, 7]},
			"faces": {
				"north": {"uv": [1.5, 10.5, 3, 12], "texture": "#3"},
				"east": {"uv": [12.5, 0.5, 13, 2], "texture": "#3"},
				"south": {"uv": [6, 10.5, 7.5, 12], "texture": "#3"},
				"west": {"uv": [2, 12.5, 2.5, 14], "texture": "#3"},
				"up": {"uv": [14, 2.5, 12.5, 2], "texture": "#3"},
				"down": {"uv": [4, 12.5, 2.5, 13], "texture": "#3"}
			}
		},
		{
			"from": [6.1, -0.4, 6.9],
			"to": [9.1, 12.1, 10.1],
			"rotation": {"angle": 45, "axis": "z", "origin": [6.1, 5.5, 7.5]},
			"faces": {
				"north": {"uv": [4, 0, 5.5, 6.25], "texture": "#3"},
				"east": {"uv": [0, 0, 1.625, 6.25], "texture": "#3"},
				"south": {"uv": [5.5, 0, 7, 6.25], "texture": "#3"},
				"west": {"uv": [2, 0, 3.625, 6.25], "texture": "#3"},
				"up": {"uv": [5.5, 9.125, 4, 7.5], "texture": "#3"},
				"down": {"uv": [7, 7.5, 5.5, 9.125], "texture": "#3"}
			}
		},
		{
			"from": [6.6, 11.4, 7.5],
			"to": [14.9, 13.4, 9.5],
			"rotation": {"angle": -45, "axis": "z", "origin": [10, 11.4, 7.5]},
			"faces": {
				"north": {"uv": [0, 6.5, 4.125, 7.5], "texture": "#3"},
				"east": {"uv": [11.5, 0, 12.5, 1], "texture": "#3"},
				"south": {"uv": [4.5, 6.5, 8.625, 7.5], "texture": "#3"},
				"west": {"uv": [11.5, 1, 12.5, 2], "texture": "#3"},
				"up": {"uv": [11.125, 1, 7, 0], "texture": "#3"},
				"down": {"uv": [11.125, 1, 7, 2], "texture": "#3"}
			}
		}
	],
	"display": {
		"thirdperson_righthand": {
			"rotation": [-155.21, -86.03, -114.05],
			"translation": [0.5, 5.5, 1.25]
		},
		"thirdperson_lefthand": {
			"rotation": [155.21, -86.03, 114.05],
			"translation": [0.5, 5.5, 1.25]
		},
		"firstperson_righthand": {
			"rotation": [92.91, -88.86, 138.18],
			"translation": [3.5, 5.25, -2.75],
			"scale": [1.16992, 1.06641, 1]
		},
		"firstperson_lefthand": {
			"rotation": [50.25, -88.75, 0],
			"translation": [3.5, 5.25, -2.75],
			"scale": [1.16992, 1.06641, 1]
		},
		"ground": {
			"rotation": [0, 0, -46.25],
			"translation": [7.25, 1.25, 0.75]
		},
		"head": {
			"rotation": [0, 0, 45.5],
			"translation": [0, 17.25, 0]
		},
		"fixed": {
			"rotation": [-89.04, -0.41, -133.94],
			"translation": [0.5, 0, -9.25],
			"scale": [1.81, 1.78, 1]
		}
	}
}