{
	"credit": "Made with Blockbench",
	"texture_size": [32, 32],
	"textures": {
		"0": "item/custom/espadas/cogumelosword",
		"particle": "item/custom/espadas/cogumelosword"
	},
	"elements": [
		{
			"from": [7.5, 0, 7.5],
			"to": [8.5, 4, 8.5],
			"rotation": {"angle": 22.5, "axis": "y", "origin": [8, 1, 8]},
			"faces": {
				"north": {"uv": [0.5, 6.5, 1, 8.5], "texture": "#0"},
				"east": {"uv": [1, 6.5, 1.5, 8.5], "texture": "#0"},
				"south": {"uv": [1.5, 6.5, 2, 8.5], "texture": "#0"},
				"west": {"uv": [2, 6.5, 2.5, 8.5], "texture": "#0"},
				"up": {"uv": [3, 7, 2.5, 6.5], "texture": "#0"},
				"down": {"uv": [7.5, 0, 7, 0.5], "texture": "#0"}
			}
		},
		{
			"from": [7.8, 7, 7.5],
			"to": [8.2, 19, 8.5],
			"rotation": {"angle": 0, "axis": "y", "origin": [8, 8, 8]},
			"faces": {
				"north": {"uv": [6, 5, 6.25, 11], "texture": "#0"},
				"east": {"uv": [3, 4, 3.5, 10], "texture": "#0"},
				"south": {"uv": [0, 6.5, 0.25, 12.5], "texture": "#0"},
				"west": {"uv": [3.5, 4, 4, 10], "texture": "#0"},
				"up": {"uv": [7.25, 1, 7, 0.5], "texture": "#0"},
				"down": {"uv": [7.25, 1, 7, 1.5], "texture": "#0"}
			}
		},
		{
			"from": [8, 7, 6.8],
			"to": [8, 20, 9.2],
			"rotation": {"angle": 0, "axis": "y", "origin": [8, 8, 8]},
			"faces": {
				"north": {"uv": [0, 0, 0, 6.5], "texture": "#0"},
				"east": {"uv": [0, 0, 1.25, 6.5], "texture": "#0"},
				"south": {"uv": [0, 0, 0, 6.5], "texture": "#0"},
				"west": {"uv": [1.5, 0, 2.75, 6.5], "texture": "#0"},
				"up": {"uv": [0, 1.25, 0, 0], "texture": "#0"},
				"down": {"uv": [0, 0, 0, 1.25], "texture": "#0"}
			}
		},
		{
			"from": [6.2, 4, 6.2],
			"to": [9.8, 6, 9.8],
			"rotation": {"angle": 22.5, "axis": "y", "origin": [8, 5, 8]},
			"faces": {
				"north": {"uv": [5, 2, 6.75, 3], "texture": "#0"},
				"east": {"uv": [5, 3, 6.75, 4], "texture": "#0"},
				"south": {"uv": [4, 6, 5.75, 7], "texture": "#0"},
				"west": {"uv": [6, 4, 7.75, 5], "texture": "#0"},
				"up": {"uv": [4.75, 1.75, 3, 0], "texture": "#0"},
				"down": {"uv": [4.75, 2, 3, 3.75], "texture": "#0"}
			}
		},
		{
			"from": [6.4, 6, 6.4],
			"to": [9.6, 7, 9.6],
			"rotation": {"angle": 22.5, "axis": "y", "origin": [8, 7, 8]},
			"faces": {
				"north": {"uv": [6.5, 5, 8.125, 5.5], "texture": "#0"},
				"east": {"uv": [6.5, 5.5, 8.125, 6], "texture": "#0"},
				"south": {"uv": [6.5, 6, 8.125, 6.5], "texture": "#0"},
				"west": {"uv": [6.5, 6.5, 8.125, 7], "texture": "#0"},
				"up": {"uv": [5.625, 5.625, 4, 4], "texture": "#0"},
				"down": {"uv": [6.625, 0, 5, 1.625], "texture": "#0"}
			}
		}
	],
	"display": {
		"thirdperson_righthand": {
			"translation": [0, 4.25, 1.5]
		},
		"thirdperson_lefthand": {
			"translation": [0, 4.25, 1.5]
		},
		"firstperson_righthand": {
			"translation": [0, 4.5, 0]
		},
		"firstperson_lefthand": {
			"translation": [0, 4.5, 0]
		},
		"ground": {
			"translation": [0, 5.5, 0],
			"scale": [1.5, 1.5, 1.5]
		},
		"gui": {
			"rotation": [-48.47, 41.01, 59.87],
			"translation": [1.75, -1.75, 0]
		},
		"head": {
			"translation": [0, 17.5, 0],
			"scale": [1.5, 1.5, 1.5]
		},
		"fixed": {
			"rotation": [-90, 0, 0],
			"translation": [0, 0, -14],
			"scale": [2, 2, 2]
		}
	}
}