{
	"credit": "Made with Blockbench",
	"texture_size": [32, 32],
	"textures": {
		"3": "item/custom/espadas/animados/espadagatinho/espadagatinho"
	},
	"elements": [
		{
			"from": [9, 0, 7],
			"to": [11, 3.8, 9],
			"rotation": {"angle": 45, "axis": "z", "origin": [9, 0, 7]},
			"faces": {
				"north": {"uv": [8, 5, 9, 6.875], "texture": "#3"},
				"east": {"uv": [8, 7, 9, 8.875], "texture": "#3"},
				"south": {"uv": [7, 8.5, 8, 10.375], "texture": "#3"},
				"west": {"uv": [0, 9, 1, 10.875], "texture": "#3"},
				"up": {"uv": [2, 10, 1, 9], "texture": "#3"},
				"down": {"uv": [10, 5, 9, 6], "texture": "#3"}
			}
		},
		{
			"from": [5, 1.4, 7],
			"to": [7, 3.3, 9],
			"rotation": {"angle": -45, "axis": "z", "origin": [5, 1.4, 7]},
			"faces": {
				"north": {"uv": [6, 10, 7, 10.9375], "texture": "#3"},
				"east": {"uv": [10, 6, 11, 6.9375], "texture": "#3"},
				"south": {"uv": [10, 7, 11, 7.9375], "texture": "#3"},
				"west": {"uv": [8, 10, 9, 10.9375], "texture": "#3"},
				"up": {"uv": [7, 10, 6, 9], "texture": "#3"},
				"down": {"uv": [10, 6, 9, 7], "texture": "#3"}
			}
		},
		{
			"from": [7.69, 2.79, 6.99],
			"to": [9.71, 4.81, 9.01],
			"rotation": {"angle": 45, "axis": "z", "origin": [7.7, 2.8, 7]},
			"faces": {
				"north": {"uv": [9, 7, 10, 8], "texture": "#3"},
				"east": {"uv": [8, 9, 9, 10], "texture": "#3"},
				"south": {"uv": [9, 8, 10, 9], "texture": "#3"},
				"west": {"uv": [9, 9, 10, 10], "texture": "#3"},
				"up": {"uv": [3, 10.5, 2, 9.5], "texture": "#3"},
				"down": {"uv": [11, 0, 10, 1], "texture": "#3"}
			}
		},
		{
			"from": [6.69999, 4.59999, 6.99999],
			"to": [8.70001, 9.70001, 9.00001],
			"rotation": {"angle": 0, "axis": "y", "origin": [6.7, 4.6, 7]},
			"faces": {
				"north": {"uv": [6, 0, 7, 2.5625], "texture": "#3"},
				"east": {"uv": [6, 3, 7, 5.5625], "texture": "#3"},
				"south": {"uv": [6, 6, 7, 8.5625], "texture": "#3"},
				"west": {"uv": [2, 6.5, 3, 9.0625], "texture": "#3"},
				"up": {"uv": [2, 11, 1, 10], "texture": "#3"},
				"down": {"uv": [11, 1, 10, 2], "texture": "#3"}
			}
		},
		{
			"from": [7.799, 9.099, 6.999],
			"to": [11.801, 13.101, 9.001],
			"rotation": {"angle": 45, "axis": "z", "origin": [8.8, 8.6, 7]},
			"faces": {
				"north": {"uv": [2, 4.5, 4, 6.5], "texture": "#3"},
				"east": {"uv": [7, 4.5, 8, 6.5], "texture": "#3"},
				"south": {"uv": [4, 4.5, 6, 6.5], "texture": "#3"},
				"west": {"uv": [7, 6.5, 8, 8.5], "texture": "#3"},
				"up": {"uv": [10, 1, 8, 0], "texture": "#3"},
				"down": {"uv": [10, 1, 8, 2], "texture": "#3"}
			}
		},
		{
			"from": [5.1, 10.6, 7],
			"to": [5.9, 11.6, 9],
			"rotation": {"angle": -45, "axis": "z", "origin": [5, 10.6, 7]},
			"faces": {
				"north": {"uv": [3.5, 12, 3.875, 12.5], "texture": "#3"},
				"east": {"uv": [5.5, 11, 6.5, 11.5], "texture": "#3"},
				"south": {"uv": [12, 3.5, 12.375, 4], "texture": "#3"},
				"west": {"uv": [11, 6.5, 12, 7], "texture": "#3"},
				"up": {"uv": [5.875, 12.5, 5.5, 11.5], "texture": "#3"},
				"down": {"uv": [6.375, 11.5, 6, 12.5], "texture": "#3"}
			}
		},
		{
			"from": [10.6, 10.3, 7],
			"to": [11.4, 11.3, 9],
			"rotation": {"angle": 45, "axis": "z", "origin": [10.5, 9.3, 7]},
			"faces": {
				"north": {"uv": [4, 12, 4.375, 12.5], "texture": "#3"},
				"east": {"uv": [11, 7, 12, 7.5], "texture": "#3"},
				"south": {"uv": [4.5, 12, 4.875, 12.5], "texture": "#3"},
				"west": {"uv": [11, 7.5, 12, 8], "texture": "#3"},
				"up": {"uv": [7.375, 12.5, 7, 11.5], "texture": "#3"},
				"down": {"uv": [7.875, 11.5, 7.5, 12.5], "texture": "#3"}
			}
		},
		{
			"from": [9.6, 12.2, 7],
			"to": [11.6, 14, 9],
			"rotation": {"angle": 45, "axis": "z", "origin": [9.6, 12, 7]},
			"faces": {
				"north": {"uv": [2, 10.5, 3, 11.375], "texture": "#3"},
				"east": {"uv": [7, 10.5, 8, 11.375], "texture": "#3"},
				"south": {"uv": [11, 0, 12, 0.875], "texture": "#3"},
				"west": {"uv": [11, 1, 12, 1.875], "texture": "#3"},
				"up": {"uv": [11, 3, 10, 2], "texture": "#3"},
				"down": {"uv": [11, 3, 10, 4], "texture": "#3"}
			}
		},
		{
			"from": [3.7, 13.9, 7],
			"to": [5.7, 15.7, 9],
			"rotation": {"angle": -45, "axis": "z", "origin": [3.7, 12.7, 7]},
			"faces": {
				"north": {"uv": [11, 2, 12, 2.875], "texture": "#3"},
				"east": {"uv": [3, 11, 4, 11.875], "texture": "#3"},
				"south": {"uv": [11, 3, 12, 3.875], "texture": "#3"},
				"west": {"uv": [4, 11, 5, 11.875], "texture": "#3"},
				"up": {"uv": [11, 5, 10, 4], "texture": "#3"},
				"down": {"uv": [11, 5, 10, 6], "texture": "#3"}
			}
		},
		{
			"from": [4, 15.2, 7],
			"to": [4.7, 16.1, 9],
			"rotation": {"angle": -45, "axis": "z", "origin": [3.7, 14.1, 7]},
			"faces": {
				"north": {"uv": [6.5, 12, 6.875, 12.4375], "texture": "#3"},
				"east": {"uv": [8, 11, 9, 11.4375], "texture": "#3"},
				"south": {"uv": [12, 6.5, 12.375, 6.9375], "texture": "#3"},
				"west": {"uv": [9, 11, 10, 11.4375], "texture": "#3"},
				"up": {"uv": [8.375, 12.5, 8, 11.5], "texture": "#3"},
				"down": {"uv": [8.875, 11.5, 8.5, 12.5], "texture": "#3"}
			}
		},
		{
			"from": [11, 14.5, 7],
			"to": [11.7, 15.4, 9],
			"rotation": {"angle": 45, "axis": "z", "origin": [11, 13.4, 7]},
			"faces": {
				"north": {"uv": [12, 7, 12.375, 7.4375], "texture": "#3"},
				"east": {"uv": [10, 11, 11, 11.4375], "texture": "#3"},
				"south": {"uv": [12, 7.5, 12.375, 7.9375], "texture": "#3"},
				"west": {"uv": [11, 10, 12, 10.4375], "texture": "#3"},
				"up": {"uv": [9.375, 12.5, 9, 11.5], "texture": "#3"},
				"down": {"uv": [9.875, 11.5, 9.5, 12.5], "texture": "#3"}
			}
		},
		{
			"from": [6, 13.3, 7.5],
			"to": [9.3, 21.6, 8.6],
			"rotation": {"angle": 0, "axis": "y", "origin": [6.7, 13.3, 7]},
			"faces": {
				"north": {"uv": [4, 0, 5.625, 4.125], "texture": "#3"},
				"east": {"uv": [5, 6.5, 5.5625, 10.625], "texture": "#3"},
				"south": {"uv": [0, 4.5, 1.625, 8.625], "texture": "#3"},
				"west": {"uv": [7, 0, 7.5625, 4.125], "texture": "#3"},
				"up": {"uv": [11.625, 8.5625, 10, 8], "texture": "#3"},
				"down": {"uv": [10.625, 10, 9, 10.5625], "texture": "#3"}
			}
		},
		{
			"from": [5, 21.6, 7.5],
			"to": [8.3, 30, 8.6],
			"rotation": {"angle": 0, "axis": "y", "origin": [6, 23.6, 7]},
			"faces": {
				"north": {"uv": [0, 0, 1.625, 4.1875], "texture": "#3"},
				"east": {"uv": [3, 6.5, 3.5625, 10.6875], "texture": "#3"},
				"south": {"uv": [2, 0, 3.625, 4.1875], "texture": "#3"},
				"west": {"uv": [4, 6.5, 4.5625, 10.6875], "texture": "#3"},
				"up": {"uv": [11.625, 9.5625, 10, 9], "texture": "#3"},
				"down": {"uv": [1.625, 11, 0, 11.5625], "texture": "#3"}
			}
		},
		{
			"from": [3.4, 27.7, 7.6],
			"to": [6.7, 30.1, 8.5],
			"rotation": {"angle": -45, "axis": "z", "origin": [7.4, 28.1, 7]},
			"faces": {
				"north": {"uv": [8, 2, 9.625, 3.1875], "texture": "#3"},
				"east": {"uv": [5, 11, 5.4375, 12.1875], "texture": "#3"},
				"south": {"uv": [8, 3.5, 9.625, 4.6875], "texture": "#3"},
				"west": {"uv": [11, 5, 11.4375, 6.1875], "texture": "#3"},
				"up": {"uv": [12.625, 4.4375, 11, 4], "texture": "#3"},
				"down": {"uv": [12.625, 4.5, 11, 4.9375], "texture": "#3"}
			}
		},
		{
			"from": [6.4, 19.7, 7.6],
			"to": [7.4, 21.3, 8.5],
			"rotation": {"angle": 45, "axis": "z", "origin": [5.4, 19.7, 7]},
			"faces": {
				"north": {"uv": [6.5, 11, 7, 11.8125], "texture": "#3"},
				"east": {"uv": [0.5, 12, 0.9375, 12.8125], "texture": "#3"},
				"south": {"uv": [11.5, 5, 12, 5.8125], "texture": "#3"},
				"west": {"uv": [1, 12, 1.4375, 12.8125], "texture": "#3"},
				"up": {"uv": [3.5, 12.4375, 3, 12], "texture": "#3"},
				"down": {"uv": [12.5, 3, 12, 3.4375], "texture": "#3"}
			}
		},
		{
			"from": [8.4, 20.7, 7.6],
			"to": [9.5, 22.2, 8.5],
			"rotation": {"angle": 45, "axis": "z", "origin": [8.4, 20.9, 7]},
			"faces": {
				"north": {"uv": [11, 10.5, 11.5625, 11.25], "texture": "#3"},
				"east": {"uv": [12, 1, 12.4375, 1.75], "texture": "#3"},
				"south": {"uv": [2, 11.5, 2.5625, 12.25], "texture": "#3"},
				"west": {"uv": [1.5, 12, 1.9375, 12.75], "texture": "#3"},
				"up": {"uv": [12.5625, 2.4375, 12, 2], "texture": "#3"},
				"down": {"uv": [12.5625, 2.5, 12, 2.9375], "texture": "#3"}
			}
		},
		{
			"from": [10.1, 9.6, 7],
			"to": [10.9, 10, 9],
			"rotation": {"angle": 45, "axis": "z", "origin": [10, 8, 7]},
			"faces": {
				"north": {"uv": [12, 9, 12.375, 9.1875], "texture": "#3"},
				"east": {"uv": [12, 5, 13, 5.1875], "texture": "#3"},
				"south": {"uv": [12, 9.5, 12.375, 9.6875], "texture": "#3"},
				"west": {"uv": [12, 5.5, 13, 5.6875], "texture": "#3"},
				"up": {"uv": [10.375, 12.5, 10, 11.5], "texture": "#3"},
				"down": {"uv": [10.875, 11.5, 10.5, 12.5], "texture": "#3"}
			}
		},
		{
			"from": [5.9, 9.8, 7],
			"to": [6.7, 10.5, 9],
			"rotation": {"angle": -45, "axis": "z", "origin": [5.9, 9.8, 7]},
			"faces": {
				"north": {"uv": [12, 8, 12.375, 8.375], "texture": "#3"},
				"east": {"uv": [11.5, 6, 12.5, 6.375], "texture": "#3"},
				"south": {"uv": [12, 8.5, 12.375, 8.875], "texture": "#3"},
				"west": {"uv": [11, 11.5, 12, 11.875], "texture": "#3"},
				"up": {"uv": [0.375, 13, 0, 12], "texture": "#3"},
				"down": {"uv": [12.375, 0, 12, 1], "texture": "#3"}
			}
		}
	],
	"display": {
		"thirdperson_righthand": {
			"rotation": [0, -90, 0]
		},
		"thirdperson_lefthand": {
			"rotation": [0, -90, 0]
		},
		"firstperson_righthand": {
			"rotation": [0, -90, 0],
			"translation": [7.5, 0, -5.25]
		},
		"firstperson_lefthand": {
			"rotation": [0, -90, 0],
			"translation": [7.5, 0, -5.25]
		},
		"gui": {
			"rotation": [0, 20, 27],
			"translation": [1, -3.25, 0],
			"scale": [0.5, 0.5, 0.5]
		},
		"head": {
			"rotation": [0, -180, 0],
			"translation": [-0.25, 17.75, 0],
			"scale": [1.5, 1.5, 1.5]
		},
		"fixed": {
			"rotation": [-90, -180, 0],
			"translation": [0, 0, -15.5],
			"scale": [2, 2, 2]
		}
	}
}