{
	"credit": "Made with Blockbench",
	"texture_size": [32, 32],
	"textures": {
		"0": "item/custom/espadas/espadaferro",
		"particle": "item/custom/espadas/espadaferro"
	},
	"elements": [
		{
			"from": [7.43717, 0, 7.45],
			"to": [8.53717, 6, 8.55],
			"rotation": {"angle": 0, "axis": "y", "origin": [7.99358, 8.86266, 8]},
			"faces": {
				"north": {"uv": [1.5, 6, 2, 9], "texture": "#0"},
				"east": {"uv": [2, 6, 2.5, 9], "texture": "#0"},
				"south": {"uv": [0.5, 6, 1, 9], "texture": "#0"},
				"west": {"uv": [1, 6, 1.5, 9], "texture": "#0"},
				"up": {"uv": [4, 10, 3.5, 9.5], "rotation": 180, "texture": "#0"},
				"down": {"uv": [4.5, 9.5, 4, 10], "rotation": 180, "texture": "#0"}
			}
		},
		{
			"from": [7.48717, 5.2, 6.5],
			"to": [8.48717, 6.8, 9.5],
			"rotation": {"angle": 0, "axis": "y", "origin": [7.99358, 8.86266, 8]},
			"faces": {
				"north": {"uv": [5, 9, 5.5, 9.75], "texture": "#0"},
				"east": {"uv": [5, 6, 6.5, 6.75], "texture": "#0"},
				"south": {"uv": [4.5, 9, 5, 9.75], "texture": "#0"},
				"west": {"uv": [3.5, 6, 5, 6.75], "texture": "#0"},
				"up": {"uv": [4, 8.5, 3.5, 7], "rotation": 180, "texture": "#0"},
				"down": {"uv": [4.5, 7, 4, 8.5], "rotation": 180, "texture": "#0"}
			}
		},
		{
			"from": [7.38717, 5.3, 6.6],
			"to": [8.58717, 6.7, 9.4],
			"rotation": {"angle": 0, "axis": "y", "origin": [7.99358, 8.86266, 8]},
			"faces": {
				"north": {"uv": [1.5, 9, 2.125, 9.75], "texture": "#0"},
				"east": {"uv": [6.5, 1, 7.875, 1.75], "texture": "#0"},
				"south": {"uv": [9, 1, 9.625, 1.75], "texture": "#0"},
				"west": {"uv": [6.5, 0, 7.875, 0.75], "texture": "#0"},
				"up": {"uv": [7.125, 5.375, 6.5, 4], "rotation": 180, "texture": "#0"},
				"down": {"uv": [7.125, 5.5, 6.5, 6.875], "rotation": 180, "texture": "#0"}
			}
		},
		{
			"from": [7.28717, 4.7, 7.2],
			"to": [8.68717, 5.3, 8.8],
			"rotation": {"angle": 0, "axis": "y", "origin": [7.99358, 8.86266, 8]},
			"faces": {
				"north": {"uv": [9.5, 5, 10.25, 5.25], "texture": "#0"},
				"east": {"uv": [9.5, 5.5, 10.25, 5.75], "texture": "#0"},
				"south": {"uv": [9.5, 4, 10.25, 4.25], "texture": "#0"},
				"west": {"uv": [9.5, 4.5, 10.25, 4.75], "texture": "#0"},
				"up": {"uv": [6.25, 8.75, 5.5, 8], "rotation": 180, "texture": "#0"},
				"down": {"uv": [7.25, 8, 6.5, 8.75], "rotation": 180, "texture": "#0"}
			}
		},
		{
			"from": [7.58717, 4.90478, 7.98418],
			"to": [8.38717, 6.30478, 9.98418],
			"rotation": {"angle": -22.5, "axis": "x", "origin": [7.99358, 8.86266, 8]},
			"faces": {
				"north": {"uv": [9.5, 0, 9.875, 0.75], "texture": "#0"},
				"east": {"uv": [5.5, 7, 6.5, 7.75], "texture": "#0"},
				"south": {"uv": [9, 9, 9.375, 9.75], "texture": "#0"},
				"west": {"uv": [4.5, 7, 5.5, 7.75], "texture": "#0"},
				"up": {"uv": [5.875, 10, 5.5, 9], "rotation": 180, "texture": "#0"},
				"down": {"uv": [6.375, 9, 6, 10], "rotation": 180, "texture": "#0"}
			}
		},
		{
			"from": [7.48707, 5.00468, 8.18408],
			"to": [8.48727, 6.20488, 10.08428],
			"rotation": {"angle": -22.5, "axis": "x", "origin": [7.99358, 8.86266, 8]},
			"faces": {
				"north": {"uv": [8, 9, 8.5, 9.625], "texture": "#0"},
				"east": {"uv": [8, 0, 9, 0.625], "texture": "#0"},
				"south": {"uv": [7.5, 9, 8, 9.625], "texture": "#0"},
				"west": {"uv": [7.5, 7, 8.5, 7.625], "texture": "#0"},
				"up": {"uv": [9, 9, 8.5, 8], "rotation": 180, "texture": "#0"},
				"down": {"uv": [9.5, 0, 9, 1], "rotation": 180, "texture": "#0"}
			}
		},
		{
			"from": [7.58717, 4.90478, 6.01582],
			"to": [8.38717, 6.30478, 8.01582],
			"rotation": {"angle": 22.5, "axis": "x", "origin": [7.99358, 8.86266, 8]},
			"faces": {
				"north": {"uv": [9.375, 9, 9, 9.75], "texture": "#0"},
				"east": {"uv": [6.5, 7, 5.5, 7.75], "texture": "#0"},
				"south": {"uv": [9.875, 0, 9.5, 0.75], "texture": "#0"},
				"west": {"uv": [5.5, 7, 4.5, 7.75], "texture": "#0"},
				"up": {"uv": [5.875, 9, 5.5, 10], "rotation": 180, "texture": "#0"},
				"down": {"uv": [6.375, 10, 6, 9], "rotation": 180, "texture": "#0"}
			}
		},
		{
			"from": [7.48707, 5.00468, 5.91572],
			"to": [8.48727, 6.20488, 7.81592],
			"rotation": {"angle": 22.5, "axis": "x", "origin": [7.99358, 8.86266, 8]},
			"faces": {
				"north": {"uv": [8, 9, 7.5, 9.625], "texture": "#0"},
				"east": {"uv": [9, 0, 8, 0.625], "texture": "#0"},
				"south": {"uv": [8.5, 9, 8, 9.625], "texture": "#0"},
				"west": {"uv": [8.5, 7, 7.5, 7.625], "texture": "#0"},
				"up": {"uv": [9, 8, 8.5, 9], "rotation": 180, "texture": "#0"},
				"down": {"uv": [9.5, 1, 9, 0], "rotation": 180, "texture": "#0"}
			}
		},
		{
			"from": [7.1999, -0.84549, 7.1999],
			"to": [8.8001, 0.55471, 8.8001],
			"rotation": {"angle": 0, "axis": "y", "origin": [7.99358, 8.86266, 8]},
			"faces": {
				"north": {"uv": [8.5, 3, 9.25, 3.75], "texture": "#0"},
				"east": {"uv": [3.5, 8.5, 4.25, 9.25], "texture": "#0"},
				"south": {"uv": [7.5, 8, 8.25, 8.75], "texture": "#0"},
				"west": {"uv": [8.5, 2, 9.25, 2.75], "texture": "#0"},
				"up": {"uv": [9.25, 4.75, 8.5, 4], "rotation": 180, "texture": "#0"},
				"down": {"uv": [9.25, 5, 8.5, 5.75], "rotation": 180, "texture": "#0"}
			}
		},
		{
			"from": [7.3001, 1.4724, 0.60974],
			"to": [8.6999, 3.4722, 2.60954],
			"rotation": {"angle": -45, "axis": "x", "origin": [7.99358, 8.86266, 8]},
			"faces": {
				"north": {"uv": [7.5, 4, 8.25, 5], "texture": "#0"},
				"east": {"uv": [6.5, 3, 7.5, 4], "texture": "#0"},
				"south": {"uv": [7.5, 3, 8.25, 4], "texture": "#0"},
				"west": {"uv": [6.5, 2, 7.5, 3], "texture": "#0"},
				"up": {"uv": [8.25, 6, 7.5, 5], "rotation": 180, "texture": "#0"},
				"down": {"uv": [8.25, 6, 7.5, 7], "rotation": 180, "texture": "#0"}
			}
		},
		{
			"from": [7.68707, 5.9999, 7.1999],
			"to": [8.28727, 18.0001, 8.8001],
			"rotation": {"angle": 0, "axis": "y", "origin": [7.99358, 8.86266, 8]},
			"faces": {
				"north": {"uv": [3, 6, 3.25, 12], "texture": "#0"},
				"east": {"uv": [4, 0, 4.75, 6], "texture": "#0"},
				"south": {"uv": [2.5, 6, 2.75, 12], "texture": "#0"},
				"west": {"uv": [3, 0, 3.75, 6], "texture": "#0"},
				"up": {"uv": [9.75, 6.75, 9.5, 6], "rotation": 180, "texture": "#0"},
				"down": {"uv": [9.75, 7, 9.5, 7.75], "rotation": 180, "texture": "#0"}
			}
		},
		{
			"from": [7.98707, 5.9999, 6.8999],
			"to": [7.98727, 18.0001, 9.1001],
			"rotation": {"angle": 0, "axis": "y", "origin": [7.99358, 8.86266, 8]},
			"faces": {
				"north": {"uv": [0, 0, 0, 6], "texture": "#0"},
				"east": {"uv": [1.5, 0, 2.625, 6], "texture": "#0"},
				"south": {"uv": [0, 0, 0, 6], "texture": "#0"},
				"west": {"uv": [0, 0, 1.125, 6], "texture": "#0"},
				"up": {"uv": [0, 1.125, 0, 0], "rotation": 180, "texture": "#0"},
				"down": {"uv": [0, 0, 0, 1.125], "rotation": 180, "texture": "#0"}
			}
		},
		{
			"from": [7.98707, 16.9999, 7.3999],
			"to": [7.98727, 18.8001, 8.6001],
			"rotation": {"angle": 0, "axis": "y", "origin": [7.99358, 8.86266, 8]},
			"faces": {
				"north": {"uv": [0, 0, 0, 0.875], "texture": "#0"},
				"east": {"uv": [8.5, 7, 9.125, 7.875], "texture": "#0"},
				"south": {"uv": [0, 0, 0, 0.875], "texture": "#0"},
				"west": {"uv": [8.5, 6, 9.125, 6.875], "texture": "#0"},
				"up": {"uv": [0, 0.625, 0, 0], "rotation": 180, "texture": "#0"},
				"down": {"uv": [0, 0, 0, 0.625], "rotation": 180, "texture": "#0"}
			}
		},
		{
			"from": [7.58707, 6.4999, 7.6999],
			"to": [8.38727, 18.5001, 8.3001],
			"rotation": {"angle": 0, "axis": "y", "origin": [7.99358, 8.86266, 8]},
			"faces": {
				"north": {"uv": [5.5, 0, 5.875, 6], "texture": "#0"},
				"east": {"uv": [6, 0, 6.25, 6], "texture": "#0"},
				"south": {"uv": [5, 0, 5.375, 6], "texture": "#0"},
				"west": {"uv": [0, 6, 0.25, 12], "texture": "#0"},
				"up": {"uv": [9.875, 8.25, 9.5, 8], "rotation": 180, "texture": "#0"},
				"down": {"uv": [9.875, 8.5, 9.5, 8.75], "rotation": 180, "texture": "#0"}
			}
		}
	],
	"display": {
		"thirdperson_righthand": {
			"translation": [0, 3.25, 1.75]
		},
		"thirdperson_lefthand": {
			"translation": [0, 3.25, 1.75]
		},
		"firstperson_righthand": {
			"rotation": [0, 1.5, 0],
			"translation": [0, 4.25, 0]
		},
		"firstperson_lefthand": {
			"rotation": [0, 1.5, 0],
			"translation": [0, 4.25, 0]
		},
		"ground": {
			"translation": [0, 9.25, 0]
		},
		"gui": {
			"rotation": [-31.67, 25.89, 54.68],
			"translation": [0.25, -0.5, 0]
		},
		"head": {
			"rotation": [0, 90, 0],
			"translation": [0, 16, 0]
		},
		"fixed": {
			"rotation": [-90, 0, 0],
			"translation": [0, 0, -37.25],
			"scale": [4, 4, 4]
		}
	}
}