{
	"credit": "Made with Blockbench",
	"texture_size": [64, 64],
	"textures": {
		"0": "item/custom/espadas/EspadaGuerreiroBasico",
		"particle": "item/custom/espadas/EspadaGuerreiroBasico"
	},
	"elements": [
		{
			"from": [7.75, -1.75, 5.75],
			"to": [8, 25.25, 8.5],
			"rotation": {"angle": 0, "axis": "y", "origin": [-2, 8.25, 4]},
			"faces": {
				"north": {"uv": [5.25, 2.75, 5.375, 9.5], "texture": "#0"},
				"east": {"uv": [0, 0, 0.75, 6.75], "texture": "#0"},
				"south": {"uv": [1.5, 5.5, 1.625, 12.25], "texture": "#0"},
				"west": {"uv": [0.75, 0, 1.5, 6.75], "texture": "#0"},
				"up": {"uv": [7.625, 7.25, 7.5, 6.5], "texture": "#0"},
				"down": {"uv": [6.875, 7.5, 6.75, 8.25], "texture": "#0"}
			}
		},
		{
			"from": [6.75, -13, 5.25],
			"to": [9, -2.75, 9],
			"rotation": {"angle": 0, "axis": "y", "origin": [-2, 9, 4]},
			"faces": {
				"north": {"uv": [4.5, 0, 5.125, 2.625], "texture": "#0"},
				"east": {"uv": [1.5, 0, 2.5, 2.625], "texture": "#0"},
				"south": {"uv": [4.5, 2.75, 5.125, 5.375], "texture": "#0"},
				"west": {"uv": [2.5, 0, 3.5, 2.625], "texture": "#0"},
				"up": {"uv": [3.375, 6.5, 2.75, 5.5], "texture": "#0"},
				"down": {"uv": [6.125, 3.5, 5.5, 4.5], "texture": "#0"}
			}
		},
		{
			"from": [6.25, -16, 4.75],
			"to": [9.5, -13, 9.5],
			"rotation": {"angle": 0, "axis": "y", "origin": [-2, 6.75, 4]},
			"faces": {
				"north": {"uv": [1.75, 5.5, 2.625, 6.25], "texture": "#0"},
				"east": {"uv": [5.25, 1.25, 6.5, 2], "texture": "#0"},
				"south": {"uv": [5.5, 2.75, 6.375, 3.5], "texture": "#0"},
				"west": {"uv": [5.25, 2, 6.5, 2.75], "texture": "#0"},
				"up": {"uv": [4.375, 6.25, 3.5, 5], "texture": "#0"},
				"down": {"uv": [6.125, 0, 5.25, 1.25], "texture": "#0"}
			}
		},
		{
			"from": [7, -2.75, 5.25],
			"to": [8.75, -1.5, 9],
			"rotation": {"angle": 0, "axis": "y", "origin": [-2, 4.25, 4]},
			"faces": {
				"north": {"uv": [6.75, 4.5, 7.25, 4.875], "texture": "#0"},
				"east": {"uv": [6.5, 3, 7.5, 3.375], "texture": "#0"},
				"south": {"uv": [6.75, 5, 7.25, 5.375], "texture": "#0"},
				"west": {"uv": [5.5, 6.5, 6.5, 6.875], "texture": "#0"},
				"up": {"uv": [6.75, 1, 6.25, 0], "texture": "#0"},
				"down": {"uv": [2.25, 6.25, 1.75, 7.25], "texture": "#0"}
			}
		},
		{
			"from": [7, -2.75, 9],
			"to": [8.75, -1.5, 12.75],
			"rotation": {"angle": 0, "axis": "y", "origin": [-2, 4.25, 7.75]},
			"faces": {
				"north": {"uv": [6.75, 3.5, 7.25, 3.875], "texture": "#0"},
				"east": {"uv": [6.5, 2, 7.5, 2.375], "texture": "#0"},
				"south": {"uv": [6.75, 4, 7.25, 4.375], "texture": "#0"},
				"west": {"uv": [6.5, 2.5, 7.5, 2.875], "texture": "#0"},
				"up": {"uv": [6, 6.5, 5.5, 5.5], "texture": "#0"},
				"down": {"uv": [6.5, 5.5, 6, 6.5], "texture": "#0"}
			}
		},
		{
			"from": [7, -1.5, 10],
			"to": [8.75, -0.25, 13.75],
			"rotation": {"angle": 0, "axis": "y", "origin": [-2, 5.5, 8.75]},
			"faces": {
				"north": {"uv": [5.5, 7, 6, 7.375], "texture": "#0"},
				"east": {"uv": [6.5, 6.5, 7.5, 6.875], "texture": "#0"},
				"south": {"uv": [6, 7, 6.5, 7.375], "texture": "#0"},
				"west": {"uv": [0, 6.75, 1, 7.125], "texture": "#0"},
				"up": {"uv": [6.75, 4.5, 6.25, 3.5], "texture": "#0"},
				"down": {"uv": [4.5, 6.25, 4, 7.25], "texture": "#0"}
			}
		},
		{
			"from": [7, -0.25, 12.25],
			"to": [8.75, 1, 13.5],
			"rotation": {"angle": 0, "axis": "y", "origin": [-2, 6.75, 8.75]},
			"faces": {
				"north": {"uv": [0, 7.25, 0.5, 7.625], "texture": "#0"},
				"east": {"uv": [7.25, 4.5, 7.625, 4.875], "texture": "#0"},
				"south": {"uv": [0.5, 7.25, 1, 7.625], "texture": "#0"},
				"west": {"uv": [4.75, 7.25, 5.125, 7.625], "texture": "#0"},
				"up": {"uv": [2.25, 7.625, 1.75, 7.25], "texture": "#0"},
				"down": {"uv": [2.75, 7.25, 2.25, 7.625], "texture": "#0"}
			}
		},
		{
			"from": [7, -0.25, 0.75],
			"to": [8.75, 1, 2],
			"rotation": {"angle": 0, "axis": "y", "origin": [-2, 6.75, -3]},
			"faces": {
				"north": {"uv": [3.5, 7.25, 4, 7.625], "texture": "#0"},
				"east": {"uv": [7.25, 5, 7.625, 5.375], "texture": "#0"},
				"south": {"uv": [7.25, 3.5, 7.75, 3.875], "texture": "#0"},
				"west": {"uv": [1, 7.5, 1.375, 7.875], "texture": "#0"},
				"up": {"uv": [4.5, 7.625, 4, 7.25], "texture": "#0"},
				"down": {"uv": [7.75, 4, 7.25, 4.375], "texture": "#0"}
			}
		},
		{
			"from": [7, -2.75, 1.5],
			"to": [8.75, -1.5, 5.25],
			"rotation": {"angle": 0, "axis": "y", "origin": [-2, 4.25, 0.25]},
			"faces": {
				"north": {"uv": [7, 1, 7.5, 1.375], "texture": "#0"},
				"east": {"uv": [6.5, 5.5, 7.5, 5.875], "texture": "#0"},
				"south": {"uv": [7, 1.5, 7.5, 1.875], "texture": "#0"},
				"west": {"uv": [6.5, 6, 7.5, 6.375], "texture": "#0"},
				"up": {"uv": [2.75, 7.25, 2.25, 6.25], "texture": "#0"},
				"down": {"uv": [4, 6.25, 3.5, 7.25], "texture": "#0"}
			}
		},
		{
			"from": [7, -1.5, 0.5],
			"to": [8.75, -0.25, 4.25],
			"rotation": {"angle": 0, "axis": "y", "origin": [-2, 5.5, -0.75]},
			"faces": {
				"north": {"uv": [6.5, 7, 7, 7.375], "texture": "#0"},
				"east": {"uv": [6.75, 0, 7.75, 0.375], "texture": "#0"},
				"south": {"uv": [7, 7, 7.5, 7.375], "texture": "#0"},
				"west": {"uv": [6.75, 0.5, 7.75, 0.875], "texture": "#0"},
				"up": {"uv": [6.75, 5.5, 6.25, 4.5], "texture": "#0"},
				"down": {"uv": [7, 1, 6.5, 2], "texture": "#0"}
			}
		},
		{
			"from": [6.5, -14, 5.5],
			"to": [6.75, -3, 8.75],
			"rotation": {"angle": 0, "axis": "y", "origin": [-4.25, 9, 4]},
			"faces": {
				"north": {"uv": [2.75, 6.5, 2.875, 9.25], "texture": "#0"},
				"east": {"uv": [1.5, 2.75, 2.375, 5.5], "texture": "#0"},
				"south": {"uv": [3, 6.5, 3.125, 9.25], "texture": "#0"},
				"west": {"uv": [2.5, 2.75, 3.375, 5.5], "texture": "#0"},
				"up": {"uv": [5.625, 8.375, 5.5, 7.5], "texture": "#0"},
				"down": {"uv": [7.625, 5.5, 7.5, 6.375], "texture": "#0"}
			}
		},
		{
			"from": [9, -13, 5.5],
			"to": [9.25, -3, 8.75],
			"rotation": {"angle": 0, "axis": "y", "origin": [-1.75, 9, 4]},
			"faces": {
				"north": {"uv": [3.25, 6.5, 3.375, 9], "texture": "#0"},
				"east": {"uv": [3.5, 0, 4.375, 2.5], "texture": "#0"},
				"south": {"uv": [4.5, 6.5, 4.625, 9], "texture": "#0"},
				"west": {"uv": [3.5, 2.5, 4.375, 5], "texture": "#0"},
				"up": {"uv": [5.875, 8.375, 5.75, 7.5], "texture": "#0"},
				"down": {"uv": [6.125, 7.5, 6, 8.375], "texture": "#0"}
			}
		},
		{
			"from": [7.75, 25.25, 6],
			"to": [8, 28.5, 8.25],
			"rotation": {"angle": 0, "axis": "y", "origin": [-2, 26.25, 4]},
			"faces": {
				"north": {"uv": [7.5, 1, 7.625, 1.875], "texture": "#0"},
				"east": {"uv": [4.5, 5.5, 5.125, 6.375], "texture": "#0"},
				"south": {"uv": [7.5, 2, 7.625, 2.875], "texture": "#0"},
				"west": {"uv": [5.5, 4.5, 6.125, 5.375], "texture": "#0"},
				"up": {"uv": [7.125, 8.125, 7, 7.5], "texture": "#0"},
				"down": {"uv": [7.375, 7.5, 7.25, 8.125], "texture": "#0"}
			}
		},
		{
			"from": [7.75, 28.5, 6.5],
			"to": [8, 31.5, 7.75],
			"rotation": {"angle": 0, "axis": "y", "origin": [-2, 29.25, 4]},
			"faces": {
				"north": {"uv": [6.25, 7.5, 6.375, 8.25], "texture": "#0"},
				"east": {"uv": [4.75, 6.5, 5.125, 7.25], "texture": "#0"},
				"south": {"uv": [6.5, 7.5, 6.625, 8.25], "texture": "#0"},
				"west": {"uv": [1, 6.75, 1.375, 7.5], "texture": "#0"},
				"up": {"uv": [7.625, 3.375, 7.5, 3], "texture": "#0"},
				"down": {"uv": [7.625, 7.25, 7.5, 7.625], "texture": "#0"}
			}
		}
	],
	"display": {
		"thirdperson_righthand": {
			"rotation": [17, 0, 0],
			"translation": [0.5, 9.25, 5.5],
			"scale": [0.59, 0.8, 0.5]
		},
		"thirdperson_lefthand": {
			"rotation": [17, 0, 0],
			"translation": [0, 9.75, 5],
			"scale": [0.6, 0.8, 0.5]
		},
		"firstperson_righthand": {
			"rotation": [-26, 0, 0],
			"translation": [1, -1.25, 0]
		},
		"firstperson_lefthand": {
			"rotation": [-46, 0, 0]
		},
		"ground": {
			"rotation": [-93, 0, 0],
			"scale": [0.5, 0.5, 0.5]
		},
		"gui": {
			"rotation": [0, 95, 0],
			"scale": [0.5, 0.4, 0.5]
		},
		"head": {
			"rotation": [27, 69, -40],
			"translation": [0, -9.25, 3.25]
		},
		"fixed": {
			"rotation": [0, 91, 0],
			"scale": [0.5, 0.5, 0.5]
		}
	}
}