{
	"credit": "Made with Blockbench",
	"texture_size": [32, 32],
	"textures": {
		"0": "item/custom/espadas/leekhatsunemiku",
		"particle": "item/custom/espadas/leekhatsunemiku"
	},
	"elements": [
		{
			"from": [7.19994, -0.00006, 7.19994],
			"to": [8.80006, 13.00006, 8.80006],
			"rotation": {"angle": 0, "axis": "y", "origin": [7, 0, 7]},
			"faces": {
				"north": {"uv": [0, 0, 0.75, 6.5], "texture": "#0"},
				"east": {"uv": [1, 0, 1.75, 6.5], "texture": "#0"},
				"south": {"uv": [2, 0, 2.75, 6.5], "texture": "#0"},
				"west": {"uv": [3, 0, 3.75, 6.5], "texture": "#0"},
				"up": {"uv": [1.75, 7.25, 1, 6.5], "texture": "#0"},
				"down": {"uv": [2.75, 6.5, 2, 7.25], "texture": "#0"}
			}
		},
		{
			"from": [7.2998, 12.1998, 7.1998],
			"to": [8.9002, 20.2002, 8.8002],
			"rotation": {"angle": 22.5, "axis": "z", "origin": [7.1, 12.2, 7]},
			"faces": {
				"north": {"uv": [4, 0, 4.75, 4], "texture": "#0"},
				"east": {"uv": [4, 4, 4.75, 8], "texture": "#0"},
				"south": {"uv": [5, 0, 5.75, 4], "texture": "#0"},
				"west": {"uv": [5, 4, 5.75, 8], "texture": "#0"},
				"up": {"uv": [3.75, 7.25, 3, 6.5], "texture": "#0"},
				"down": {"uv": [7.75, 0, 7, 0.75], "texture": "#0"}
			}
		},
		{
			"from": [7.2997, 12.1997, 7.1997],
			"to": [8.9003, 18.2003, 8.8003],
			"rotation": {"angle": -22.5, "axis": "z", "origin": [7.1, 12.2, 7]},
			"faces": {
				"north": {"uv": [6, 0, 6.75, 3], "texture": "#0"},
				"east": {"uv": [6, 3, 6.75, 6], "texture": "#0"},
				"south": {"uv": [6, 6, 6.75, 9], "texture": "#0"},
				"west": {"uv": [0, 6.5, 0.75, 9.5], "texture": "#0"},
				"up": {"uv": [7.75, 1.75, 7, 1], "texture": "#0"},
				"down": {"uv": [7.75, 2, 7, 2.75], "texture": "#0"}
			}
		}
	],
	"display": {
		"thirdperson_righthand": {
			"rotation": [0, 90, 0],
			"translation": [0, 1.5, 1.5]
		},
		"thirdperson_lefthand": {
			"rotation": [0, 90, 0],
			"translation": [0, 1.5, 1.5]
		},
		"firstperson_righthand": {
			"rotation": [0, -89.5, 0],
			"translation": [0.75, 4, 0]
		},
		"firstperson_lefthand": {
			"rotation": [0, -89.5, 0],
			"translation": [0.75, 4, 0]
		},
		"ground": {
			"translation": [0, 4.75, 0]
		},
		"gui": {
			"rotation": [0, 0, 40.5],
			"translation": [2.25, -1.25, 0]
		},
		"head": {
			"rotation": [90, 0, 90],
			"translation": [0.5, 7, 0]
		},
		"fixed": {
			"rotation": [-90, 0, 0],
			"translation": [0, 0, -10.5],
			"scale": [1.5, 1.5, 1.5]
		}
	}
}