{
	"credit": "Made with Blockbench",
	"texture_size": [64, 64],
	"textures": {
		"0": "item/custom/espadas/mao",
		"particle": "item/custom/espadas/mao"
	},
	"elements": [
		{
			"from": [9, 0, 5],
			"to": [11, 5, 11],
			"rotation": {"angle": -22.5, "axis": "z", "origin": [9.5, 0.71194, 7.075]},
			"faces": {
				"north": {"uv": [6, 9.25, 6.5, 10.5], "texture": "#0"},
				"east": {"uv": [5, 1, 6.5, 2.25], "texture": "#0"},
				"south": {"uv": [9.25, 6.25, 9.75, 7.5], "texture": "#0"},
				"west": {"uv": [1.5, 5, 3, 6.25], "texture": "#0"},
				"up": {"uv": [5, 9.75, 4.5, 8.25], "texture": "#0"},
				"down": {"uv": [8, 8.5, 7.5, 10], "texture": "#0"}
			}
		},
		{
			"from": [10, 0, 7],
			"to": [12, 3, 9],
			"rotation": {"angle": -45, "axis": "z", "origin": [10.5, 0.71194, 7.075]},
			"faces": {
				"north": {"uv": [2.25, 10.25, 2.75, 11], "texture": "#0"},
				"east": {"uv": [10.25, 2.25, 10.75, 3], "texture": "#0"},
				"south": {"uv": [10.25, 3, 10.75, 3.75], "texture": "#0"},
				"west": {"uv": [10.25, 3.75, 10.75, 4.5], "texture": "#0"},
				"up": {"uv": [1.5, 6.25, 1, 5.75], "texture": "#0"},
				"down": {"uv": [7, 1.75, 6.5, 2.25], "texture": "#0"}
			}
		},
		{
			"from": [10, 0, 9.45],
			"to": [12, 3, 10.7],
			"rotation": {"angle": -45, "axis": "z", "origin": [10.5, 0.71194, 8.775]},
			"faces": {
				"north": {"uv": [10.25, 4.5, 10.75, 5.25], "texture": "#0"},
				"east": {"uv": [11.75, 10.25, 12.0625, 11], "texture": "#0"},
				"south": {"uv": [10.25, 5.25, 10.75, 6], "texture": "#0"},
				"west": {"uv": [11, 11.75, 11.3125, 12.5], "texture": "#0"},
				"up": {"uv": [12.75, 5.3125, 12.25, 5], "texture": "#0"},
				"down": {"uv": [6.25, 12.25, 5.75, 12.5625], "texture": "#0"}
			}
		},
		{
			"from": [10.83714, 1.63409, 5.2996],
			"to": [12.83794, 3.63489, 6.5504],
			"rotation": {"angle": 0, "axis": "y", "origin": [11.83754, 2.63449, 8]},
			"faces": {
				"north": {"uv": [7, 3, 7.5, 3.5], "texture": "#0"},
				"east": {"uv": [6.25, 12.25, 6.5625, 12.75], "texture": "#0"},
				"south": {"uv": [8, 11.5, 8.5, 12], "texture": "#0"},
				"west": {"uv": [6.75, 12.25, 7.0625, 12.75], "texture": "#0"},
				"up": {"uv": [12.75, 7.5625, 12.25, 7.25], "texture": "#0"},
				"down": {"uv": [12.75, 7.75, 12.25, 8.0625], "texture": "#0"}
			}
		},
		{
			"from": [10.83754, 1.63449, 7],
			"to": [12.83754, 3.63449, 9],
			"rotation": {"angle": 0, "axis": "y", "origin": [11.83754, 2.63449, 8]},
			"faces": {
				"north": {"uv": [8.5, 11.5, 9, 12], "texture": "#0"},
				"east": {"uv": [9, 11.5, 9.5, 12], "texture": "#0"},
				"south": {"uv": [10.5, 11.5, 11, 12], "texture": "#0"},
				"west": {"uv": [0, 11.75, 0.5, 12.25], "texture": "#0"},
				"up": {"uv": [12.25, 1, 11.75, 0.5], "texture": "#0"},
				"down": {"uv": [12.25, 1, 11.75, 1.5], "texture": "#0"}
			}
		},
		{
			"from": [10.83724, 1.63419, 9.4497],
			"to": [12.83784, 3.63479, 10.7003],
			"rotation": {"angle": 0, "axis": "y", "origin": [11.83754, 2.63449, 8]},
			"faces": {
				"north": {"uv": [1.5, 11.75, 2, 12.25], "texture": "#0"},
				"east": {"uv": [12.25, 8.75, 12.5625, 9.25], "texture": "#0"},
				"south": {"uv": [11.75, 1.5, 12.25, 2], "texture": "#0"},
				"west": {"uv": [12.25, 9.25, 12.5625, 9.75], "texture": "#0"},
				"up": {"uv": [12.75, 10.0625, 12.25, 9.75], "texture": "#0"},
				"down": {"uv": [12.75, 10.25, 12.25, 10.5625], "texture": "#0"}
			}
		},
		{
			"from": [10, 0, 5.3],
			"to": [12, 3, 6.55],
			"rotation": {"angle": -45, "axis": "z", "origin": [10.5, 0.71194, 7.225]},
			"faces": {
				"north": {"uv": [10.25, 6, 10.75, 6.75], "texture": "#0"},
				"east": {"uv": [11.75, 11, 12.0625, 11.75], "texture": "#0"},
				"south": {"uv": [10.25, 6.75, 10.75, 7.5], "texture": "#0"},
				"west": {"uv": [11.5, 11.75, 11.8125, 12.5], "texture": "#0"},
				"up": {"uv": [12.75, 11.0625, 12.25, 10.75], "texture": "#0"},
				"down": {"uv": [12.75, 11.25, 12.25, 11.5625], "texture": "#0"}
			}
		},
		{
			"from": [9, 4, 5.5],
			"to": [10.5, 20, 10.5],
			"rotation": {"angle": 0, "axis": "y", "origin": [9.5, 4.71194, 7.075]},
			"faces": {
				"north": {"uv": [5, 5.25, 5.375, 9.25], "texture": "#0"},
				"east": {"uv": [0, 0, 1.25, 4], "texture": "#0"},
				"south": {"uv": [5.5, 5.25, 5.875, 9.25], "texture": "#0"},
				"west": {"uv": [1.25, 0, 2.5, 4], "texture": "#0"},
				"up": {"uv": [10.375, 11.25, 10, 10], "texture": "#0"},
				"down": {"uv": [10.625, 0, 10.25, 1.25], "texture": "#0"}
			}
		},
		{
			"from": [8.75, 0.75, 5.75],
			"to": [9.5, 4.25, 10.25],
			"rotation": {"angle": -22.5, "axis": "z", "origin": [8.75, 2, 8]},
			"faces": {
				"north": {"uv": [12.25, 3, 12.4375, 3.875], "texture": "#0"},
				"east": {"uv": [7.5, 3, 8.625, 3.875], "texture": "#0"},
				"south": {"uv": [4.25, 12.25, 4.4375, 13.125], "texture": "#0"},
				"west": {"uv": [8, 4, 9.125, 4.875], "texture": "#0"},
				"up": {"uv": [7.6875, 13.125, 7.5, 12], "texture": "#0"},
				"down": {"uv": [7.9375, 12, 7.75, 13.125], "texture": "#0"}
			}
		},
		{
			"from": [7.16246, 0.63449, 11],
			"to": [9.16246, 4.63449, 13],
			"rotation": {"angle": -45, "axis": "z", "origin": [9.5, 0.71194, 8.925]},
			"faces": {
				"north": {"uv": [10.25, 7, 9.75, 8], "texture": "#0"},
				"east": {"uv": [10.25, 6, 9.75, 7], "texture": "#0"},
				"south": {"uv": [10.25, 5, 9.75, 6], "texture": "#0"},
				"west": {"uv": [10.25, 8, 9.75, 9], "texture": "#0"},
				"up": {"uv": [2.5, 11.75, 2, 12.25], "texture": "#0"},
				"down": {"uv": [12.25, 3, 11.75, 2.5], "texture": "#0"}
			}
		},
		{
			"from": [7.16224, -0.87674, 4.9995],
			"to": [10.16324, 1.12426, 6.5005],
			"rotation": {"angle": 0, "axis": "y", "origin": [8.08767, 0.50801, 7.95]},
			"faces": {
				"north": {"uv": [10.25, 7.5, 11, 8], "texture": "#0"},
				"east": {"uv": [8, 12, 8.375, 12.5], "texture": "#0"},
				"south": {"uv": [10.25, 8, 11, 8.5], "texture": "#0"},
				"west": {"uv": [12, 8.25, 12.375, 8.75], "texture": "#0"},
				"up": {"uv": [12, 7.125, 11.25, 6.75], "texture": "#0"},
				"down": {"uv": [12, 8.25, 11.25, 8.625], "texture": "#0"}
			}
		},
		{
			"from": [6.70341, -0.41692, 9.4],
			"to": [8.70341, 2.58308, 10.9],
			"rotation": {"angle": 22.5, "axis": "z", "origin": [8.08767, 0.50801, 7.95]},
			"faces": {
				"north": {"uv": [10.25, 8.5, 10.75, 9.25], "texture": "#0"},
				"east": {"uv": [11.25, 8.75, 11.625, 9.5], "texture": "#0"},
				"south": {"uv": [10.25, 9.25, 10.75, 10], "texture": "#0"},
				"west": {"uv": [11.25, 9.5, 11.625, 10.25], "texture": "#0"},
				"up": {"uv": [9, 12.375, 8.5, 12], "texture": "#0"},
				"down": {"uv": [9.5, 12, 9, 12.375], "texture": "#0"}
			}
		},
		{
			"from": [6.70341, -0.41692, 7.2],
			"to": [8.70341, 2.58308, 8.7],
			"rotation": {"angle": 22.5, "axis": "z", "origin": [8.08767, 0.50801, 7.95]},
			"faces": {
				"north": {"uv": [5.5, 10.5, 6, 11.25], "texture": "#0"},
				"east": {"uv": [9.75, 11.25, 10.125, 12], "texture": "#0"},
				"south": {"uv": [6, 10.5, 6.5, 11.25], "texture": "#0"},
				"west": {"uv": [11.25, 10.25, 11.625, 11], "texture": "#0"},
				"up": {"uv": [10.25, 12.375, 9.75, 12], "texture": "#0"},
				"down": {"uv": [11, 12, 10.5, 12.375], "texture": "#0"}
			}
		},
		{
			"from": [6.70341, -0.41692, 5],
			"to": [8.70341, 2.58308, 6.5],
			"rotation": {"angle": 22.5, "axis": "z", "origin": [8.08767, 0.50801, 7.95]},
			"faces": {
				"north": {"uv": [6.5, 10.5, 7, 11.25], "texture": "#0"},
				"east": {"uv": [11.25, 11, 11.625, 11.75], "texture": "#0"},
				"south": {"uv": [7, 10.5, 7.5, 11.25], "texture": "#0"},
				"west": {"uv": [0.5, 11.5, 0.875, 12.25], "texture": "#0"},
				"up": {"uv": [12.5, 12.125, 12, 11.75], "texture": "#0"},
				"down": {"uv": [0.5, 12.25, 0, 12.625], "texture": "#0"}
			}
		},
		{
			"from": [7.16274, -0.87624, 7.2],
			"to": [10.16274, 1.12376, 8.7],
			"rotation": {"angle": 0, "axis": "y", "origin": [8.08767, 0.50801, 7.95]},
			"faces": {
				"north": {"uv": [8, 10.5, 8.75, 11], "texture": "#0"},
				"east": {"uv": [12.25, 0, 12.625, 0.5], "texture": "#0"},
				"south": {"uv": [10.5, 10, 11.25, 10.5], "texture": "#0"},
				"west": {"uv": [0.5, 12.25, 0.875, 12.75], "texture": "#0"},
				"up": {"uv": [12.25, 0.375, 11.5, 0], "texture": "#0"},
				"down": {"uv": [3.5, 11.5, 2.75, 11.875], "texture": "#0"}
			}
		},
		{
			"from": [7.16224, -0.87674, 9.3995],
			"to": [10.16324, 1.12426, 10.9005],
			"rotation": {"angle": 0, "axis": "y", "origin": [8.08767, 0.50801, 7.95]},
			"faces": {
				"north": {"uv": [10.5, 10.5, 11.25, 11], "texture": "#0"},
				"east": {"uv": [12.25, 0.5, 12.625, 1], "texture": "#0"},
				"south": {"uv": [10.75, 0, 11.5, 0.5], "texture": "#0"},
				"west": {"uv": [12.25, 1, 12.625, 1.5], "texture": "#0"},
				"up": {"uv": [4.25, 11.875, 3.5, 11.5], "texture": "#0"},
				"down": {"uv": [8, 11.5, 7.25, 11.875], "texture": "#0"}
			}
		},
		{
			"from": [11.00015, 4.99633, 8.72762],
			"to": [13.00015, 9.99633, 11.72762],
			"rotation": {"angle": -22.5, "axis": "y", "origin": [12.00015, 7.49633, 10.22762]},
			"faces": {
				"north": {"uv": [6.5, 9.25, 7, 10.5], "texture": "#0"},
				"east": {"uv": [7.5, 8, 6.75, 9.25], "texture": "#0"},
				"south": {"uv": [7, 9.25, 7.5, 10.5], "texture": "#0"},
				"west": {"uv": [8, 6.5, 8.75, 7.75], "texture": "#0"},
				"up": {"uv": [1, 11.5, 0.5, 10.75], "texture": "#0"},
				"down": {"uv": [11.25, 0.5, 10.75, 1.25], "texture": "#0"}
			}
		},
		{
			"from": [11.49805, 5.99633, 6.77552],
			"to": [13.49805, 10.99633, 9.27552],
			"rotation": {"angle": 0, "axis": "y", "origin": [12.49805, 8.49633, 8.27552]},
			"faces": {
				"north": {"uv": [9.25, 7.5, 9.75, 8.75], "texture": "#0"},
				"east": {"uv": [3, 8.25, 3.625, 9.5], "texture": "#0"},
				"south": {"uv": [8.5, 9.25, 9, 10.5], "texture": "#0"},
				"west": {"uv": [3.75, 8.25, 4.375, 9.5], "texture": "#0"},
				"up": {"uv": [2.75, 11.625, 2.25, 11], "texture": "#0"},
				"down": {"uv": [4.75, 11, 4.25, 11.625], "texture": "#0"}
			}
		},
		{
			"from": [11.08364, 9.99613, 6.77532],
			"to": [13.08404, 11.99653, 9.27572],
			"rotation": {"angle": 45, "axis": "z", "origin": [12.08384, 10.99633, 8.02552]},
			"faces": {
				"north": {"uv": [11.75, 3, 12.25, 3.5], "texture": "#0"},
				"east": {"uv": [9, 11, 9.625, 11.5], "texture": "#0"},
				"south": {"uv": [11.75, 3.5, 12.25, 4], "texture": "#0"},
				"west": {"uv": [10.5, 11, 11.125, 11.5], "texture": "#0"},
				"up": {"uv": [11.75, 1.125, 11.25, 0.5], "texture": "#0"},
				"down": {"uv": [11.75, 1.25, 11.25, 1.875], "texture": "#0"}
			}
		},
		{
			"from": [11.49705, 5.39756, 7.20132],
			"to": [13.49905, 7.39956, 9.70332],
			"rotation": {"angle": 22.5, "axis": "x", "origin": [12.49805, 6.39856, 8.45232]},
			"faces": {
				"north": {"uv": [4.25, 11.75, 4.75, 12.25], "texture": "#0"},
				"east": {"uv": [1.5, 11.25, 2.125, 11.75], "texture": "#0"},
				"south": {"uv": [11.75, 5, 12.25, 5.5], "texture": "#0"},
				"west": {"uv": [11.25, 2, 11.875, 2.5], "texture": "#0"},
				"up": {"uv": [11.75, 3.125, 11.25, 2.5], "texture": "#0"},
				"down": {"uv": [11.75, 3.25, 11.25, 3.875], "texture": "#0"}
			}
		},
		{
			"from": [11.49605, 5.39656, 6.29568],
			"to": [13.50005, 7.40056, 8.79968],
			"rotation": {"angle": -22.5, "axis": "x", "origin": [12.49805, 6.39856, 7.54768]},
			"faces": {
				"north": {"uv": [5.75, 11.75, 6.25, 12.25], "texture": "#0"},
				"east": {"uv": [11.25, 4, 11.875, 4.5], "texture": "#0"},
				"south": {"uv": [6.25, 11.75, 6.75, 12.25], "texture": "#0"},
				"west": {"uv": [11.25, 4.5, 11.875, 5], "texture": "#0"},
				"up": {"uv": [11.75, 5.625, 11.25, 5], "texture": "#0"},
				"down": {"uv": [5.75, 11.25, 5.25, 11.875], "texture": "#0"}
			}
		},
		{
			"from": [11.74505, 5.39392, 6.92938],
			"to": [13.74905, 7.39792, 8.93338],
			"rotation": {"angle": -45, "axis": "x", "origin": [12.74705, 6.39592, 8.18138]},
			"faces": {
				"north": {"uv": [6.75, 11.75, 7.25, 12.25], "texture": "#0"},
				"east": {"uv": [11.75, 7.25, 12.25, 7.75], "texture": "#0"},
				"south": {"uv": [11.75, 7.75, 12.25, 8.25], "texture": "#0"},
				"west": {"uv": [11.75, 8.75, 12.25, 9.25], "texture": "#0"},
				"up": {"uv": [12.25, 9.75, 11.75, 9.25], "texture": "#0"},
				"down": {"uv": [12.25, 9.75, 11.75, 10.25], "texture": "#0"}
			}
		},
		{
			"from": [11.00015, 4.99633, 4.27238],
			"to": [13.00015, 9.99633, 7.27238],
			"rotation": {"angle": 22.5, "axis": "y", "origin": [12.00015, 7.49633, 5.77238]},
			"faces": {
				"north": {"uv": [9.25, 8.75, 9.75, 10], "texture": "#0"},
				"east": {"uv": [6.75, 8, 7.5, 9.25], "texture": "#0"},
				"south": {"uv": [0.75, 9.5, 1.25, 10.75], "texture": "#0"},
				"west": {"uv": [11, 7.75, 11.75, 8.1875], "texture": "#0"},
				"up": {"uv": [1.5, 11.5, 1, 10.75], "texture": "#0"},
				"down": {"uv": [11.25, 1.25, 10.75, 2], "texture": "#0"}
			}
		},
		{
			"from": [10.35, 5.78399, 9.69045],
			"to": [12.35, 7.55899, 12.69045],
			"rotation": {"angle": 45, "axis": "x", "origin": [11.35, 6.40899, 11.19045]},
			"faces": {
				"north": {"uv": [12, 2, 12.5, 2.4375], "texture": "#0"},
				"east": {"uv": [11.75, 7.75, 11, 8.1875], "texture": "#0"},
				"south": {"uv": [12, 5.5, 12.5, 5.9375], "texture": "#0"},
				"west": {"uv": [11, 7.75, 11.75, 8.1875], "texture": "#0"},
				"up": {"uv": [11.25, 2.75, 10.75, 2], "texture": "#0"},
				"down": {"uv": [3.25, 10.75, 2.75, 11.5], "texture": "#0"}
			}
		},
		{
			"from": [10.35, 5.78399, 3.30955],
			"to": [12.35, 7.55899, 6.30955],
			"rotation": {"angle": -45, "axis": "x", "origin": [11.35, 6.40899, 4.80955]},
			"faces": {
				"north": {"uv": [12, 6, 12.5, 6.4375], "texture": "#0"},
				"east": {"uv": [11, 7.75, 11.75, 8.1875], "texture": "#0"},
				"south": {"uv": [12, 6.5, 12.5, 6.9375], "texture": "#0"},
				"west": {"uv": [11.75, 7.75, 11, 8.1875], "texture": "#0"},
				"up": {"uv": [11.25, 3.5, 10.75, 2.75], "texture": "#0"},
				"down": {"uv": [3.75, 10.75, 3.25, 11.5], "texture": "#0"}
			}
		},
		{
			"from": [10.3495, 6.75176, 2.27366],
			"to": [12.3505, 9.65276, 7.64966],
			"rotation": {"angle": -22.5, "axis": "x", "origin": [11.35, 8.20226, 3.46166]},
			"faces": {
				"north": {"uv": [10.75, 3.5, 11.25, 4.25], "texture": "#0"},
				"east": {"uv": [6.5, 4.25, 7.875, 5], "texture": "#0"},
				"south": {"uv": [3.75, 10.75, 4.25, 11.5], "texture": "#0"},
				"west": {"uv": [7.875, 4.25, 6.5, 5], "texture": "#0"},
				"up": {"uv": [9.25, 3.875, 8.75, 2.5], "texture": "#0"},
				"down": {"uv": [9.25, 6.25, 8.75, 7.625], "texture": "#0"}
			}
		},
		{
			"from": [10.65, 8.5607, 2.08282],
			"to": [12.05, 10.4607, 4.45782],
			"rotation": {"angle": 22.5, "axis": "x", "origin": [11.35, 9.5107, 3.27032]},
			"faces": {
				"north": {"uv": [1.5, 12.25, 1.875, 12.75], "texture": "#0"},
				"east": {"uv": [5.75, 11.25, 6.375, 11.75], "texture": "#0"},
				"south": {"uv": [12.25, 1.5, 12.625, 2], "texture": "#0"},
				"west": {"uv": [6.375, 11.25, 5.75, 11.75], "texture": "#0"},
				"up": {"uv": [2.875, 12.625, 2.5, 12], "texture": "#0"},
				"down": {"uv": [3.375, 12, 3, 12.625], "texture": "#0"}
			}
		},
		{
			"from": [10.65, 8.5607, 11.54218],
			"to": [12.05, 10.4607, 13.91718],
			"rotation": {"angle": -22.5, "axis": "x", "origin": [11.35, 9.5107, 12.72968]},
			"faces": {
				"north": {"uv": [2, 12.25, 2.375, 12.75], "texture": "#0"},
				"east": {"uv": [6.375, 11.25, 5.75, 11.75], "texture": "#0"},
				"south": {"uv": [12.25, 2.5, 12.625, 3], "texture": "#0"},
				"west": {"uv": [5.75, 11.25, 6.375, 11.75], "texture": "#0"},
				"up": {"uv": [3.875, 12.625, 3.5, 12], "texture": "#0"},
				"down": {"uv": [12.375, 4, 12, 4.625], "texture": "#0"}
			}
		},
		{
			"from": [10.3495, 6.70449, 7.963],
			"to": [12.3505, 9.60549, 13.339],
			"rotation": {"angle": 22.5, "axis": "x", "origin": [11.35, 7.20499, 12.4635]},
			"faces": {
				"north": {"uv": [10.75, 4.25, 11.25, 5], "texture": "#0"},
				"east": {"uv": [7.875, 4.25, 6.5, 5], "texture": "#0"},
				"south": {"uv": [4.75, 10.75, 5.25, 11.5], "texture": "#0"},
				"west": {"uv": [6.5, 4.25, 7.875, 5], "texture": "#0"},
				"up": {"uv": [9.25, 9.125, 8.75, 7.75], "texture": "#0"},
				"down": {"uv": [8.5, 9, 8, 10.375], "texture": "#0"}
			}
		},
		{
			"from": [9.9, 10, 5],
			"to": [11.9, 13, 11],
			"rotation": {"angle": 0, "axis": "y", "origin": [11.9, 14, 7]},
			"faces": {
				"north": {"uv": [10.75, 5, 11.25, 5.75], "texture": "#0"},
				"east": {"uv": [6, 3.5, 7.5, 4.25], "texture": "#0"},
				"south": {"uv": [10.75, 5.75, 11.25, 6.5], "texture": "#0"},
				"west": {"uv": [6.5, 1, 8, 1.75], "texture": "#0"},
				"up": {"uv": [2.25, 10.25, 1.75, 8.75], "texture": "#0"},
				"down": {"uv": [2.75, 8.75, 2.25, 10.25], "texture": "#0"}
			}
		},
		{
			"from": [11.1521, 10.74686, 9.275],
			"to": [14.1521, 16.74686, 10.025],
			"rotation": {"angle": -22.5, "axis": "z", "origin": [12.1521, 14.24686, 9.65]},
			"faces": {
				"north": {"uv": [6, 6.5, 6.75, 8], "texture": "#0"},
				"east": {"uv": [10.25, 11.25, 10.4375, 12.75], "texture": "#0"},
				"south": {"uv": [3, 6.75, 3.75, 8.25], "texture": "#0"},
				"west": {"uv": [1, 11.5, 1.1875, 13], "texture": "#0"},
				"up": {"uv": [8.75, 2.9375, 8, 2.75], "texture": "#0"},
				"down": {"uv": [12.75, 12.25, 12, 12.4375], "texture": "#0"}
			}
		},
		{
			"from": [11.1521, 10.74686, 6.025],
			"to": [14.1521, 16.74686, 6.775],
			"rotation": {"angle": -22.5, "axis": "z", "origin": [12.1521, 14.24686, 6.4]},
			"faces": {
				"north": {"uv": [6.75, 6.5, 7.5, 8], "texture": "#0"},
				"east": {"uv": [1.25, 11.5, 1.4375, 13], "texture": "#0"},
				"south": {"uv": [0, 7, 0.75, 8.5], "texture": "#0"},
				"west": {"uv": [4.75, 11.5, 4.9375, 13], "texture": "#0"},
				"up": {"uv": [13.25, 2.1875, 12.5, 2], "texture": "#0"},
				"down": {"uv": [13.25, 2.25, 12.5, 2.4375], "texture": "#0"}
			}
		},
		{
			"from": [11.95231, 16.52802, 5.725],
			"to": [15.75231, 17.27802, 10.325],
			"rotation": {"angle": -22.5, "axis": "z", "origin": [13.25231, 16.90302, 7.525]},
			"faces": {
				"north": {"uv": [5, 2.25, 5.9375, 2.4375], "texture": "#0"},
				"east": {"uv": [12, 4.75, 13.125, 4.9375], "texture": "#0"},
				"south": {"uv": [7, 0.75, 7.9375, 0.9375], "texture": "#0"},
				"west": {"uv": [12, 7, 13.125, 7.1875], "texture": "#0"},
				"up": {"uv": [7.9375, 2.875, 7, 1.75], "texture": "#0"},
				"down": {"uv": [4.6875, 7, 3.75, 8.125], "texture": "#0"}
			}
		},
		{
			"from": [14.95231, 9.52802, 6.325],
			"to": [15.55231, 16.52802, 9.725],
			"rotation": {"angle": -22.5, "axis": "z", "origin": [13.25231, 16.90302, 7.525]},
			"faces": {
				"north": {"uv": [5.5, 12, 5.625, 13.75], "texture": "#0"},
				"east": {"uv": [3, 5, 3.875, 6.75], "texture": "#0"},
				"south": {"uv": [7.25, 12, 7.375, 13.75], "texture": "#0"},
				"west": {"uv": [4, 5.25, 4.875, 7], "texture": "#0"},
				"up": {"uv": [4.625, 13.125, 4.5, 12.25], "texture": "#0"},
				"down": {"uv": [5.125, 12.5, 5, 13.375], "texture": "#0"}
			}
		},
		{
			"from": [9.9, 13, 4],
			"to": [11.9, 18, 12],
			"rotation": {"angle": 0, "axis": "y", "origin": [11.9, 17, 7]},
			"faces": {
				"north": {"uv": [1.25, 9.5, 1.75, 10.75], "texture": "#0"},
				"east": {"uv": [2.5, 2.5, 4.5, 3.75], "texture": "#0"},
				"south": {"uv": [2.75, 9.5, 3.25, 10.75], "texture": "#0"},
				"west": {"uv": [2.5, 3.75, 4.5, 5], "texture": "#0"},
				"up": {"uv": [1.25, 9.5, 0.75, 7.5], "texture": "#0"},
				"down": {"uv": [1.75, 7.5, 1.25, 9.5], "texture": "#0"}
			}
		},
		{
			"from": [10.3995, 15.09569, 10.93884],
			"to": [12.4005, 20.09669, 14.93984],
			"rotation": {"angle": 45, "axis": "x", "origin": [11.4, 17.59619, 10.93934]},
			"faces": {
				"north": {"uv": [9.25, 5, 9.75, 6.25], "texture": "#0"},
				"east": {"uv": [0, 5.75, 1, 7], "texture": "#0"},
				"south": {"uv": [5.5, 9.25, 6, 10.5], "texture": "#0"},
				"west": {"uv": [1, 5.75, 0, 7], "texture": "#0"},
				"up": {"uv": [2, 5, 1.5, 4], "texture": "#0"},
				"down": {"uv": [2.5, 4, 2, 5], "texture": "#0"}
			}
		},
		{
			"from": [10.3998, 14.36376, 3.30691],
			"to": [12.4002, 19.36416, 12.70731],
			"rotation": {"angle": 0, "axis": "y", "origin": [11.4, 16.86396, 8.70711]},
			"faces": {
				"north": {"uv": [3.25, 9.5, 3.75, 10.75], "texture": "#0"},
				"east": {"uv": [2.5, 0, 4.875, 1.25], "texture": "#0"},
				"south": {"uv": [3.75, 9.5, 4.25, 10.75], "texture": "#0"},
				"west": {"uv": [2.5, 1.25, 4.875, 2.5], "texture": "#0"},
				"up": {"uv": [2.5, 8.625, 2, 6.25], "texture": "#0"},
				"down": {"uv": [3, 6.25, 2.5, 8.625], "texture": "#0"}
			}
		},
		{
			"from": [10.3998, 19.36376, 6.30691],
			"to": [12.4002, 19.61416, 9.70731],
			"rotation": {"angle": 0, "axis": "y", "origin": [11.4, 17.11396, 8.70711]},
			"faces": {
				"north": {"uv": [12.75, 1.25, 13.25, 1.3125], "texture": "#0"},
				"east": {"uv": [12.5, 4.5, 13.375, 4.5625], "texture": "#0"},
				"south": {"uv": [1.5, 12.75, 2, 12.8125], "texture": "#0"},
				"west": {"uv": [8.5, 12.5, 9.375, 12.5625], "texture": "#0"},
				"up": {"uv": [10.75, 2.125, 10.25, 1.25], "texture": "#0"},
				"down": {"uv": [2.25, 10.25, 1.75, 11.125], "texture": "#0"}
			}
		},
		{
			"from": [10.3993, 17.2872, 9.09631],
			"to": [12.4003, 21.6882, 11.84731],
			"rotation": {"angle": 45, "axis": "x", "origin": [11.3998, 19.4877, 9.47181]},
			"faces": {
				"north": {"uv": [9.75, 1.25, 10.25, 2.375], "texture": "#0"},
				"east": {"uv": [0, 8.5, 0.6875, 9.625], "texture": "#0"},
				"south": {"uv": [9.75, 2.5, 10.25, 3.625], "texture": "#0"},
				"west": {"uv": [8.5, 0, 9.1875, 1.125], "texture": "#0"},
				"up": {"uv": [11.25, 7.1875, 10.75, 6.5], "texture": "#0"},
				"down": {"uv": [11.25, 8.5, 10.75, 9.1875], "texture": "#0"}
			}
		},
		{
			"from": [10.3993, 17.2872, 4.15269],
			"to": [12.4003, 21.6882, 6.90369],
			"rotation": {"angle": -45, "axis": "x", "origin": [11.3998, 19.4877, 6.52819]},
			"faces": {
				"north": {"uv": [9.75, 3.75, 10.25, 4.875], "texture": "#0"},
				"east": {"uv": [8.5, 1.25, 9.1875, 2.375], "texture": "#0"},
				"south": {"uv": [4.25, 9.75, 4.75, 10.875], "texture": "#0"},
				"west": {"uv": [8.5, 5, 9.1875, 6.125], "texture": "#0"},
				"up": {"uv": [11.25, 9.9375, 10.75, 9.25], "texture": "#0"},
				"down": {"uv": [0.5, 11, 0, 11.6875], "texture": "#0"}
			}
		},
		{
			"from": [11.88505, 12.76829, 5.00711],
			"to": [13.63505, 19.11829, 11.00711],
			"rotation": {"angle": -22.5, "axis": "z", "origin": [12.63505, 17.31829, 8.00711]},
			"faces": {
				"north": {"uv": [9.25, 0, 9.6875, 1.5625], "texture": "#0"},
				"east": {"uv": [0, 4, 1.5, 5.5625], "texture": "#0"},
				"south": {"uv": [9.25, 1.75, 9.6875, 3.3125], "texture": "#0"},
				"west": {"uv": [4.5, 2.5, 6, 4.0625], "texture": "#0"},
				"up": {"uv": [9.6875, 5, 9.25, 3.5], "texture": "#0"},
				"down": {"uv": [5.4375, 9.25, 5, 10.75], "texture": "#0"}
			}
		},
		{
			"from": [10.3995, 15.09569, 1.06016],
			"to": [12.4005, 20.09669, 5.06116],
			"rotation": {"angle": -45, "axis": "x", "origin": [11.4, 17.59619, 5.06066]},
			"faces": {
				"north": {"uv": [0, 9.75, 0.5, 11], "texture": "#0"},
				"east": {"uv": [6, 5.25, 7, 6.5], "texture": "#0"},
				"south": {"uv": [9.75, 0, 10.25, 1.25], "texture": "#0"},
				"west": {"uv": [7, 5.25, 6, 6.5], "texture": "#0"},
				"up": {"uv": [10.25, 10, 9.75, 9], "texture": "#0"},
				"down": {"uv": [8, 10, 7.5, 11], "texture": "#0"}
			}
		},
		{
			"from": [10.9, 20.09619, 2.56066],
			"to": [11.9, 23.84619, 3.56066],
			"rotation": {"angle": -45, "axis": "x", "origin": [11.4, 17.59619, 5.06066]},
			"faces": {
				"north": {"uv": [4.75, 7, 5, 7.9375], "texture": "#0"},
				"east": {"uv": [1.75, 7.5, 2, 8.4375], "texture": "#0"},
				"south": {"uv": [0.5, 9.75, 0.75, 10.6875], "texture": "#0"},
				"west": {"uv": [4.75, 9.75, 5, 10.6875], "texture": "#0"},
				"up": {"uv": [4.25, 5.25, 4, 5], "texture": "#0"},
				"down": {"uv": [4.5, 5, 4.25, 5.25], "texture": "#0"}
			}
		},
		{
			"from": [10.7, 23.49619, 2.36066],
			"to": [12.1, 23.94619, 3.76066],
			"rotation": {"angle": -45, "axis": "x", "origin": [11.4, 17.59619, 5.06066]},
			"faces": {
				"north": {"uv": [7.5, 4, 7.875, 4.125], "texture": "#0"},
				"east": {"uv": [9.5, 12.5, 9.875, 12.625], "texture": "#0"},
				"south": {"uv": [10.5, 12.5, 10.875, 12.625], "texture": "#0"},
				"west": {"uv": [11, 12.5, 11.375, 12.625], "texture": "#0"},
				"up": {"uv": [12.875, 3.375, 12.5, 3], "texture": "#0"},
				"down": {"uv": [12.875, 3.5, 12.5, 3.875], "texture": "#0"}
			}
		},
		{
			"from": [10.7, 20.09619, 2.36066],
			"to": [12.1, 20.54619, 3.76066],
			"rotation": {"angle": -45, "axis": "x", "origin": [11.4, 17.59619, 5.06066]},
			"faces": {
				"north": {"uv": [11.5, 12.5, 11.875, 12.625], "texture": "#0"},
				"east": {"uv": [12.5, 11.75, 12.875, 11.875], "texture": "#0"},
				"south": {"uv": [12, 12.5, 12.375, 12.625], "texture": "#0"},
				"west": {"uv": [12.5, 12, 12.875, 12.125], "texture": "#0"},
				"up": {"uv": [12.875, 4.375, 12.5, 4], "texture": "#0"},
				"down": {"uv": [12.875, 5.5, 12.5, 5.875], "texture": "#0"}
			}
		},
		{
			"from": [10.7, 23.49619, 12.23934],
			"to": [12.1, 23.94619, 13.63934],
			"rotation": {"angle": 45, "axis": "x", "origin": [11.4, 17.59619, 10.93934]},
			"faces": {
				"north": {"uv": [0.5, 12.75, 0.875, 12.875], "texture": "#0"},
				"east": {"uv": [12.75, 0.5, 13.125, 0.625], "texture": "#0"},
				"south": {"uv": [12.75, 0.75, 13.125, 0.875], "texture": "#0"},
				"west": {"uv": [12.75, 1, 13.125, 1.125], "texture": "#0"},
				"up": {"uv": [8.375, 12.875, 8, 12.5], "texture": "#0"},
				"down": {"uv": [12.875, 8.25, 12.5, 8.625], "texture": "#0"}
			}
		},
		{
			"from": [10.9, 20.09619, 12.43934],
			"to": [11.9, 23.84619, 13.43934],
			"rotation": {"angle": 45, "axis": "x", "origin": [11.4, 17.59619, 10.93934]},
			"faces": {
				"north": {"uv": [5, 11.5, 5.25, 12.4375], "texture": "#0"},
				"east": {"uv": [9.5, 11.5, 9.75, 12.4375], "texture": "#0"},
				"south": {"uv": [4, 12, 4.25, 12.9375], "texture": "#0"},
				"west": {"uv": [5.25, 12, 5.5, 12.9375], "texture": "#0"},
				"up": {"uv": [6.75, 5.25, 6.5, 5], "texture": "#0"},
				"down": {"uv": [4, 6.75, 3.75, 7], "texture": "#0"}
			}
		},
		{
			"from": [10.7, 20.09619, 12.23934],
			"to": [12.1, 20.54619, 13.63934],
			"rotation": {"angle": 45, "axis": "x", "origin": [11.4, 17.59619, 10.93934]},
			"faces": {
				"north": {"uv": [12.5, 12.5, 12.875, 12.625], "texture": "#0"},
				"east": {"uv": [0, 12.75, 0.375, 12.875], "texture": "#0"},
				"south": {"uv": [12.75, 0, 13.125, 0.125], "texture": "#0"},
				"west": {"uv": [12.75, 0.25, 13.125, 0.375], "texture": "#0"},
				"up": {"uv": [12.875, 6.375, 12.5, 6], "texture": "#0"},
				"down": {"uv": [12.875, 6.5, 12.5, 6.875], "texture": "#0"}
			}
		},
		{
			"from": [8.9, 18, 4],
			"to": [10.9, 22, 12],
			"rotation": {"angle": 0, "axis": "y", "origin": [10.9, 17, 7]},
			"faces": {
				"north": {"uv": [9, 10, 9.5, 11], "texture": "#0"},
				"east": {"uv": [4.5, 4.25, 6.5, 5.25], "texture": "#0"},
				"south": {"uv": [9.5, 10, 10, 11], "texture": "#0"},
				"west": {"uv": [5, 0, 7, 1], "texture": "#0"},
				"up": {"uv": [8, 8.5, 7.5, 6.5], "texture": "#0"},
				"down": {"uv": [8.5, 0.75, 8, 2.75], "texture": "#0"}
			}
		}
	],
	"display": {
		"thirdperson_righthand": {
			"rotation": [86.5, 0, 0],
			"translation": [3.5, 0, 4.25]
		},
		"thirdperson_lefthand": {
			"rotation": [86.5, -180, 0],
			"translation": [2.75, 0, 4.25]
		},
		"firstperson_righthand": {
			"rotation": [136.96, 54.72, -42.65],
			"translation": [3, -1.5, 0.5]
		},
		"firstperson_lefthand": {
			"rotation": [-53.21, -58.21, -138.18],
			"translation": [2.25, 0, 0]
		},
		"ground": {
			"rotation": [-17.77, -16.17, 84.63]
		},
		"gui": {
			"rotation": [90, -46.5, 90]
		},
		"head": {
			"rotation": [0, 0, 99],
			"translation": [-4.25, 5.5, 0]
		},
		"fixed": {
			"rotation": [0, 90, 0],
			"translation": [0, 0, -2.75],
			"scale": [2, 2, 2]
		}
	}
}