{
	"credit": "Made with Blockbench",
	"texture_size": [64, 64],
	"textures": {
		"1": "item/custom/espadas/Moonrise",
		"particle": "item/custom/espadas/Moonrise"
	},
	"elements": [
		{
			"from": [7.375, -6.875, 7.4],
			"to": [8.475, -6, 8.425],
			"rotation": {"angle": 0, "axis": "y", "origin": [7, -10, 7]},
			"faces": {
				"north": {"uv": [0.5, 6.75, 0.78125, 6.96875], "texture": "#1"},
				"east": {"uv": [2.5, 6.75, 2.75, 6.96875], "texture": "#1"},
				"south": {"uv": [6.75, 0.5, 7.03125, 0.71875], "texture": "#1"},
				"west": {"uv": [6.75, 2.75, 7, 2.96875], "texture": "#1"},
				"up": {"uv": [6.53125, 1.5, 6.25, 1.25], "texture": "#1"},
				"down": {"uv": [6.53125, 2.5, 6.25, 2.75], "texture": "#1"}
			}
		},
		{
			"from": [7.375, -7.15, 6.925],
			"to": [8.475, -6.6, 7.525],
			"rotation": {"angle": 0, "axis": "y", "origin": [7, -10, 6]},
			"faces": {
				"north": {"uv": [7, 3.25, 7.28125, 3.375], "texture": "#1"},
				"east": {"uv": [0.5, 7.5, 0.65625, 7.625], "texture": "#1"},
				"south": {"uv": [7, 3.5, 7.28125, 3.625], "texture": "#1"},
				"west": {"uv": [7.5, 0.5, 7.65625, 0.625], "texture": "#1"},
				"up": {"uv": [7.28125, 2.40625, 7, 2.25], "texture": "#1"},
				"down": {"uv": [7.28125, 2.75, 7, 2.90625], "texture": "#1"}
			}
		},
		{
			"from": [7.4, -5.05, 5.175],
			"to": [8.45, -4.325, 5.65],
			"rotation": {"angle": 45, "axis": "x", "origin": [7, -7.825, 4.25]},
			"faces": {
				"north": {"uv": [7, 1.5, 7.25, 1.6875], "texture": "#1"},
				"east": {"uv": [7.25, 5, 7.375, 5.1875], "texture": "#1"},
				"south": {"uv": [7, 1.75, 7.25, 1.9375], "texture": "#1"},
				"west": {"uv": [7.25, 5.25, 7.375, 5.4375], "texture": "#1"},
				"up": {"uv": [7.25, 6.375, 7, 6.25], "texture": "#1"},
				"down": {"uv": [6.75, 7, 6.5, 7.125], "texture": "#1"}
			}
		},
		{
			"from": [7.4, -5.35, 4.925],
			"to": [8.45, -4.575, 5.4],
			"rotation": {"angle": 45, "axis": "x", "origin": [7, -8.075, 4]},
			"faces": {
				"north": {"uv": [7, 2, 7.25, 2.1875], "texture": "#1"},
				"east": {"uv": [5.5, 7.25, 5.625, 7.4375], "texture": "#1"},
				"south": {"uv": [2.25, 7, 2.5, 7.1875], "texture": "#1"},
				"west": {"uv": [7.25, 5.5, 7.375, 5.6875], "texture": "#1"},
				"up": {"uv": [7.25, 6.625, 7, 6.5], "texture": "#1"},
				"down": {"uv": [7, 7, 6.75, 7.125], "texture": "#1"}
			}
		},
		{
			"from": [7.575, -5.475, 5.925],
			"to": [8.275, -5.2, 6.425],
			"rotation": {"angle": 45, "axis": "x", "origin": [7, -8.2, 5]},
			"faces": {
				"north": {"uv": [8, 7.5, 8.1875, 7.5625], "texture": "#1"},
				"east": {"uv": [0, 8.75, 0.125, 8.8125], "texture": "#1"},
				"south": {"uv": [7.75, 8, 7.9375, 8.0625], "texture": "#1"},
				"west": {"uv": [8.75, 0, 8.875, 0.0625], "texture": "#1"},
				"up": {"uv": [7.4375, 5.875, 7.25, 5.75], "texture": "#1"},
				"down": {"uv": [6.1875, 7.25, 6, 7.375], "texture": "#1"}
			}
		},
		{
			"from": [7.75, -9.15, 8.075],
			"to": [8.025, -7.75, 8.325],
			"rotation": {"angle": 0, "axis": "y", "origin": [7, -11.375, 7]},
			"faces": {
				"north": {"uv": [7.25, 6.25, 7.3125, 6.59375], "texture": "#1"},
				"east": {"uv": [6.5, 7.25, 6.5625, 7.59375], "texture": "#1"},
				"south": {"uv": [6.75, 7.25, 6.8125, 7.59375], "texture": "#1"},
				"west": {"uv": [7.25, 6.75, 7.3125, 7.09375], "texture": "#1"},
				"up": {"uv": [9.0625, 6.5625, 9, 6.5], "texture": "#1"},
				"down": {"uv": [6.8125, 9, 6.75, 9.0625], "texture": "#1"}
			}
		},
		{
			"from": [7, -0.525, 7],
			"to": [9, -0.35, 9],
			"rotation": {"angle": 0, "axis": "x", "origin": [7, -3.275, 7]},
			"faces": {
				"north": {"uv": [7.5, 4, 8, 4.03125], "texture": "#1"},
				"east": {"uv": [4.25, 7.5, 4.75, 7.53125], "texture": "#1"},
				"south": {"uv": [7.5, 4.25, 8, 4.28125], "texture": "#1"},
				"west": {"uv": [7.5, 4.5, 8, 4.53125], "texture": "#1"},
				"up": {"uv": [4.5, 2.25, 4, 1.75], "texture": "#1"},
				"down": {"uv": [4.5, 2.25, 4, 2.75], "texture": "#1"}
			}
		},
		{
			"from": [7.1, -0.35, 7.25],
			"to": [8.85, -0.125, 8.8],
			"rotation": {"angle": 0, "axis": "x", "origin": [7, -3.275, 7]},
			"faces": {
				"north": {"uv": [7.25, 0.75, 7.6875, 0.8125], "texture": "#1"},
				"east": {"uv": [7.25, 4.75, 7.625, 4.8125], "texture": "#1"},
				"south": {"uv": [7.25, 1, 7.6875, 1.0625], "texture": "#1"},
				"west": {"uv": [5, 7.25, 5.375, 7.3125], "texture": "#1"},
				"up": {"uv": [5.6875, 1.875, 5.25, 1.5], "texture": "#1"},
				"down": {"uv": [5.6875, 2, 5.25, 2.375], "texture": "#1"}
			}
		},
		{
			"from": [7, -0.125, 7],
			"to": [9, 0.05, 9],
			"rotation": {"angle": 0, "axis": "x", "origin": [7, -3.275, 7]},
			"faces": {
				"north": {"uv": [4.75, 7.5, 5.25, 7.53125], "texture": "#1"},
				"east": {"uv": [7.5, 5, 8, 5.03125], "texture": "#1"},
				"south": {"uv": [5.25, 7.5, 5.75, 7.53125], "texture": "#1"},
				"west": {"uv": [7.5, 5.25, 8, 5.28125], "texture": "#1"},
				"up": {"uv": [4.5, 3.25, 4, 2.75], "texture": "#1"},
				"down": {"uv": [4.5, 3.25, 4, 3.75], "texture": "#1"}
			}
		},
		{
			"from": [7, 0.325, 7],
			"to": [9, 0.5, 9],
			"rotation": {"angle": 0, "axis": "x", "origin": [7, -3.275, 7]},
			"faces": {
				"north": {"uv": [7.5, 5.5, 8, 5.53125], "texture": "#1"},
				"east": {"uv": [5.75, 7.5, 6.25, 7.53125], "texture": "#1"},
				"south": {"uv": [7.5, 5.75, 8, 5.78125], "texture": "#1"},
				"west": {"uv": [7.5, 6, 8, 6.03125], "texture": "#1"},
				"up": {"uv": [4.5, 4.25, 4, 3.75], "texture": "#1"},
				"down": {"uv": [1.75, 4.25, 1.25, 4.75], "texture": "#1"}
			}
		},
		{
			"from": [7.1, 0.5, 7.175],
			"to": [8.875, 0.725, 8.875],
			"rotation": {"angle": 0, "axis": "x", "origin": [7, -3.275, 7]},
			"faces": {
				"north": {"uv": [2, 7.25, 2.4375, 7.3125], "texture": "#1"},
				"east": {"uv": [7.25, 2, 7.6875, 2.0625], "texture": "#1"},
				"south": {"uv": [7.25, 2.5, 7.6875, 2.5625], "texture": "#1"},
				"west": {"uv": [7.25, 3, 7.6875, 3.0625], "texture": "#1"},
				"up": {"uv": [1.6875, 5.1875, 1.25, 4.75], "texture": "#1"},
				"down": {"uv": [4.4375, 4.75, 4, 5.1875], "texture": "#1"}
			}
		},
		{
			"from": [7.425, -4, 7.4],
			"to": [8.525, -3, 8.425],
			"rotation": {"angle": 0, "axis": "y", "origin": [7, -10, 7]},
			"faces": {
				"north": {"uv": [0, 6.5, 0.28125, 6.75], "texture": "#1"},
				"east": {"uv": [0, 6.75, 0.25, 7], "texture": "#1"},
				"south": {"uv": [0.5, 6.5, 0.78125, 6.75], "texture": "#1"},
				"west": {"uv": [6.75, 0, 7, 0.25], "texture": "#1"},
				"up": {"uv": [6.78125, 1.75, 6.5, 1.5], "texture": "#1"},
				"down": {"uv": [6.78125, 1.75, 6.5, 2], "texture": "#1"}
			}
		},
		{
			"from": [7.5, -3, 7.475],
			"to": [8.45, -2, 8.375],
			"rotation": {"angle": 0, "axis": "y", "origin": [7, -10, 7]},
			"faces": {
				"north": {"uv": [0.25, 6.75, 0.5, 7], "texture": "#1"},
				"east": {"uv": [6.75, 3.5, 6.96875, 3.75], "texture": "#1"},
				"south": {"uv": [6.75, 0.25, 7, 0.5], "texture": "#1"},
				"west": {"uv": [6.75, 4.25, 6.96875, 4.5], "texture": "#1"},
				"up": {"uv": [4.75, 6.96875, 4.5, 6.75], "texture": "#1"},
				"down": {"uv": [7, 4.5, 6.75, 4.71875], "texture": "#1"}
			}
		},
		{
			"from": [7.425, -2, 7.4],
			"to": [8.525, -1, 8.425],
			"rotation": {"angle": 0, "axis": "y", "origin": [7, -10, 7]},
			"faces": {
				"north": {"uv": [6.25, 5, 6.53125, 5.25], "texture": "#1"},
				"east": {"uv": [6.5, 6, 6.75, 6.25], "texture": "#1"},
				"south": {"uv": [5.25, 6.25, 5.53125, 6.5], "texture": "#1"},
				"west": {"uv": [6.5, 6.5, 6.75, 6.75], "texture": "#1"},
				"up": {"uv": [6.03125, 6.5, 5.75, 6.25], "texture": "#1"},
				"down": {"uv": [6.53125, 6.25, 6.25, 6.5], "texture": "#1"}
			}
		},
		{
			"from": [7.5, -1, 7.5],
			"to": [8.45, -0.675, 8.35],
			"rotation": {"angle": 0, "axis": "y", "origin": [7, -10, 7]},
			"faces": {
				"north": {"uv": [7.25, 4.25, 7.5, 4.34375], "texture": "#1"},
				"east": {"uv": [7, 7.25, 7.21875, 7.34375], "texture": "#1"},
				"south": {"uv": [7.25, 4.5, 7.5, 4.59375], "texture": "#1"},
				"west": {"uv": [7.25, 7.25, 7.46875, 7.34375], "texture": "#1"},
				"up": {"uv": [7, 5.71875, 6.75, 5.5], "texture": "#1"},
				"down": {"uv": [6, 6.75, 5.75, 6.96875], "texture": "#1"}
			}
		},
		{
			"from": [7.2, -0.675, 7.5],
			"to": [8.775, -0.525, 8.35],
			"rotation": {"angle": 0, "axis": "y", "origin": [7, -10, 7]},
			"faces": {
				"north": {"uv": [7, 8, 7.40625, 8.03125], "texture": "#1"},
				"east": {"uv": [0.25, 8.75, 0.46875, 8.78125], "texture": "#1"},
				"south": {"uv": [8, 7, 8.40625, 7.03125], "texture": "#1"},
				"west": {"uv": [8.75, 0.25, 8.96875, 0.28125], "texture": "#1"},
				"up": {"uv": [6.40625, 6.21875, 6, 6], "texture": "#1"},
				"down": {"uv": [0.40625, 6.25, 0, 6.46875], "texture": "#1"}
			}
		},
		{
			"from": [6.5, -5.125, 7.125],
			"to": [6.85, -4.475, 7.425],
			"rotation": {"angle": -22.5, "axis": "z", "origin": [5.325, -9.125, 6]},
			"faces": {
				"north": {"uv": [7.5, 6.5, 7.59375, 6.65625], "texture": "#1"},
				"east": {"uv": [8, 7.75, 8.0625, 7.90625], "texture": "#1"},
				"south": {"uv": [7.5, 6.75, 7.59375, 6.90625], "texture": "#1"},
				"west": {"uv": [8, 8, 8.0625, 8.15625], "texture": "#1"},
				"up": {"uv": [0.84375, 8.8125, 0.75, 8.75], "texture": "#1"},
				"down": {"uv": [8.84375, 0.75, 8.75, 0.8125], "texture": "#1"}
			}
		},
		{
			"from": [9.825, -5.7, 7.125],
			"to": [10.15, -5.05, 7.425],
			"rotation": {"angle": 22.5, "axis": "z", "origin": [8.625, -9.675, 6]},
			"faces": {
				"north": {"uv": [7, 7.5, 7.09375, 7.65625], "texture": "#1"},
				"east": {"uv": [0, 8.25, 0.0625, 8.40625], "texture": "#1"},
				"south": {"uv": [7.5, 7, 7.59375, 7.15625], "texture": "#1"},
				"west": {"uv": [8.25, 0, 8.3125, 0.15625], "texture": "#1"},
				"up": {"uv": [1.09375, 8.8125, 1, 8.75], "texture": "#1"},
				"down": {"uv": [8.84375, 1, 8.75, 1.0625], "texture": "#1"}
			}
		},
		{
			"from": [6.275, -4.525, 7.125],
			"to": [6.6, -3.875, 7.425],
			"rotation": {"angle": -22.5, "axis": "z", "origin": [5.075, -8.5, 6]},
			"faces": {
				"north": {"uv": [7.25, 7.5, 7.34375, 7.65625], "texture": "#1"},
				"east": {"uv": [0.25, 8.25, 0.3125, 8.40625], "texture": "#1"},
				"south": {"uv": [7.5, 7.25, 7.59375, 7.40625], "texture": "#1"},
				"west": {"uv": [8.25, 0.25, 8.3125, 0.40625], "texture": "#1"},
				"up": {"uv": [1.34375, 8.8125, 1.25, 8.75], "texture": "#1"},
				"down": {"uv": [8.84375, 1.25, 8.75, 1.3125], "texture": "#1"}
			}
		},
		{
			"from": [6.275, -3.325, 7.125],
			"to": [6.6, -2.675, 7.425],
			"rotation": {"angle": -22.5, "axis": "z", "origin": [5.075, -7.3, 6]},
			"faces": {
				"north": {"uv": [7.75, 0.25, 7.84375, 0.40625], "texture": "#1"},
				"east": {"uv": [8.25, 1, 8.3125, 1.15625], "texture": "#1"},
				"south": {"uv": [0.5, 7.75, 0.59375, 7.90625], "texture": "#1"},
				"west": {"uv": [1.25, 8.25, 1.3125, 8.40625], "texture": "#1"},
				"up": {"uv": [2.09375, 8.8125, 2, 8.75], "texture": "#1"},
				"down": {"uv": [8.84375, 2, 8.75, 2.0625], "texture": "#1"}
			}
		},
		{
			"from": [9.825, -4.5, 7.125],
			"to": [10.15, -3.85, 7.425],
			"rotation": {"angle": 22.5, "axis": "z", "origin": [8.625, -8.475, 6]},
			"faces": {
				"north": {"uv": [7.75, 0, 7.84375, 0.15625], "texture": "#1"},
				"east": {"uv": [0.75, 8.25, 0.8125, 8.40625], "texture": "#1"},
				"south": {"uv": [0.25, 7.75, 0.34375, 7.90625], "texture": "#1"},
				"west": {"uv": [8.25, 0.75, 8.3125, 0.90625], "texture": "#1"},
				"up": {"uv": [1.84375, 8.8125, 1.75, 8.75], "texture": "#1"},
				"down": {"uv": [8.84375, 1.75, 8.75, 1.8125], "texture": "#1"}
			}
		},
		{
			"from": [6.5, -3.925, 7.125],
			"to": [6.85, -3.275, 7.425],
			"rotation": {"angle": -22.5, "axis": "z", "origin": [5.325, -7.925, 6]},
			"faces": {
				"north": {"uv": [7.5, 7.5, 7.59375, 7.65625], "texture": "#1"},
				"east": {"uv": [0.5, 8.25, 0.5625, 8.40625], "texture": "#1"},
				"south": {"uv": [0, 7.75, 0.09375, 7.90625], "texture": "#1"},
				"west": {"uv": [8.25, 0.5, 8.3125, 0.65625], "texture": "#1"},
				"up": {"uv": [1.59375, 8.8125, 1.5, 8.75], "texture": "#1"},
				"down": {"uv": [8.84375, 1.5, 8.75, 1.5625], "texture": "#1"}
			}
		},
		{
			"from": [6.275, -2.125, 7.125],
			"to": [6.6, -1.475, 7.425],
			"rotation": {"angle": -22.5, "axis": "z", "origin": [5.075, -6.1, 6]},
			"faces": {
				"north": {"uv": [1.25, 7.75, 1.34375, 7.90625], "texture": "#1"},
				"east": {"uv": [2, 8.25, 2.0625, 8.40625], "texture": "#1"},
				"south": {"uv": [7.75, 1.25, 7.84375, 1.40625], "texture": "#1"},
				"west": {"uv": [8.25, 2, 8.3125, 2.15625], "texture": "#1"},
				"up": {"uv": [2.84375, 8.8125, 2.75, 8.75], "texture": "#1"},
				"down": {"uv": [8.84375, 2.75, 8.75, 2.8125], "texture": "#1"}
			}
		},
		{
			"from": [9.825, -3.3, 7.125],
			"to": [10.15, -2.65, 7.425],
			"rotation": {"angle": 22.5, "axis": "z", "origin": [8.625, -7.275, 6]},
			"faces": {
				"north": {"uv": [7.75, 0.75, 7.84375, 0.90625], "texture": "#1"},
				"east": {"uv": [8.25, 1.5, 8.3125, 1.65625], "texture": "#1"},
				"south": {"uv": [7.75, 1, 7.84375, 1.15625], "texture": "#1"},
				"west": {"uv": [8.25, 1.75, 8.3125, 1.90625], "texture": "#1"},
				"up": {"uv": [2.59375, 8.8125, 2.5, 8.75], "texture": "#1"},
				"down": {"uv": [8.84375, 2.5, 8.75, 2.5625], "texture": "#1"}
			}
		},
		{
			"from": [6.5, -2.725, 7.125],
			"to": [6.85, -2.075, 7.425],
			"rotation": {"angle": -22.5, "axis": "z", "origin": [5.325, -6.725, 6]},
			"faces": {
				"north": {"uv": [7.75, 0.5, 7.84375, 0.65625], "texture": "#1"},
				"east": {"uv": [8.25, 1.25, 8.3125, 1.40625], "texture": "#1"},
				"south": {"uv": [0.75, 7.75, 0.84375, 7.90625], "texture": "#1"},
				"west": {"uv": [1.5, 8.25, 1.5625, 8.40625], "texture": "#1"},
				"up": {"uv": [2.34375, 8.8125, 2.25, 8.75], "texture": "#1"},
				"down": {"uv": [8.84375, 2.25, 8.75, 2.3125], "texture": "#1"}
			}
		},
		{
			"from": [6.275, -0.925, 7.125],
			"to": [6.6, -0.275, 7.425],
			"rotation": {"angle": -22.5, "axis": "z", "origin": [5.075, -4.9, 6]},
			"faces": {
				"north": {"uv": [7.75, 2, 7.84375, 2.15625], "texture": "#1"},
				"east": {"uv": [8.25, 2.75, 8.3125, 2.90625], "texture": "#1"},
				"south": {"uv": [2.25, 7.75, 2.34375, 7.90625], "texture": "#1"},
				"west": {"uv": [3, 8.25, 3.0625, 8.40625], "texture": "#1"},
				"up": {"uv": [8.84375, 3.5625, 8.75, 3.5], "texture": "#1"},
				"down": {"uv": [3.84375, 8.75, 3.75, 8.8125], "texture": "#1"}
			}
		},
		{
			"from": [9.825, -2.1, 7.125],
			"to": [10.15, -1.45, 7.425],
			"rotation": {"angle": 22.5, "axis": "z", "origin": [8.625, -6.075, 6]},
			"faces": {
				"north": {"uv": [7.75, 1.75, 7.84375, 1.90625], "texture": "#1"},
				"east": {"uv": [2.5, 8.25, 2.5625, 8.40625], "texture": "#1"},
				"south": {"uv": [2, 7.75, 2.09375, 7.90625], "texture": "#1"},
				"west": {"uv": [8.25, 2.5, 8.3125, 2.65625], "texture": "#1"},
				"up": {"uv": [3.34375, 8.8125, 3.25, 8.75], "texture": "#1"},
				"down": {"uv": [8.84375, 3.25, 8.75, 3.3125], "texture": "#1"}
			}
		},
		{
			"from": [6.5, -1.525, 7.125],
			"to": [6.85, -0.875, 7.425],
			"rotation": {"angle": -22.5, "axis": "z", "origin": [5.325, -5.525, 6]},
			"faces": {
				"north": {"uv": [1.5, 7.75, 1.59375, 7.90625], "texture": "#1"},
				"east": {"uv": [2.25, 8.25, 2.3125, 8.40625], "texture": "#1"},
				"south": {"uv": [7.75, 1.5, 7.84375, 1.65625], "texture": "#1"},
				"west": {"uv": [8.25, 2.25, 8.3125, 2.40625], "texture": "#1"},
				"up": {"uv": [3.09375, 8.8125, 3, 8.75], "texture": "#1"},
				"down": {"uv": [8.84375, 3, 8.75, 3.0625], "texture": "#1"}
			}
		},
		{
			"from": [9.825, -0.925, 7.125],
			"to": [10.15, -0.775, 7.425],
			"rotation": {"angle": 22.5, "axis": "z", "origin": [8.625, -4.9, 6]},
			"faces": {
				"north": {"uv": [7.75, 2.5, 7.84375, 2.65625], "texture": "#1"},
				"east": {"uv": [8.25, 3.25, 8.3125, 3.40625], "texture": "#1"},
				"south": {"uv": [7.75, 2.75, 7.84375, 2.90625], "texture": "#1"},
				"west": {"uv": [8.25, 3.5, 8.3125, 3.65625], "texture": "#1"},
				"up": {"uv": [8.84375, 4.0625, 8.75, 4], "texture": "#1"},
				"down": {"uv": [4.34375, 8.75, 4.25, 8.8125], "texture": "#1"}
			}
		},
		{
			"from": [6.5, -0.35, 7.125],
			"to": [6.85, 0.3, 7.425],
			"rotation": {"angle": -22.5, "axis": "z", "origin": [5.325, -4.35, 6]},
			"faces": {
				"north": {"uv": [7.75, 2.25, 7.84375, 2.40625], "texture": "#1"},
				"east": {"uv": [8.25, 3, 8.3125, 3.15625], "texture": "#1"},
				"south": {"uv": [2.5, 7.75, 2.59375, 7.90625], "texture": "#1"},
				"west": {"uv": [3.25, 8.25, 3.3125, 8.40625], "texture": "#1"},
				"up": {"uv": [8.84375, 3.8125, 8.75, 3.75], "texture": "#1"},
				"down": {"uv": [4.09375, 8.75, 4, 8.8125], "texture": "#1"}
			}
		},
		{
			"from": [6.275, -2.125, 8.425],
			"to": [6.6, -1.475, 8.725],
			"rotation": {"angle": -22.5, "axis": "z", "origin": [5.075, -6.1, 7.3]},
			"faces": {
				"north": {"uv": [8, 3, 8.09375, 3.15625], "texture": "#1"},
				"east": {"uv": [2, 8.5, 2.0625, 8.65625], "texture": "#1"},
				"south": {"uv": [3.25, 8, 3.34375, 8.15625], "texture": "#1"},
				"west": {"uv": [8.5, 2, 8.5625, 2.15625], "texture": "#1"},
				"up": {"uv": [2.09375, 9.0625, 2, 9], "texture": "#1"},
				"down": {"uv": [9.09375, 2, 9, 2.0625], "texture": "#1"}
			}
		},
		{
			"from": [6.5, -5.125, 8.425],
			"to": [6.85, -4.475, 8.725],
			"rotation": {"angle": -22.5, "axis": "z", "origin": [5.325, -9.125, 7.3]},
			"faces": {
				"north": {"uv": [8, 2.75, 8.09375, 2.90625], "texture": "#1"},
				"east": {"uv": [1.75, 8.5, 1.8125, 8.65625], "texture": "#1"},
				"south": {"uv": [3, 8, 3.09375, 8.15625], "texture": "#1"},
				"west": {"uv": [8.5, 1.75, 8.5625, 1.90625], "texture": "#1"},
				"up": {"uv": [1.84375, 9.0625, 1.75, 9], "texture": "#1"},
				"down": {"uv": [9.09375, 1.75, 9, 1.8125], "texture": "#1"}
			}
		},
		{
			"from": [9.825, -5.7, 8.425],
			"to": [10.15, -5.05, 8.725],
			"rotation": {"angle": 22.5, "axis": "z", "origin": [8.625, -9.675, 7.3]},
			"faces": {
				"north": {"uv": [2.5, 8, 2.59375, 8.15625], "texture": "#1"},
				"east": {"uv": [1.5, 8.5, 1.5625, 8.65625], "texture": "#1"},
				"south": {"uv": [8, 2.5, 8.09375, 2.65625], "texture": "#1"},
				"west": {"uv": [8.5, 1.5, 8.5625, 1.65625], "texture": "#1"},
				"up": {"uv": [1.59375, 9.0625, 1.5, 9], "texture": "#1"},
				"down": {"uv": [9.09375, 1.5, 9, 1.5625], "texture": "#1"}
			}
		},
		{
			"from": [6.375, -4.525, 8.5],
			"to": [6.5, -3.875, 8.65],
			"rotation": {"angle": -22.5, "axis": "z", "origin": [5.075, -8.5, 7.3]},
			"faces": {
				"north": {"uv": [9, 6, 9.03125, 6.15625], "texture": "#1"},
				"east": {"uv": [6.25, 9, 6.28125, 9.15625], "texture": "#1"},
				"south": {"uv": [9, 6.25, 9.03125, 6.40625], "texture": "#1"},
				"west": {"uv": [6.5, 9, 6.53125, 9.15625], "texture": "#1"},
				"up": {"uv": [9.03125, 7.28125, 9, 7.25], "texture": "#1"},
				"down": {"uv": [7.53125, 9, 7.5, 9.03125], "texture": "#1"}
			}
		},
		{
			"from": [7.525, -5, 7.475],
			"to": [8.425, -4, 8.35],
			"rotation": {"angle": 0, "axis": "y", "origin": [7, -10, 7]},
			"faces": {
				"north": {"uv": [4.75, 6.75, 4.96875, 7], "texture": "#1"},
				"east": {"uv": [6.75, 5, 6.96875, 5.25], "texture": "#1"},
				"south": {"uv": [6.75, 5.25, 6.96875, 5.5], "texture": "#1"},
				"west": {"uv": [5.5, 6.75, 5.71875, 7], "texture": "#1"},
				"up": {"uv": [6.71875, 6.96875, 6.5, 6.75], "texture": "#1"},
				"down": {"uv": [6.96875, 6.75, 6.75, 6.96875], "texture": "#1"}
			}
		},
		{
			"from": [6.5, -3.925, 8.425],
			"to": [6.85, -3.275, 8.725],
			"rotation": {"angle": -22.5, "axis": "z", "origin": [5.325, -7.925, 7.3]},
			"faces": {
				"north": {"uv": [2.25, 8, 2.34375, 8.15625], "texture": "#1"},
				"east": {"uv": [1.25, 8.5, 1.3125, 8.65625], "texture": "#1"},
				"south": {"uv": [8, 2.25, 8.09375, 2.40625], "texture": "#1"},
				"west": {"uv": [8.5, 1.25, 8.5625, 1.40625], "texture": "#1"},
				"up": {"uv": [1.34375, 9.0625, 1.25, 9], "texture": "#1"},
				"down": {"uv": [9.09375, 1.25, 9, 1.3125], "texture": "#1"}
			}
		},
		{
			"from": [9.825, -4.5, 8.425],
			"to": [10.15, -3.85, 8.725],
			"rotation": {"angle": 22.5, "axis": "z", "origin": [8.625, -8.475, 7.3]},
			"faces": {
				"north": {"uv": [2, 8, 2.09375, 8.15625], "texture": "#1"},
				"east": {"uv": [1, 8.5, 1.0625, 8.65625], "texture": "#1"},
				"south": {"uv": [8, 2, 8.09375, 2.15625], "texture": "#1"},
				"west": {"uv": [8.5, 1, 8.5625, 1.15625], "texture": "#1"},
				"up": {"uv": [1.09375, 9.0625, 1, 9], "texture": "#1"},
				"down": {"uv": [9.09375, 1, 9, 1.0625], "texture": "#1"}
			}
		},
		{
			"from": [6.5, -2.725, 8.425],
			"to": [6.85, -2.075, 8.725],
			"rotation": {"angle": -22.5, "axis": "z", "origin": [5.325, -6.725, 7.3]},
			"faces": {
				"north": {"uv": [8, 1.25, 8.09375, 1.40625], "texture": "#1"},
				"east": {"uv": [0.5, 8.5, 0.5625, 8.65625], "texture": "#1"},
				"south": {"uv": [1.5, 8, 1.59375, 8.15625], "texture": "#1"},
				"west": {"uv": [8.5, 0.5, 8.5625, 0.65625], "texture": "#1"},
				"up": {"uv": [0.59375, 9.0625, 0.5, 9], "texture": "#1"},
				"down": {"uv": [9.09375, 0.5, 9, 0.5625], "texture": "#1"}
			}
		},
		{
			"from": [9.825, -3.3, 8.425],
			"to": [10.15, -2.65, 8.725],
			"rotation": {"angle": 22.5, "axis": "z", "origin": [8.625, -7.275, 7.3]},
			"faces": {
				"north": {"uv": [8, 1, 8.09375, 1.15625], "texture": "#1"},
				"east": {"uv": [0.25, 8.5, 0.3125, 8.65625], "texture": "#1"},
				"south": {"uv": [1.25, 8, 1.34375, 8.15625], "texture": "#1"},
				"west": {"uv": [8.5, 0.25, 8.5625, 0.40625], "texture": "#1"},
				"up": {"uv": [0.34375, 9.0625, 0.25, 9], "texture": "#1"},
				"down": {"uv": [9.09375, 0.25, 9, 0.3125], "texture": "#1"}
			}
		},
		{
			"from": [6.5, -1.525, 8.425],
			"to": [6.85, -0.875, 8.725],
			"rotation": {"angle": -22.5, "axis": "z", "origin": [5.325, -5.525, 7.3]},
			"faces": {
				"north": {"uv": [0.75, 8, 0.84375, 8.15625], "texture": "#1"},
				"east": {"uv": [0, 8.5, 0.0625, 8.65625], "texture": "#1"},
				"south": {"uv": [8, 0.75, 8.09375, 0.90625], "texture": "#1"},
				"west": {"uv": [8.5, 0, 8.5625, 0.15625], "texture": "#1"},
				"up": {"uv": [0.09375, 9.0625, 0, 9], "texture": "#1"},
				"down": {"uv": [9.09375, 0, 9, 0.0625], "texture": "#1"}
			}
		},
		{
			"from": [9.825, -2.1, 8.425],
			"to": [10.15, -1.45, 8.725],
			"rotation": {"angle": 22.5, "axis": "z", "origin": [8.625, -6.075, 7.3]},
			"faces": {
				"north": {"uv": [0.5, 8, 0.59375, 8.15625], "texture": "#1"},
				"east": {"uv": [8.25, 8, 8.3125, 8.15625], "texture": "#1"},
				"south": {"uv": [8, 0.5, 8.09375, 0.65625], "texture": "#1"},
				"west": {"uv": [8.25, 8.25, 8.3125, 8.40625], "texture": "#1"},
				"up": {"uv": [8.84375, 8.5625, 8.75, 8.5], "texture": "#1"},
				"down": {"uv": [8.84375, 8.75, 8.75, 8.8125], "texture": "#1"}
			}
		},
		{
			"from": [6.275, -0.925, 8.425],
			"to": [6.6, -0.275, 8.725],
			"rotation": {"angle": -22.5, "axis": "z", "origin": [5.075, -4.9, 7.3]},
			"faces": {
				"north": {"uv": [0.25, 8, 0.34375, 8.15625], "texture": "#1"},
				"east": {"uv": [8.25, 7.75, 8.3125, 7.90625], "texture": "#1"},
				"south": {"uv": [8, 0.25, 8.09375, 0.40625], "texture": "#1"},
				"west": {"uv": [8, 8.25, 8.0625, 8.40625], "texture": "#1"},
				"up": {"uv": [8.84375, 8.3125, 8.75, 8.25], "texture": "#1"},
				"down": {"uv": [8.59375, 8.75, 8.5, 8.8125], "texture": "#1"}
			}
		},
		{
			"from": [6.275, -4.525, 8.425],
			"to": [6.6, -3.875, 8.725],
			"rotation": {"angle": -22.5, "axis": "z", "origin": [5.075, -8.5, 7.3]},
			"faces": {
				"north": {"uv": [6, 8, 6.09375, 8.15625], "texture": "#1"},
				"east": {"uv": [8.5, 4.75, 8.5625, 4.90625], "texture": "#1"},
				"south": {"uv": [8, 6, 8.09375, 6.15625], "texture": "#1"},
				"west": {"uv": [5, 8.5, 5.0625, 8.65625], "texture": "#1"},
				"up": {"uv": [9.09375, 4.8125, 9, 4.75], "texture": "#1"},
				"down": {"uv": [5.09375, 9, 5, 9.0625], "texture": "#1"}
			}
		},
		{
			"from": [6.5, -0.35, 8.425],
			"to": [6.85, 0.3, 8.725],
			"rotation": {"angle": -22.5, "axis": "z", "origin": [5.325, -4.35, 7.3]},
			"faces": {
				"north": {"uv": [3.75, 8, 3.84375, 8.15625], "texture": "#1"},
				"east": {"uv": [2.5, 8.5, 2.5625, 8.65625], "texture": "#1"},
				"south": {"uv": [8, 3.75, 8.09375, 3.90625], "texture": "#1"},
				"west": {"uv": [8.5, 2.5, 8.5625, 2.65625], "texture": "#1"},
				"up": {"uv": [2.59375, 9.0625, 2.5, 9], "texture": "#1"},
				"down": {"uv": [9.09375, 2.5, 9, 2.5625], "texture": "#1"}
			}
		},
		{
			"from": [9.825, -0.925, 8.425],
			"to": [10.15, -0.275, 8.725],
			"rotation": {"angle": 22.5, "axis": "z", "origin": [8.625, -4.9, 7.3]},
			"faces": {
				"north": {"uv": [8, 3.25, 8.09375, 3.40625], "texture": "#1"},
				"east": {"uv": [2.25, 8.5, 2.3125, 8.65625], "texture": "#1"},
				"south": {"uv": [8, 3.5, 8.09375, 3.65625], "texture": "#1"},
				"west": {"uv": [8.5, 2.25, 8.5625, 2.40625], "texture": "#1"},
				"up": {"uv": [2.34375, 9.0625, 2.25, 9], "texture": "#1"},
				"down": {"uv": [9.09375, 2.25, 9, 2.3125], "texture": "#1"}
			}
		},
		{
			"from": [6.275, -5.125, 8.125],
			"to": [6.625, -4.475, 8.425],
			"rotation": {"angle": -22.5, "axis": "z", "origin": [5.1, -9.125, 7]},
			"faces": {
				"north": {"uv": [7.75, 7.25, 7.84375, 7.40625], "texture": "#1"},
				"east": {"uv": [7, 8.25, 7.0625, 8.40625], "texture": "#1"},
				"south": {"uv": [7.5, 7.75, 7.59375, 7.90625], "texture": "#1"},
				"west": {"uv": [7.25, 8.25, 7.3125, 8.40625], "texture": "#1"},
				"up": {"uv": [8.84375, 7.5625, 8.75, 7.5], "texture": "#1"},
				"down": {"uv": [7.84375, 8.75, 7.75, 8.8125], "texture": "#1"}
			}
		},
		{
			"from": [9.6, -5.7, 8.125],
			"to": [9.925, -5.05, 8.425],
			"rotation": {"angle": 22.5, "axis": "z", "origin": [8.4, -9.675, 7]},
			"faces": {
				"north": {"uv": [7.75, 7, 7.84375, 7.15625], "texture": "#1"},
				"east": {"uv": [6.75, 8.25, 6.8125, 8.40625], "texture": "#1"},
				"south": {"uv": [7.25, 7.75, 7.34375, 7.90625], "texture": "#1"},
				"west": {"uv": [8.25, 6.75, 8.3125, 6.90625], "texture": "#1"},
				"up": {"uv": [8.84375, 7.3125, 8.75, 7.25], "texture": "#1"},
				"down": {"uv": [7.59375, 8.75, 7.5, 8.8125], "texture": "#1"}
			}
		},
		{
			"from": [6.05, -4.525, 8.125],
			"to": [6.375, -3.875, 8.425],
			"rotation": {"angle": -22.5, "axis": "z", "origin": [4.85, -8.5, 7]},
			"faces": {
				"north": {"uv": [7.75, 6.75, 7.84375, 6.90625], "texture": "#1"},
				"east": {"uv": [6.5, 8.25, 6.5625, 8.40625], "texture": "#1"},
				"south": {"uv": [7, 7.75, 7.09375, 7.90625], "texture": "#1"},
				"west": {"uv": [8.25, 6.5, 8.3125, 6.65625], "texture": "#1"},
				"up": {"uv": [8.84375, 7.0625, 8.75, 7], "texture": "#1"},
				"down": {"uv": [7.34375, 8.75, 7.25, 8.8125], "texture": "#1"}
			}
		},
		{
			"from": [6.275, -3.925, 8.125],
			"to": [6.625, -3.275, 8.425],
			"rotation": {"angle": -22.5, "axis": "z", "origin": [5.1, -7.925, 7]},
			"faces": {
				"north": {"uv": [7.75, 6.5, 7.84375, 6.65625], "texture": "#1"},
				"east": {"uv": [6.25, 8.25, 6.3125, 8.40625], "texture": "#1"},
				"south": {"uv": [6.75, 7.75, 6.84375, 7.90625], "texture": "#1"},
				"west": {"uv": [8.25, 6.25, 8.3125, 6.40625], "texture": "#1"},
				"up": {"uv": [8.84375, 6.8125, 8.75, 6.75], "texture": "#1"},
				"down": {"uv": [7.09375, 8.75, 7, 8.8125], "texture": "#1"}
			}
		},
		{
			"from": [9.6, -4.5, 8.125],
			"to": [9.925, -3.85, 8.425],
			"rotation": {"angle": 22.5, "axis": "z", "origin": [8.4, -8.475, 7]},
			"faces": {
				"north": {"uv": [7.75, 6.25, 7.84375, 6.40625], "texture": "#1"},
				"east": {"uv": [6, 8.25, 6.0625, 8.40625], "texture": "#1"},
				"south": {"uv": [6.5, 7.75, 6.59375, 7.90625], "texture": "#1"},
				"west": {"uv": [8.25, 6, 8.3125, 6.15625], "texture": "#1"},
				"up": {"uv": [8.84375, 6.5625, 8.75, 6.5], "texture": "#1"},
				"down": {"uv": [6.84375, 8.75, 6.75, 8.8125], "texture": "#1"}
			}
		},
		{
			"from": [6.05, -3.325, 8.125],
			"to": [6.375, -2.675, 8.425],
			"rotation": {"angle": -22.5, "axis": "z", "origin": [4.85, -7.3, 7]},
			"faces": {
				"north": {"uv": [5.5, 7.75, 5.59375, 7.90625], "texture": "#1"},
				"east": {"uv": [5.5, 8.25, 5.5625, 8.40625], "texture": "#1"},
				"south": {"uv": [5.75, 7.75, 5.84375, 7.90625], "texture": "#1"},
				"west": {"uv": [8.25, 5.5, 8.3125, 5.65625], "texture": "#1"},
				"up": {"uv": [8.84375, 6.0625, 8.75, 6], "texture": "#1"},
				"down": {"uv": [6.34375, 8.75, 6.25, 8.8125], "texture": "#1"}
			}
		},
		{
			"from": [6.05, -2.125, 8.125],
			"to": [6.375, -1.475, 8.425],
			"rotation": {"angle": -22.5, "axis": "z", "origin": [4.85, -6.1, 7]},
			"faces": {
				"north": {"uv": [5, 7.75, 5.09375, 7.90625], "texture": "#1"},
				"east": {"uv": [5.25, 8.25, 5.3125, 8.40625], "texture": "#1"},
				"south": {"uv": [5.25, 7.75, 5.34375, 7.90625], "texture": "#1"},
				"west": {"uv": [8.25, 5.25, 8.3125, 5.40625], "texture": "#1"},
				"up": {"uv": [8.84375, 5.8125, 8.75, 5.75], "texture": "#1"},
				"down": {"uv": [6.09375, 8.75, 6, 8.8125], "texture": "#1"}
			}
		},
		{
			"from": [6.275, -1.525, 8.125],
			"to": [6.625, -0.875, 8.425],
			"rotation": {"angle": -22.5, "axis": "z", "origin": [5.1, -5.525, 7]},
			"faces": {
				"north": {"uv": [4.25, 7.75, 4.34375, 7.90625], "texture": "#1"},
				"east": {"uv": [4.75, 8.25, 4.8125, 8.40625], "texture": "#1"},
				"south": {"uv": [4.5, 7.75, 4.59375, 7.90625], "texture": "#1"},
				"west": {"uv": [8.25, 4.75, 8.3125, 4.90625], "texture": "#1"},
				"up": {"uv": [8.84375, 5.3125, 8.75, 5.25], "texture": "#1"},
				"down": {"uv": [5.59375, 8.75, 5.5, 8.8125], "texture": "#1"}
			}
		},
		{
			"from": [6.275, -0.35, 8.125],
			"to": [6.625, 0.3, 8.425],
			"rotation": {"angle": -22.5, "axis": "z", "origin": [5.1, -4.35, 7]},
			"faces": {
				"north": {"uv": [7.75, 3.75, 7.84375, 3.90625], "texture": "#1"},
				"east": {"uv": [4.5, 8.25, 4.5625, 8.40625], "texture": "#1"},
				"south": {"uv": [4, 7.75, 4.09375, 7.90625], "texture": "#1"},
				"west": {"uv": [8.25, 4.5, 8.3125, 4.65625], "texture": "#1"},
				"up": {"uv": [8.84375, 5.0625, 8.75, 5], "texture": "#1"},
				"down": {"uv": [5.34375, 8.75, 5.25, 8.8125], "texture": "#1"}
			}
		},
		{
			"from": [6.05, -0.925, 8.125],
			"to": [6.375, -0.275, 8.425],
			"rotation": {"angle": -22.5, "axis": "z", "origin": [4.85, -4.9, 7]},
			"faces": {
				"north": {"uv": [7.75, 3.5, 7.84375, 3.65625], "texture": "#1"},
				"east": {"uv": [4.25, 8.25, 4.3125, 8.40625], "texture": "#1"},
				"south": {"uv": [3.75, 7.75, 3.84375, 7.90625], "texture": "#1"},
				"west": {"uv": [8.25, 4.25, 8.3125, 4.40625], "texture": "#1"},
				"up": {"uv": [8.84375, 4.8125, 8.75, 4.75], "texture": "#1"},
				"down": {"uv": [5.09375, 8.75, 5, 8.8125], "texture": "#1"}
			}
		},
		{
			"from": [9.6, -2.1, 8.125],
			"to": [9.925, -1.45, 8.425],
			"rotation": {"angle": 22.5, "axis": "z", "origin": [8.4, -6.075, 7]},
			"faces": {
				"north": {"uv": [3.25, 7.75, 3.34375, 7.90625], "texture": "#1"},
				"east": {"uv": [4, 8.25, 4.0625, 8.40625], "texture": "#1"},
				"south": {"uv": [7.75, 3.25, 7.84375, 3.40625], "texture": "#1"},
				"west": {"uv": [8.25, 4, 8.3125, 4.15625], "texture": "#1"},
				"up": {"uv": [8.84375, 4.5625, 8.75, 4.5], "texture": "#1"},
				"down": {"uv": [4.84375, 8.75, 4.75, 8.8125], "texture": "#1"}
			}
		},
		{
			"from": [9.6, -0.925, 8.125],
			"to": [9.925, -0.275, 8.425],
			"rotation": {"angle": 22.5, "axis": "z", "origin": [8.4, -4.9, 7]},
			"faces": {
				"north": {"uv": [3, 7.75, 3.09375, 7.90625], "texture": "#1"},
				"east": {"uv": [3.75, 8.25, 3.8125, 8.40625], "texture": "#1"},
				"south": {"uv": [7.75, 3, 7.84375, 3.15625], "texture": "#1"},
				"west": {"uv": [8.25, 3.75, 8.3125, 3.90625], "texture": "#1"},
				"up": {"uv": [8.84375, 4.3125, 8.75, 4.25], "texture": "#1"},
				"down": {"uv": [4.59375, 8.75, 4.5, 8.8125], "texture": "#1"}
			}
		},
		{
			"from": [7, 0.725, 7],
			"to": [9, 5.725, 9],
			"rotation": {"angle": 0, "axis": "y", "origin": [7, -3.275, 7]},
			"faces": {
				"north": {"uv": [1, 0, 1.5, 1.25], "texture": "#1"},
				"east": {"uv": [1, 1.25, 1.5, 2.5], "texture": "#1"},
				"south": {"uv": [1.5, 0, 2, 1.25], "texture": "#1"},
				"west": {"uv": [1.5, 1.25, 2, 2.5], "texture": "#1"},
				"up": {"uv": [4.5, 1.25, 4, 0.75], "texture": "#1"},
				"down": {"uv": [4.5, 1.25, 4, 1.75], "texture": "#1"}
			}
		},
		{
			"from": [7, 1, 6.25],
			"to": [9, 4.625, 7],
			"rotation": {"angle": 0, "axis": "y", "origin": [7, -3, 5]},
			"faces": {
				"north": {"uv": [1.25, 2.5, 1.75, 3.40625], "texture": "#1"},
				"east": {"uv": [3.75, 5, 3.9375, 5.90625], "texture": "#1"},
				"south": {"uv": [2.75, 0, 3.25, 0.90625], "texture": "#1"},
				"west": {"uv": [1.25, 5.25, 1.4375, 6.15625], "texture": "#1"},
				"up": {"uv": [2.5, 6.1875, 2, 6], "texture": "#1"},
				"down": {"uv": [6.5, 2, 6, 2.1875], "texture": "#1"}
			}
		},
		{
			"from": [7, 0, 5.5],
			"to": [9, 3, 6.25],
			"rotation": {"angle": 0, "axis": "y", "origin": [7, -3, 4.25]},
			"faces": {
				"north": {"uv": [2.75, 1, 3.25, 1.75], "texture": "#1"},
				"east": {"uv": [1.5, 5.25, 1.6875, 6], "texture": "#1"},
				"south": {"uv": [2.75, 1.75, 3.25, 2.5], "texture": "#1"},
				"west": {"uv": [3.25, 5.25, 3.4375, 6], "texture": "#1"},
				"up": {"uv": [6.5, 2.4375, 6, 2.25], "texture": "#1"},
				"down": {"uv": [4.25, 6, 3.75, 6.1875], "texture": "#1"}
			}
		},
		{
			"from": [7, -0.55, 4.95],
			"to": [9, 1.75, 5.5],
			"rotation": {"angle": 0, "axis": "y", "origin": [7, -3, 3.5]},
			"faces": {
				"north": {"uv": [3.5, 0, 4, 0.5625], "texture": "#1"},
				"east": {"uv": [2.25, 6.25, 2.375, 6.8125], "texture": "#1"},
				"south": {"uv": [3.5, 0.75, 4, 1.3125], "texture": "#1"},
				"west": {"uv": [3.75, 6.25, 3.875, 6.8125], "texture": "#1"},
				"up": {"uv": [7, 3.875, 6.5, 3.75], "texture": "#1"},
				"down": {"uv": [7, 4, 6.5, 4.125], "texture": "#1"}
			}
		},
		{
			"from": [7.025, -0.57081, 4.26873],
			"to": [8.975, 1.02919, 4.89373],
			"rotation": {"angle": 22.5, "axis": "x", "origin": [7, -0.725, 4.95]},
			"faces": {
				"north": {"uv": [3.5, 4.5, 4, 4.90625], "texture": "#1"},
				"east": {"uv": [4.75, 6.25, 4.90625, 6.65625], "texture": "#1"},
				"south": {"uv": [4.5, 3.5, 5, 3.90625], "texture": "#1"},
				"west": {"uv": [1.5, 6.5, 1.65625, 6.90625], "texture": "#1"},
				"up": {"uv": [1, 6.40625, 0.5, 6.25], "texture": "#1"},
				"down": {"uv": [6.75, 0.5, 6.25, 0.65625], "texture": "#1"}
			}
		},
		{
			"from": [7.025, 1.47919, 4.84373],
			"to": [8.975, 2.27919, 5.54373],
			"rotation": {"angle": 22.5, "axis": "x", "origin": [7, 1.275, 5.6]},
			"faces": {
				"north": {"uv": [5.25, 6, 5.75, 6.1875], "texture": "#1"},
				"east": {"uv": [2.5, 7, 2.6875, 7.1875], "texture": "#1"},
				"south": {"uv": [6, 5.25, 6.5, 5.4375], "texture": "#1"},
				"west": {"uv": [7, 3, 7.1875, 3.1875], "texture": "#1"},
				"up": {"uv": [6.5, 5.6875, 6, 5.5], "texture": "#1"},
				"down": {"uv": [6.5, 5.75, 6, 5.9375], "texture": "#1"}
			}
		},
		{
			"from": [7.25, 7.15419, 7.66873],
			"to": [8.75, 7.72919, 8.39373],
			"rotation": {"angle": 22.5, "axis": "x", "origin": [7, 5.8, 8.425]},
			"faces": {
				"north": {"uv": [4.5, 1.5, 5, 1.9375], "texture": "#1"},
				"east": {"uv": [6.75, 3, 6.875, 3.4375], "texture": "#1"},
				"south": {"uv": [4.5, 2, 5, 2.4375], "texture": "#1"},
				"west": {"uv": [3.25, 6.75, 3.375, 7.1875], "texture": "#1"},
				"up": {"uv": [7, 5.875, 6.5, 5.75], "texture": "#1"},
				"down": {"uv": [6.5, 6.5, 6, 6.625], "texture": "#1"}
			}
		},
		{
			"from": [7.25, 6.85419, 6.99373],
			"to": [8.75, 7.42919, 7.71873],
			"rotation": {"angle": 22.5, "axis": "x", "origin": [7, 5.5, 7.75]},
			"faces": {
				"north": {"uv": [4.5, 1.5, 5, 1.9375], "texture": "#1"},
				"east": {"uv": [6.75, 3, 6.875, 3.4375], "texture": "#1"},
				"south": {"uv": [4.5, 2, 5, 2.4375], "texture": "#1"},
				"west": {"uv": [3.25, 6.75, 3.375, 7.1875], "texture": "#1"},
				"up": {"uv": [7, 5.875, 6.5, 5.75], "texture": "#1"},
				"down": {"uv": [6.5, 6.5, 6, 6.625], "texture": "#1"}
			}
		},
		{
			"from": [7.025, 3.70419, 6.16873],
			"to": [8.975, 5.47919, 6.69373],
			"rotation": {"angle": 22.5, "axis": "x", "origin": [7, 3.5, 6.925]},
			"faces": {
				"north": {"uv": [4.5, 1.5, 5, 1.9375], "texture": "#1"},
				"east": {"uv": [6.75, 3, 6.875, 3.4375], "texture": "#1"},
				"south": {"uv": [4.5, 2, 5, 2.4375], "texture": "#1"},
				"west": {"uv": [3.25, 6.75, 3.375, 7.1875], "texture": "#1"},
				"up": {"uv": [7, 5.875, 6.5, 5.75], "texture": "#1"},
				"down": {"uv": [6.5, 6.5, 6, 6.625], "texture": "#1"}
			}
		},
		{
			"from": [7.75, 25.65, 8.9],
			"to": [8.225, 26.15, 9.15],
			"rotation": {"angle": -45, "axis": "x", "origin": [7.75, 25.65, 8.65]},
			"faces": {
				"north": {"uv": [2.25, 7.5, 2.375, 7.625], "texture": "#1"},
				"east": {"uv": [8.5, 5.75, 8.5625, 5.875], "texture": "#1"},
				"south": {"uv": [7.5, 2.25, 7.625, 2.375], "texture": "#1"},
				"west": {"uv": [6, 8.5, 6.0625, 8.625], "texture": "#1"},
				"up": {"uv": [8.625, 6.0625, 8.5, 6], "texture": "#1"},
				"down": {"uv": [6.375, 8.5, 6.25, 8.5625], "texture": "#1"}
			}
		},
		{
			"from": [7.75, 27.65, 8.65],
			"to": [8.225, 28.15, 8.9],
			"rotation": {"angle": -45, "axis": "x", "origin": [7.75, 27.65, 8.4]},
			"faces": {
				"north": {"uv": [3.25, 7.5, 3.375, 7.625], "texture": "#1"},
				"east": {"uv": [8.5, 6.75, 8.5625, 6.875], "texture": "#1"},
				"south": {"uv": [7.5, 3.25, 7.625, 3.375], "texture": "#1"},
				"west": {"uv": [7, 8.5, 7.0625, 8.625], "texture": "#1"},
				"up": {"uv": [8.625, 7.0625, 8.5, 7], "texture": "#1"},
				"down": {"uv": [7.375, 8.5, 7.25, 8.5625], "texture": "#1"}
			}
		},
		{
			"from": [7.75, 29.4, 8.4],
			"to": [8.225, 30.1, 8.65],
			"rotation": {"angle": -45, "axis": "x", "origin": [7.75, 29.4, 8.15]},
			"faces": {
				"north": {"uv": [7.25, 3.75, 7.375, 3.9375], "texture": "#1"},
				"east": {"uv": [8, 7.25, 8.0625, 7.4375], "texture": "#1"},
				"south": {"uv": [7.25, 4, 7.375, 4.1875], "texture": "#1"},
				"west": {"uv": [7.5, 8, 7.5625, 8.1875], "texture": "#1"},
				"up": {"uv": [8.625, 7.8125, 8.5, 7.75], "texture": "#1"},
				"down": {"uv": [8.125, 8.5, 8, 8.5625], "texture": "#1"}
			}
		},
		{
			"from": [7.75, 26.175, 7.075],
			"to": [8.225, 26.675, 7.325],
			"rotation": {"angle": 45, "axis": "x", "origin": [7.75, 26.175, 6.825]},
			"faces": {
				"north": {"uv": [2.5, 7.5, 2.625, 7.625], "texture": "#1"},
				"east": {"uv": [8.5, 6.25, 8.5625, 6.375], "texture": "#1"},
				"south": {"uv": [7.5, 2.75, 7.625, 2.875], "texture": "#1"},
				"west": {"uv": [6.5, 8.5, 6.5625, 8.625], "texture": "#1"},
				"up": {"uv": [8.625, 6.5625, 8.5, 6.5], "texture": "#1"},
				"down": {"uv": [6.875, 8.5, 6.75, 8.5625], "texture": "#1"}
			}
		},
		{
			"from": [7.75, 28.175, 7.325],
			"to": [8.225, 28.675, 7.575],
			"rotation": {"angle": 45, "axis": "x", "origin": [7.75, 28.175, 7.075]},
			"faces": {
				"north": {"uv": [7.5, 3.5, 7.625, 3.625], "texture": "#1"},
				"east": {"uv": [8.5, 7.25, 8.5625, 7.375], "texture": "#1"},
				"south": {"uv": [3.75, 7.5, 3.875, 7.625], "texture": "#1"},
				"west": {"uv": [7.5, 8.5, 7.5625, 8.625], "texture": "#1"},
				"up": {"uv": [8.625, 7.5625, 8.5, 7.5], "texture": "#1"},
				"down": {"uv": [7.875, 8.5, 7.75, 8.5625], "texture": "#1"}
			}
		},
		{
			"from": [7.75, 29.925, 7.6],
			"to": [8.225, 30.425, 7.875],
			"rotation": {"angle": 45, "axis": "x", "origin": [7.75, 29.925, 7.375]},
			"faces": {
				"north": {"uv": [7.5, 3.75, 7.625, 3.875], "texture": "#1"},
				"east": {"uv": [8.5, 8, 8.5625, 8.125], "texture": "#1"},
				"south": {"uv": [4, 7.5, 4.125, 7.625], "texture": "#1"},
				"west": {"uv": [8.25, 8.5, 8.3125, 8.625], "texture": "#1"},
				"up": {"uv": [8.625, 8.3125, 8.5, 8.25], "texture": "#1"},
				"down": {"uv": [8.625, 8.5, 8.5, 8.5625], "texture": "#1"}
			}
		},
		{
			"from": [7.85, 5.5, 7],
			"to": [8.15, 26, 9],
			"rotation": {"angle": 0, "axis": "y", "origin": [7.75, 0, 7]},
			"faces": {
				"north": {"uv": [3, 2.5, 3.0625, 7.625], "texture": "#1"},
				"east": {"uv": [0, 0, 0.5, 5.125], "texture": "#1"},
				"south": {"uv": [3.25, 0, 3.3125, 5.125], "texture": "#1"},
				"west": {"uv": [0.5, 0, 1, 5.125], "texture": "#1"},
				"up": {"uv": [7.0625, 6, 7, 5.5], "texture": "#1"},
				"down": {"uv": [5.8125, 7, 5.75, 7.5], "texture": "#1"}
			}
		},
		{
			"from": [7.75, 26, 7.25],
			"to": [8.225, 28, 8.75],
			"rotation": {"angle": 0, "axis": "y", "origin": [7.75, 0, 7]},
			"faces": {
				"north": {"uv": [5.25, 6.5, 5.375, 7], "texture": "#1"},
				"east": {"uv": [5, 0, 5.375, 0.5], "texture": "#1"},
				"south": {"uv": [6.5, 5.25, 6.625, 5.75], "texture": "#1"},
				"west": {"uv": [5, 0.5, 5.375, 1], "texture": "#1"},
				"up": {"uv": [0.625, 7.375, 0.5, 7], "texture": "#1"},
				"down": {"uv": [0.875, 7, 0.75, 7.375], "texture": "#1"}
			}
		},
		{
			"from": [7.75, 27.75, 7.55],
			"to": [8.225, 29.75, 8.5],
			"rotation": {"angle": 0, "axis": "y", "origin": [7.75, -0.25, 7]},
			"faces": {
				"north": {"uv": [4.25, 6.5, 4.375, 7], "texture": "#1"},
				"east": {"uv": [5.75, 1.5, 6, 2], "texture": "#1"},
				"south": {"uv": [6.5, 4.25, 6.625, 4.75], "texture": "#1"},
				"west": {"uv": [5.75, 2, 6, 2.5], "texture": "#1"},
				"up": {"uv": [7.125, 5.5, 7, 5.25], "texture": "#1"},
				"down": {"uv": [5.625, 7, 5.5, 7.25], "texture": "#1"}
			}
		},
		{
			"from": [8.05, 6, 7.825],
			"to": [8.25, 29.7, 8.25],
			"rotation": {"angle": 0, "axis": "y", "origin": [8.25, 0, 7]},
			"faces": {
				"north": {"uv": [1.75, 2.5, 1.8125, 8.4375], "texture": "#1"},
				"east": {"uv": [2, 0, 2.09375, 5.9375], "texture": "#1"},
				"south": {"uv": [2.75, 2.5, 2.8125, 8.4375], "texture": "#1"},
				"west": {"uv": [2.25, 0, 2.34375, 5.9375], "texture": "#1"},
				"up": {"uv": [0.5625, 8.84375, 0.5, 8.75], "texture": "#1"},
				"down": {"uv": [8.8125, 0.5, 8.75, 0.59375], "texture": "#1"}
			}
		},
		{
			"from": [8.25, 29.4, 7.875],
			"to": [8.35, 30, 8.2],
			"rotation": {"angle": 0, "axis": "y", "origin": [8.25, 0, 7]},
			"faces": {
				"north": {"uv": [9, 5.75, 9.03125, 5.90625], "texture": "#1"},
				"east": {"uv": [6.25, 7.5, 6.34375, 7.65625], "texture": "#1"},
				"south": {"uv": [6, 9, 6.03125, 9.15625], "texture": "#1"},
				"west": {"uv": [7.5, 6.25, 7.59375, 6.40625], "texture": "#1"},
				"up": {"uv": [9.03125, 6.84375, 9, 6.75], "texture": "#1"},
				"down": {"uv": [7.03125, 9, 7, 9.09375], "texture": "#1"}
			}
		},
		{
			"from": [7.65, 6, 7.825],
			"to": [7.825, 29.4, 8.25],
			"rotation": {"angle": 0, "axis": "y", "origin": [7.55, 0, 7]},
			"faces": {
				"north": {"uv": [5, 1, 5.03125, 6.84375], "texture": "#1"},
				"east": {"uv": [2.5, 0, 2.59375, 5.84375], "texture": "#1"},
				"south": {"uv": [3.5, 5, 3.53125, 10.84375], "texture": "#1"},
				"west": {"uv": [1, 2.5, 1.09375, 8.34375], "texture": "#1"},
				"up": {"uv": [9.03125, 7.09375, 9, 7], "texture": "#1"},
				"down": {"uv": [7.28125, 9, 7.25, 9.09375], "texture": "#1"}
			}
		},
		{
			"from": [7.65, 29.4, 7.875],
			"to": [7.75, 30, 8.2],
			"rotation": {"angle": 0, "axis": "y", "origin": [7.75, 0, 7]},
			"faces": {
				"north": {"uv": [0, 0, 0.025, 0.15], "texture": "#1"},
				"east": {"uv": [0, 0, 0.08125, 0.15], "texture": "#1"},
				"south": {"uv": [0, 0, 0.025, 0.15], "texture": "#1"},
				"west": {"uv": [0, 0, 0.08125, 0.15], "texture": "#1"},
				"up": {"uv": [0, 0, 0.025, 0.08125], "texture": "#1"},
				"down": {"uv": [0, 0, 0.025, 0.08125], "texture": "#1"}
			}
		},
		{
			"from": [7, 3.5, 9],
			"to": [9, 5.725, 9.475],
			"rotation": {"angle": 0, "axis": "y", "origin": [7, -4.25, 9]},
			"faces": {
				"north": {"uv": [1.25, 3.5, 1.75, 4.0625], "texture": "#1"},
				"east": {"uv": [6.25, 3.75, 6.375, 4.3125], "texture": "#1"},
				"south": {"uv": [3.5, 1.5, 4, 2.0625], "texture": "#1"},
				"west": {"uv": [4, 6.25, 4.125, 6.8125], "texture": "#1"},
				"up": {"uv": [7, 4.875, 6.5, 4.75], "texture": "#1"},
				"down": {"uv": [6, 6.5, 5.5, 6.625], "texture": "#1"}
			}
		},
		{
			"from": [7, 5.725, 8.475],
			"to": [9, 7.9, 9.45],
			"rotation": {"angle": 0, "axis": "x", "origin": [7, 7.975, 8.775]},
			"faces": {
				"north": {"uv": [3.5, 3.75, 4, 4.28125], "texture": "#1"},
				"east": {"uv": [5.25, 3.5, 5.53125, 4.03125], "texture": "#1"},
				"south": {"uv": [4, 0, 4.5, 0.53125], "texture": "#1"},
				"west": {"uv": [4, 5.25, 4.28125, 5.78125], "texture": "#1"},
				"up": {"uv": [5.75, 5.53125, 5.25, 5.25], "texture": "#1"},
				"down": {"uv": [6, 0, 5.5, 0.28125], "texture": "#1"}
			}
		},
		{
			"from": [7.025, 3.075, 9.35],
			"to": [8.975, 4.275, 9.775],
			"rotation": {"angle": -22.5, "axis": "x", "origin": [7, 3.7, 8.825]},
			"faces": {
				"north": {"uv": [5.25, 2.5, 5.75, 2.8125], "texture": "#1"},
				"east": {"uv": [7, 6.75, 7.09375, 7.0625], "texture": "#1"},
				"south": {"uv": [5.25, 3, 5.75, 3.3125], "texture": "#1"},
				"west": {"uv": [0, 7.25, 0.09375, 7.5625], "texture": "#1"},
				"up": {"uv": [0.5, 7.09375, 0, 7], "texture": "#1"},
				"down": {"uv": [7.5, 0, 7, 0.09375], "texture": "#1"}
			}
		},
		{
			"from": [7.075, 0.8, 9.65],
			"to": [8.9, 2.75, 10.575],
			"rotation": {"angle": -22.5, "axis": "x", "origin": [7, 1.425, 9.625]},
			"faces": {
				"north": {"uv": [4, 4.25, 4.46875, 4.75], "texture": "#1"},
				"east": {"uv": [6, 0, 6.21875, 0.5], "texture": "#1"},
				"south": {"uv": [4.5, 0, 4.96875, 0.5], "texture": "#1"},
				"west": {"uv": [6, 0.5, 6.21875, 1], "texture": "#1"},
				"up": {"uv": [6.46875, 1.71875, 6, 1.5], "texture": "#1"},
				"down": {"uv": [6.46875, 1.75, 6, 1.96875], "texture": "#1"}
			}
		},
		{
			"from": [7, 1.25, 9],
			"to": [9, 3.5, 9.95],
			"rotation": {"angle": 0, "axis": "y", "origin": [7, -7.25, 9]},
			"faces": {
				"north": {"uv": [3.5, 2.25, 4, 2.8125], "texture": "#1"},
				"east": {"uv": [4.5, 5.5, 4.75, 6.0625], "texture": "#1"},
				"south": {"uv": [3.5, 3, 4, 3.5625], "texture": "#1"},
				"west": {"uv": [4.75, 5.5, 5, 6.0625], "texture": "#1"},
				"up": {"uv": [6.25, 2.75, 5.75, 2.5], "texture": "#1"},
				"down": {"uv": [6.25, 2.75, 5.75, 3], "texture": "#1"}
			}
		},
		{
			"from": [7, 0.075, 9],
			"to": [9, 1.25, 10.75],
			"rotation": {"angle": 0, "axis": "y", "origin": [7, -9.5, 9]},
			"faces": {
				"north": {"uv": [5.25, 4.25, 5.75, 4.53125], "texture": "#1"},
				"east": {"uv": [5.75, 3, 6.1875, 3.28125], "texture": "#1"},
				"south": {"uv": [5.25, 4.75, 5.75, 5.03125], "texture": "#1"},
				"west": {"uv": [5.75, 3.5, 6.1875, 3.78125], "texture": "#1"},
				"up": {"uv": [5, 0.9375, 4.5, 0.5], "texture": "#1"},
				"down": {"uv": [5, 1, 4.5, 1.4375], "texture": "#1"}
			}
		},
		{
			"from": [7.475, -6, 7.4],
			"to": [8.575, -5, 8.425],
			"rotation": {"angle": 0, "axis": "y", "origin": [9, -10, 7]},
			"faces": {
				"north": {"uv": [6.53125, 2.75, 6.25, 3], "texture": "#1"},
				"east": {"uv": [3.5, 6.5, 3.25, 6.75], "texture": "#1"},
				"south": {"uv": [6.53125, 3, 6.25, 3.25], "texture": "#1"},
				"west": {"uv": [2.75, 6.5, 2.5, 6.75], "texture": "#1"},
				"up": {"uv": [6.25, 3.5, 6.53125, 3.25], "texture": "#1"},
				"down": {"uv": [6.25, 3.5, 6.53125, 3.75], "texture": "#1"}
			}
		},
		{
			"from": [7.775, 25.65, 8.9],
			"to": [8.25, 26.15, 9.15],
			"rotation": {"angle": -45, "axis": "x", "origin": [8.25, 25.65, 8.65]},
			"faces": {
				"north": {"uv": [2.375, 7.5, 2.25, 7.625], "texture": "#1"},
				"east": {"uv": [6.0625, 8.5, 6, 8.625], "texture": "#1"},
				"south": {"uv": [7.625, 2.25, 7.5, 2.375], "texture": "#1"},
				"west": {"uv": [8.5625, 5.75, 8.5, 5.875], "texture": "#1"},
				"up": {"uv": [8.5, 6.0625, 8.625, 6], "texture": "#1"},
				"down": {"uv": [6.25, 8.5, 6.375, 8.5625], "texture": "#1"}
			}
		},
		{
			"from": [7.775, 27.75, 7.55],
			"to": [8.25, 29.75, 8.5],
			"rotation": {"angle": 0, "axis": "y", "origin": [8.25, -0.25, 7]},
			"faces": {
				"north": {"uv": [4.375, 6.5, 4.25, 7], "texture": "#1"},
				"east": {"uv": [6, 2, 5.75, 2.5], "texture": "#1"},
				"south": {"uv": [6.625, 4.25, 6.5, 4.75], "texture": "#1"},
				"west": {"uv": [6, 1.5, 5.75, 2], "texture": "#1"},
				"up": {"uv": [7, 5.5, 7.125, 5.25], "texture": "#1"},
				"down": {"uv": [5.5, 7, 5.625, 7.25], "texture": "#1"}
			}
		},
		{
			"from": [7.775, 26, 7.25],
			"to": [8.25, 28, 8.75],
			"rotation": {"angle": 0, "axis": "y", "origin": [8.25, 0, 7]},
			"faces": {
				"north": {"uv": [5.375, 6.5, 5.25, 7], "texture": "#1"},
				"east": {"uv": [5.375, 0.5, 5, 1], "texture": "#1"},
				"south": {"uv": [6.625, 5.25, 6.5, 5.75], "texture": "#1"},
				"west": {"uv": [5.375, 0, 5, 0.5], "texture": "#1"},
				"up": {"uv": [0.5, 7.375, 0.625, 7], "texture": "#1"},
				"down": {"uv": [0.75, 7, 0.875, 7.375], "texture": "#1"}
			}
		},
		{
			"from": [7.75, 6, 7.825],
			"to": [7.95, 29.7, 8.25],
			"rotation": {"angle": 0, "axis": "y", "origin": [7.75, 0, 7]},
			"faces": {
				"north": {"uv": [1.8125, 2.5, 1.75, 8.4375], "texture": "#1"},
				"east": {"uv": [2.34375, 0, 2.25, 5.9375], "texture": "#1"},
				"south": {"uv": [2.8125, 2.5, 2.75, 8.4375], "texture": "#1"},
				"west": {"uv": [2.09375, 0, 2, 5.9375], "texture": "#1"},
				"up": {"uv": [0.5, 8.84375, 0.5625, 8.75], "texture": "#1"},
				"down": {"uv": [8.75, 0.5, 8.8125, 0.59375], "texture": "#1"}
			}
		},
		{
			"from": [7.775, 26.175, 7.075],
			"to": [8.25, 26.675, 7.325],
			"rotation": {"angle": 45, "axis": "x", "origin": [8.25, 26.175, 6.825]},
			"faces": {
				"north": {"uv": [2.625, 7.5, 2.5, 7.625], "texture": "#1"},
				"east": {"uv": [6.5625, 8.5, 6.5, 8.625], "texture": "#1"},
				"south": {"uv": [7.625, 2.75, 7.5, 2.875], "texture": "#1"},
				"west": {"uv": [8.5625, 6.25, 8.5, 6.375], "texture": "#1"},
				"up": {"uv": [8.5, 6.5625, 8.625, 6.5], "texture": "#1"},
				"down": {"uv": [6.75, 8.5, 6.875, 8.5625], "texture": "#1"}
			}
		},
		{
			"from": [7.775, 27.65, 8.65],
			"to": [8.25, 28.15, 8.9],
			"rotation": {"angle": -45, "axis": "x", "origin": [8.25, 27.65, 8.4]},
			"faces": {
				"north": {"uv": [3.375, 7.5, 3.25, 7.625], "texture": "#1"},
				"east": {"uv": [7.0625, 8.5, 7, 8.625], "texture": "#1"},
				"south": {"uv": [7.625, 3.25, 7.5, 3.375], "texture": "#1"},
				"west": {"uv": [8.5625, 6.75, 8.5, 6.875], "texture": "#1"},
				"up": {"uv": [8.5, 7.0625, 8.625, 7], "texture": "#1"},
				"down": {"uv": [7.25, 8.5, 7.375, 8.5625], "texture": "#1"}
			}
		},
		{
			"from": [7.775, 28.175, 7.325],
			"to": [8.25, 28.675, 7.575],
			"rotation": {"angle": 45, "axis": "x", "origin": [8.25, 28.175, 7.075]},
			"faces": {
				"north": {"uv": [7.625, 3.5, 7.5, 3.625], "texture": "#1"},
				"east": {"uv": [7.5625, 8.5, 7.5, 8.625], "texture": "#1"},
				"south": {"uv": [3.875, 7.5, 3.75, 7.625], "texture": "#1"},
				"west": {"uv": [8.5625, 7.25, 8.5, 7.375], "texture": "#1"},
				"up": {"uv": [8.5, 7.5625, 8.625, 7.5], "texture": "#1"},
				"down": {"uv": [7.75, 8.5, 7.875, 8.5625], "texture": "#1"}
			}
		},
		{
			"from": [7.775, 29.4, 8.4],
			"to": [8.25, 30.1, 8.65],
			"rotation": {"angle": -45, "axis": "x", "origin": [8.25, 29.4, 8.15]},
			"faces": {
				"north": {"uv": [7.375, 3.75, 7.25, 3.9375], "texture": "#1"},
				"east": {"uv": [7.5625, 8, 7.5, 8.1875], "texture": "#1"},
				"south": {"uv": [7.375, 4, 7.25, 4.1875], "texture": "#1"},
				"west": {"uv": [8.0625, 7.25, 8, 7.4375], "texture": "#1"},
				"up": {"uv": [8.5, 7.8125, 8.625, 7.75], "texture": "#1"},
				"down": {"uv": [8, 8.5, 8.125, 8.5625], "texture": "#1"}
			}
		},
		{
			"from": [7.775, 29.925, 7.6],
			"to": [8.25, 30.425, 7.875],
			"rotation": {"angle": 45, "axis": "x", "origin": [8.25, 29.925, 7.375]},
			"faces": {
				"north": {"uv": [7.625, 3.75, 7.5, 3.875], "texture": "#1"},
				"east": {"uv": [8.3125, 8.5, 8.25, 8.625], "texture": "#1"},
				"south": {"uv": [4.125, 7.5, 4, 7.625], "texture": "#1"},
				"west": {"uv": [8.5625, 8, 8.5, 8.125], "texture": "#1"},
				"up": {"uv": [8.5, 8.3125, 8.625, 8.25], "texture": "#1"},
				"down": {"uv": [8.5, 8.5, 8.625, 8.5625], "texture": "#1"}
			}
		},
		{
			"from": [8.175, 6, 7.825],
			"to": [8.35, 29.4, 8.25],
			"rotation": {"angle": 0, "axis": "y", "origin": [8.45, 0, 7]},
			"faces": {
				"north": {"uv": [5.03125, 1, 5, 6.84375], "texture": "#1"},
				"east": {"uv": [1.09375, 2.5, 1, 8.34375], "texture": "#1"},
				"south": {"uv": [3.53125, 5, 3.5, 10.84375], "texture": "#1"},
				"west": {"uv": [2.59375, 0, 2.5, 5.84375], "texture": "#1"},
				"up": {"uv": [9, 7.09375, 9.03125, 7], "texture": "#1"},
				"down": {"uv": [7.25, 9, 7.28125, 9.09375], "texture": "#1"}
			}
		},
		{
			"from": [7.1, 7.375, 9.05],
			"to": [8.9, 9.35, 9.925],
			"rotation": {"angle": 22.5, "axis": "x", "origin": [9, 9.45, 9]},
			"faces": {
				"north": {"uv": [0.96875, 5.25, 0.5, 5.625], "texture": "#1"},
				"east": {"uv": [6.4375, 4.5, 6.25, 4.875], "texture": "#1"},
				"south": {"uv": [5.71875, 1, 5.25, 1.375], "texture": "#1"},
				"west": {"uv": [4.6875, 6.25, 4.5, 6.625], "texture": "#1"},
				"up": {"uv": [6.25, 0.1875, 6.71875, 0], "texture": "#1"},
				"down": {"uv": [6.25, 0.25, 6.71875, 0.4375], "texture": "#1"}
			}
		},
		{
			"from": [7.35, 8.625, 8.4],
			"to": [8.775, 10.25, 9.025],
			"rotation": {"angle": -22.5, "axis": "x", "origin": [9, 10.775, 8.45]},
			"faces": {
				"north": {"uv": [6, 5.25, 5.75, 5.6875], "texture": "#1"},
				"east": {"uv": [2.6875, 6, 2.5, 6.4375], "texture": "#1"},
				"south": {"uv": [6, 5.75, 5.75, 6.1875], "texture": "#1"},
				"west": {"uv": [1.6875, 6, 1.5, 6.4375], "texture": "#1"},
				"up": {"uv": [7, 0.4375, 7.25, 0.25], "texture": "#1"},
				"down": {"uv": [1.5, 7, 1.75, 7.1875], "texture": "#1"}
			}
		},
		{
			"from": [7.125, 5.725, 7.8],
			"to": [8.925, 7.575, 8.475],
			"rotation": {"angle": 0, "axis": "x", "origin": [9, 7.975, 7.675]},
			"faces": {
				"north": {"uv": [4.9375, 2.5, 4.5, 2.96875], "texture": "#1"},
				"east": {"uv": [2.15625, 6.25, 2, 6.71875], "texture": "#1"},
				"south": {"uv": [4.9375, 3, 4.5, 3.46875], "texture": "#1"},
				"west": {"uv": [1.40625, 6.25, 1.25, 6.71875], "texture": "#1"},
				"up": {"uv": [6.5, 2.15625, 6.9375, 2], "texture": "#1"},
				"down": {"uv": [6.5, 2.25, 6.9375, 2.40625], "texture": "#1"}
			}
		},
		{
			"from": [7.225, 5.725, 7.125],
			"to": [8.75, 7.025, 7.8],
			"rotation": {"angle": 0, "axis": "x", "origin": [9, 7.975, 7]},
			"faces": {
				"north": {"uv": [6.125, 4, 5.75, 4.3125], "texture": "#1"},
				"east": {"uv": [6.90625, 6.25, 6.75, 6.5625], "texture": "#1"},
				"south": {"uv": [6.125, 4.5, 5.75, 4.8125], "texture": "#1"},
				"west": {"uv": [6.40625, 6.75, 6.25, 7.0625], "texture": "#1"},
				"up": {"uv": [6.75, 0.90625, 7.125, 0.75], "texture": "#1"},
				"down": {"uv": [6.75, 1, 7.125, 1.15625], "texture": "#1"}
			}
		},
		{
			"from": [7.1, 0.8, 9.65],
			"to": [8.925, 2.75, 10.575],
			"rotation": {"angle": -22.5, "axis": "x", "origin": [9, 1.425, 9.625]},
			"faces": {
				"north": {"uv": [4.46875, 4.25, 4, 4.75], "texture": "#1"},
				"east": {"uv": [6.21875, 0.5, 6, 1], "texture": "#1"},
				"south": {"uv": [4.96875, 0, 4.5, 0.5], "texture": "#1"},
				"west": {"uv": [6.21875, 0, 6, 0.5], "texture": "#1"},
				"up": {"uv": [6, 1.71875, 6.46875, 1.5], "texture": "#1"},
				"down": {"uv": [6, 1.75, 6.46875, 1.96875], "texture": "#1"}
			}
		},
		{
			"from": [7.1, -0.1, 10.9],
			"to": [8.925, 0.875, 11.35],
			"rotation": {"angle": -22.5, "axis": "x", "origin": [9, -0.45, 10.4]},
			"faces": {
				"north": {"uv": [6.21875, 5, 5.75, 5.25], "texture": "#1"},
				"east": {"uv": [7.125, 6, 7, 6.25], "texture": "#1"},
				"south": {"uv": [5.71875, 5.75, 5.25, 6], "texture": "#1"},
				"west": {"uv": [6.125, 7, 6, 7.25], "texture": "#1"},
				"up": {"uv": [6.75, 1.375, 7.21875, 1.25], "texture": "#1"},
				"down": {"uv": [6.75, 2.5, 7.21875, 2.625], "texture": "#1"}
			}
		},
		{
			"from": [7.15, 2.70419, 5.39373],
			"to": [8.8, 4.47919, 6.09373],
			"rotation": {"angle": 22.5, "axis": "x", "origin": [9, 2.5, 6.15]},
			"faces": {
				"north": {"uv": [4.90625, 5, 4.5, 5.4375], "texture": "#1"},
				"east": {"uv": [4.4375, 6, 4.25, 6.4375], "texture": "#1"},
				"south": {"uv": [0.40625, 5.25, 0, 5.6875], "texture": "#1"},
				"west": {"uv": [3.4375, 6, 3.25, 6.4375], "texture": "#1"},
				"up": {"uv": [6.25, 0.9375, 6.65625, 0.75], "texture": "#1"},
				"down": {"uv": [6.25, 1, 6.65625, 1.1875], "texture": "#1"}
			}
		},
		{
			"from": [9.15, -5.125, 7.125],
			"to": [9.5, -4.475, 7.425],
			"rotation": {"angle": 22.5, "axis": "z", "origin": [10.675, -9.125, 6]},
			"faces": {
				"north": {"uv": [7.59375, 6.5, 7.5, 6.65625], "texture": "#1"},
				"east": {"uv": [8.0625, 8, 8, 8.15625], "texture": "#1"},
				"south": {"uv": [7.59375, 6.75, 7.5, 6.90625], "texture": "#1"},
				"west": {"uv": [8.0625, 7.75, 8, 7.90625], "texture": "#1"},
				"up": {"uv": [0.75, 8.8125, 0.84375, 8.75], "texture": "#1"},
				"down": {"uv": [8.75, 0.75, 8.84375, 0.8125], "texture": "#1"}
			}
		},
		{
			"from": [5.85, -5.7, 7.125],
			"to": [6.175, -5.05, 7.425],
			"rotation": {"angle": -22.5, "axis": "z", "origin": [7.375, -9.675, 6]},
			"faces": {
				"north": {"uv": [7.09375, 7.5, 7, 7.65625], "texture": "#1"},
				"east": {"uv": [8.3125, 0, 8.25, 0.15625], "texture": "#1"},
				"south": {"uv": [7.59375, 7, 7.5, 7.15625], "texture": "#1"},
				"west": {"uv": [0.0625, 8.25, 0, 8.40625], "texture": "#1"},
				"up": {"uv": [1, 8.8125, 1.09375, 8.75], "texture": "#1"},
				"down": {"uv": [8.75, 1, 8.84375, 1.0625], "texture": "#1"}
			}
		},
		{
			"from": [9.4, -4.525, 7.125],
			"to": [9.725, -3.875, 7.425],
			"rotation": {"angle": 22.5, "axis": "z", "origin": [10.925, -8.5, 6]},
			"faces": {
				"north": {"uv": [7.34375, 7.5, 7.25, 7.65625], "texture": "#1"},
				"east": {"uv": [8.3125, 0.25, 8.25, 0.40625], "texture": "#1"},
				"south": {"uv": [7.59375, 7.25, 7.5, 7.40625], "texture": "#1"},
				"west": {"uv": [0.3125, 8.25, 0.25, 8.40625], "texture": "#1"},
				"up": {"uv": [1.25, 8.8125, 1.34375, 8.75], "texture": "#1"},
				"down": {"uv": [8.75, 1.25, 8.84375, 1.3125], "texture": "#1"}
			}
		},
		{
			"from": [9.15, -3.925, 7.125],
			"to": [9.5, -3.275, 7.425],
			"rotation": {"angle": 22.5, "axis": "z", "origin": [10.675, -7.925, 6]},
			"faces": {
				"north": {"uv": [7.59375, 7.5, 7.5, 7.65625], "texture": "#1"},
				"east": {"uv": [8.3125, 0.5, 8.25, 0.65625], "texture": "#1"},
				"south": {"uv": [0.09375, 7.75, 0, 7.90625], "texture": "#1"},
				"west": {"uv": [0.5625, 8.25, 0.5, 8.40625], "texture": "#1"},
				"up": {"uv": [1.5, 8.8125, 1.59375, 8.75], "texture": "#1"},
				"down": {"uv": [8.75, 1.5, 8.84375, 1.5625], "texture": "#1"}
			}
		},
		{
			"from": [5.85, -4.5, 7.125],
			"to": [6.175, -3.85, 7.425],
			"rotation": {"angle": -22.5, "axis": "z", "origin": [7.375, -8.475, 6]},
			"faces": {
				"north": {"uv": [7.84375, 0, 7.75, 0.15625], "texture": "#1"},
				"east": {"uv": [8.3125, 0.75, 8.25, 0.90625], "texture": "#1"},
				"south": {"uv": [0.34375, 7.75, 0.25, 7.90625], "texture": "#1"},
				"west": {"uv": [0.8125, 8.25, 0.75, 8.40625], "texture": "#1"},
				"up": {"uv": [1.75, 8.8125, 1.84375, 8.75], "texture": "#1"},
				"down": {"uv": [8.75, 1.75, 8.84375, 1.8125], "texture": "#1"}
			}
		},
		{
			"from": [9.4, -3.325, 7.125],
			"to": [9.725, -2.675, 7.425],
			"rotation": {"angle": 22.5, "axis": "z", "origin": [10.925, -7.3, 6]},
			"faces": {
				"north": {"uv": [7.84375, 0.25, 7.75, 0.40625], "texture": "#1"},
				"east": {"uv": [1.3125, 8.25, 1.25, 8.40625], "texture": "#1"},
				"south": {"uv": [0.59375, 7.75, 0.5, 7.90625], "texture": "#1"},
				"west": {"uv": [8.3125, 1, 8.25, 1.15625], "texture": "#1"},
				"up": {"uv": [2, 8.8125, 2.09375, 8.75], "texture": "#1"},
				"down": {"uv": [8.75, 2, 8.84375, 2.0625], "texture": "#1"}
			}
		},
		{
			"from": [9.15, -2.725, 7.125],
			"to": [9.5, -2.075, 7.425],
			"rotation": {"angle": 22.5, "axis": "z", "origin": [10.675, -6.725, 6]},
			"faces": {
				"north": {"uv": [7.84375, 0.5, 7.75, 0.65625], "texture": "#1"},
				"east": {"uv": [1.5625, 8.25, 1.5, 8.40625], "texture": "#1"},
				"south": {"uv": [0.84375, 7.75, 0.75, 7.90625], "texture": "#1"},
				"west": {"uv": [8.3125, 1.25, 8.25, 1.40625], "texture": "#1"},
				"up": {"uv": [2.25, 8.8125, 2.34375, 8.75], "texture": "#1"},
				"down": {"uv": [8.75, 2.25, 8.84375, 2.3125], "texture": "#1"}
			}
		},
		{
			"from": [5.85, -3.3, 7.125],
			"to": [6.175, -2.65, 7.425],
			"rotation": {"angle": -22.5, "axis": "z", "origin": [7.375, -7.275, 6]},
			"faces": {
				"north": {"uv": [7.84375, 0.75, 7.75, 0.90625], "texture": "#1"},
				"east": {"uv": [8.3125, 1.75, 8.25, 1.90625], "texture": "#1"},
				"south": {"uv": [7.84375, 1, 7.75, 1.15625], "texture": "#1"},
				"west": {"uv": [8.3125, 1.5, 8.25, 1.65625], "texture": "#1"},
				"up": {"uv": [2.5, 8.8125, 2.59375, 8.75], "texture": "#1"},
				"down": {"uv": [8.75, 2.5, 8.84375, 2.5625], "texture": "#1"}
			}
		},
		{
			"from": [9.4, -2.125, 7.125],
			"to": [9.725, -1.475, 7.425],
			"rotation": {"angle": 22.5, "axis": "z", "origin": [10.925, -6.1, 6]},
			"faces": {
				"north": {"uv": [1.34375, 7.75, 1.25, 7.90625], "texture": "#1"},
				"east": {"uv": [8.3125, 2, 8.25, 2.15625], "texture": "#1"},
				"south": {"uv": [7.84375, 1.25, 7.75, 1.40625], "texture": "#1"},
				"west": {"uv": [2.0625, 8.25, 2, 8.40625], "texture": "#1"},
				"up": {"uv": [2.75, 8.8125, 2.84375, 8.75], "texture": "#1"},
				"down": {"uv": [8.75, 2.75, 8.84375, 2.8125], "texture": "#1"}
			}
		},
		{
			"from": [9.15, -1.525, 7.125],
			"to": [9.5, -0.875, 7.425],
			"rotation": {"angle": 22.5, "axis": "z", "origin": [10.675, -5.525, 6]},
			"faces": {
				"north": {"uv": [1.59375, 7.75, 1.5, 7.90625], "texture": "#1"},
				"east": {"uv": [8.3125, 2.25, 8.25, 2.40625], "texture": "#1"},
				"south": {"uv": [7.84375, 1.5, 7.75, 1.65625], "texture": "#1"},
				"west": {"uv": [2.3125, 8.25, 2.25, 8.40625], "texture": "#1"},
				"up": {"uv": [3, 8.8125, 3.09375, 8.75], "texture": "#1"},
				"down": {"uv": [8.75, 3, 8.84375, 3.0625], "texture": "#1"}
			}
		},
		{
			"from": [5.85, -2.1, 7.125],
			"to": [6.175, -1.45, 7.425],
			"rotation": {"angle": -22.5, "axis": "z", "origin": [7.375, -6.075, 6]},
			"faces": {
				"north": {"uv": [7.84375, 1.75, 7.75, 1.90625], "texture": "#1"},
				"east": {"uv": [8.3125, 2.5, 8.25, 2.65625], "texture": "#1"},
				"south": {"uv": [2.09375, 7.75, 2, 7.90625], "texture": "#1"},
				"west": {"uv": [2.5625, 8.25, 2.5, 8.40625], "texture": "#1"},
				"up": {"uv": [3.25, 8.8125, 3.34375, 8.75], "texture": "#1"},
				"down": {"uv": [8.75, 3.25, 8.84375, 3.3125], "texture": "#1"}
			}
		},
		{
			"from": [9.4, -0.925, 7.125],
			"to": [9.725, -0.275, 7.425],
			"rotation": {"angle": 22.5, "axis": "z", "origin": [10.925, -4.9, 6]},
			"faces": {
				"north": {"uv": [7.84375, 2, 7.75, 2.15625], "texture": "#1"},
				"east": {"uv": [3.0625, 8.25, 3, 8.40625], "texture": "#1"},
				"south": {"uv": [2.34375, 7.75, 2.25, 7.90625], "texture": "#1"},
				"west": {"uv": [8.3125, 2.75, 8.25, 2.90625], "texture": "#1"},
				"up": {"uv": [8.75, 3.5625, 8.84375, 3.5], "texture": "#1"},
				"down": {"uv": [3.75, 8.75, 3.84375, 8.8125], "texture": "#1"}
			}
		},
		{
			"from": [9.15, -0.35, 7.125],
			"to": [9.5, 0.3, 7.425],
			"rotation": {"angle": 22.5, "axis": "z", "origin": [10.675, -4.35, 6]},
			"faces": {
				"north": {"uv": [7.84375, 2.25, 7.75, 2.40625], "texture": "#1"},
				"east": {"uv": [3.3125, 8.25, 3.25, 8.40625], "texture": "#1"},
				"south": {"uv": [2.59375, 7.75, 2.5, 7.90625], "texture": "#1"},
				"west": {"uv": [8.3125, 3, 8.25, 3.15625], "texture": "#1"},
				"up": {"uv": [8.75, 3.8125, 8.84375, 3.75], "texture": "#1"},
				"down": {"uv": [4, 8.75, 4.09375, 8.8125], "texture": "#1"}
			}
		},
		{
			"from": [5.85, -0.925, 7.125],
			"to": [6.175, -0.775, 7.425],
			"rotation": {"angle": -22.5, "axis": "z", "origin": [7.375, -4.9, 6]},
			"faces": {
				"north": {"uv": [7.84375, 2.5, 7.75, 2.65625], "texture": "#1"},
				"east": {"uv": [8.3125, 3.5, 8.25, 3.65625], "texture": "#1"},
				"south": {"uv": [7.84375, 2.75, 7.75, 2.90625], "texture": "#1"},
				"west": {"uv": [8.3125, 3.25, 8.25, 3.40625], "texture": "#1"},
				"up": {"uv": [8.75, 4.0625, 8.84375, 4], "texture": "#1"},
				"down": {"uv": [4.25, 8.75, 4.34375, 8.8125], "texture": "#1"}
			}
		},
		{
			"from": [6.075, -0.925, 8.125],
			"to": [6.4, -0.275, 8.425],
			"rotation": {"angle": -22.5, "axis": "z", "origin": [7.6, -4.9, 7]},
			"faces": {
				"north": {"uv": [3.09375, 7.75, 3, 7.90625], "texture": "#1"},
				"east": {"uv": [8.3125, 3.75, 8.25, 3.90625], "texture": "#1"},
				"south": {"uv": [7.84375, 3, 7.75, 3.15625], "texture": "#1"},
				"west": {"uv": [3.8125, 8.25, 3.75, 8.40625], "texture": "#1"},
				"up": {"uv": [8.75, 4.3125, 8.84375, 4.25], "texture": "#1"},
				"down": {"uv": [4.5, 8.75, 4.59375, 8.8125], "texture": "#1"}
			}
		},
		{
			"from": [6.075, -2.1, 8.125],
			"to": [6.4, -1.45, 8.425],
			"rotation": {"angle": -22.5, "axis": "z", "origin": [7.6, -6.075, 7]},
			"faces": {
				"north": {"uv": [3.34375, 7.75, 3.25, 7.90625], "texture": "#1"},
				"east": {"uv": [8.3125, 4, 8.25, 4.15625], "texture": "#1"},
				"south": {"uv": [7.84375, 3.25, 7.75, 3.40625], "texture": "#1"},
				"west": {"uv": [4.0625, 8.25, 4, 8.40625], "texture": "#1"},
				"up": {"uv": [8.75, 4.5625, 8.84375, 4.5], "texture": "#1"},
				"down": {"uv": [4.75, 8.75, 4.84375, 8.8125], "texture": "#1"}
			}
		},
		{
			"from": [9.625, -0.925, 8.125],
			"to": [9.95, -0.275, 8.425],
			"rotation": {"angle": 22.5, "axis": "z", "origin": [11.15, -4.9, 7]},
			"faces": {
				"north": {"uv": [7.84375, 3.5, 7.75, 3.65625], "texture": "#1"},
				"east": {"uv": [8.3125, 4.25, 8.25, 4.40625], "texture": "#1"},
				"south": {"uv": [3.84375, 7.75, 3.75, 7.90625], "texture": "#1"},
				"west": {"uv": [4.3125, 8.25, 4.25, 8.40625], "texture": "#1"},
				"up": {"uv": [8.75, 4.8125, 8.84375, 4.75], "texture": "#1"},
				"down": {"uv": [5, 8.75, 5.09375, 8.8125], "texture": "#1"}
			}
		},
		{
			"from": [9.375, -0.35, 8.125],
			"to": [9.725, 0.3, 8.425],
			"rotation": {"angle": 22.5, "axis": "z", "origin": [10.9, -4.35, 7]},
			"faces": {
				"north": {"uv": [7.84375, 3.75, 7.75, 3.90625], "texture": "#1"},
				"east": {"uv": [8.3125, 4.5, 8.25, 4.65625], "texture": "#1"},
				"south": {"uv": [4.09375, 7.75, 4, 7.90625], "texture": "#1"},
				"west": {"uv": [4.5625, 8.25, 4.5, 8.40625], "texture": "#1"},
				"up": {"uv": [8.75, 5.0625, 8.84375, 5], "texture": "#1"},
				"down": {"uv": [5.25, 8.75, 5.34375, 8.8125], "texture": "#1"}
			}
		},
		{
			"from": [9.375, -1.525, 8.125],
			"to": [9.725, -0.875, 8.425],
			"rotation": {"angle": 22.5, "axis": "z", "origin": [10.9, -5.525, 7]},
			"faces": {
				"north": {"uv": [4.34375, 7.75, 4.25, 7.90625], "texture": "#1"},
				"east": {"uv": [8.3125, 4.75, 8.25, 4.90625], "texture": "#1"},
				"south": {"uv": [4.59375, 7.75, 4.5, 7.90625], "texture": "#1"},
				"west": {"uv": [4.8125, 8.25, 4.75, 8.40625], "texture": "#1"},
				"up": {"uv": [8.75, 5.3125, 8.84375, 5.25], "texture": "#1"},
				"down": {"uv": [5.5, 8.75, 5.59375, 8.8125], "texture": "#1"}
			}
		},
		{
			"from": [6.075, -3.3, 8.125],
			"to": [6.4, -2.65, 8.425],
			"rotation": {"angle": -22.5, "axis": "z", "origin": [7.6, -7.275, 7]},
			"faces": {
				"north": {"uv": [4.84375, 7.75, 4.75, 7.90625], "texture": "#1"},
				"east": {"uv": [8.3125, 5, 8.25, 5.15625], "texture": "#1"},
				"south": {"uv": [7.84375, 4.75, 7.75, 4.90625], "texture": "#1"},
				"west": {"uv": [5.0625, 8.25, 5, 8.40625], "texture": "#1"},
				"up": {"uv": [8.75, 5.5625, 8.84375, 5.5], "texture": "#1"},
				"down": {"uv": [5.75, 8.75, 5.84375, 8.8125], "texture": "#1"}
			}
		},
		{
			"from": [9.375, -2.725, 8.125],
			"to": [9.725, -2.075, 8.425],
			"rotation": {"angle": 22.5, "axis": "z", "origin": [10.9, -6.725, 7]},
			"faces": {
				"north": {"uv": [6.09375, 7.75, 6, 7.90625], "texture": "#1"},
				"east": {"uv": [8.3125, 5.75, 8.25, 5.90625], "texture": "#1"},
				"south": {"uv": [6.34375, 7.75, 6.25, 7.90625], "texture": "#1"},
				"west": {"uv": [5.8125, 8.25, 5.75, 8.40625], "texture": "#1"},
				"up": {"uv": [8.75, 6.3125, 8.84375, 6.25], "texture": "#1"},
				"down": {"uv": [6.5, 8.75, 6.59375, 8.8125], "texture": "#1"}
			}
		},
		{
			"from": [6.075, -4.5, 8.125],
			"to": [6.4, -3.85, 8.425],
			"rotation": {"angle": -22.5, "axis": "z", "origin": [7.6, -8.475, 7]},
			"faces": {
				"north": {"uv": [7.84375, 6.25, 7.75, 6.40625], "texture": "#1"},
				"east": {"uv": [8.3125, 6, 8.25, 6.15625], "texture": "#1"},
				"south": {"uv": [6.59375, 7.75, 6.5, 7.90625], "texture": "#1"},
				"west": {"uv": [6.0625, 8.25, 6, 8.40625], "texture": "#1"},
				"up": {"uv": [8.75, 6.5625, 8.84375, 6.5], "texture": "#1"},
				"down": {"uv": [6.75, 8.75, 6.84375, 8.8125], "texture": "#1"}
			}
		},
		{
			"from": [9.375, -3.925, 8.125],
			"to": [9.725, -3.275, 8.425],
			"rotation": {"angle": 22.5, "axis": "z", "origin": [10.9, -7.925, 7]},
			"faces": {
				"north": {"uv": [7.84375, 6.5, 7.75, 6.65625], "texture": "#1"},
				"east": {"uv": [8.3125, 6.25, 8.25, 6.40625], "texture": "#1"},
				"south": {"uv": [6.84375, 7.75, 6.75, 7.90625], "texture": "#1"},
				"west": {"uv": [6.3125, 8.25, 6.25, 8.40625], "texture": "#1"},
				"up": {"uv": [8.75, 6.8125, 8.84375, 6.75], "texture": "#1"},
				"down": {"uv": [7, 8.75, 7.09375, 8.8125], "texture": "#1"}
			}
		},
		{
			"from": [9.625, -4.525, 8.125],
			"to": [9.95, -3.875, 8.425],
			"rotation": {"angle": 22.5, "axis": "z", "origin": [11.15, -8.5, 7]},
			"faces": {
				"north": {"uv": [7.84375, 6.75, 7.75, 6.90625], "texture": "#1"},
				"east": {"uv": [8.3125, 6.5, 8.25, 6.65625], "texture": "#1"},
				"south": {"uv": [7.09375, 7.75, 7, 7.90625], "texture": "#1"},
				"west": {"uv": [6.5625, 8.25, 6.5, 8.40625], "texture": "#1"},
				"up": {"uv": [8.75, 7.0625, 8.84375, 7], "texture": "#1"},
				"down": {"uv": [7.25, 8.75, 7.34375, 8.8125], "texture": "#1"}
			}
		},
		{
			"from": [6.075, -5.7, 8.125],
			"to": [6.4, -5.05, 8.425],
			"rotation": {"angle": -22.5, "axis": "z", "origin": [7.6, -9.675, 7]},
			"faces": {
				"north": {"uv": [7.84375, 7, 7.75, 7.15625], "texture": "#1"},
				"east": {"uv": [8.3125, 6.75, 8.25, 6.90625], "texture": "#1"},
				"south": {"uv": [7.34375, 7.75, 7.25, 7.90625], "texture": "#1"},
				"west": {"uv": [6.8125, 8.25, 6.75, 8.40625], "texture": "#1"},
				"up": {"uv": [8.75, 7.3125, 8.84375, 7.25], "texture": "#1"},
				"down": {"uv": [7.5, 8.75, 7.59375, 8.8125], "texture": "#1"}
			}
		},
		{
			"from": [9.375, -5.125, 8.125],
			"to": [9.725, -4.475, 8.425],
			"rotation": {"angle": 22.5, "axis": "z", "origin": [10.9, -9.125, 7]},
			"faces": {
				"north": {"uv": [7.84375, 7.25, 7.75, 7.40625], "texture": "#1"},
				"east": {"uv": [7.3125, 8.25, 7.25, 8.40625], "texture": "#1"},
				"south": {"uv": [7.59375, 7.75, 7.5, 7.90625], "texture": "#1"},
				"west": {"uv": [7.0625, 8.25, 7, 8.40625], "texture": "#1"},
				"up": {"uv": [8.75, 7.5625, 8.84375, 7.5], "texture": "#1"},
				"down": {"uv": [7.75, 8.75, 7.84375, 8.8125], "texture": "#1"}
			}
		},
		{
			"from": [9.4, -0.925, 8.425],
			"to": [9.725, -0.275, 8.725],
			"rotation": {"angle": 22.5, "axis": "z", "origin": [10.925, -4.9, 7.3]},
			"faces": {
				"north": {"uv": [0.34375, 8, 0.25, 8.15625], "texture": "#1"},
				"east": {"uv": [8.0625, 8.25, 8, 8.40625], "texture": "#1"},
				"south": {"uv": [8.09375, 0.25, 8, 0.40625], "texture": "#1"},
				"west": {"uv": [8.3125, 7.75, 8.25, 7.90625], "texture": "#1"},
				"up": {"uv": [8.75, 8.3125, 8.84375, 8.25], "texture": "#1"},
				"down": {"uv": [8.5, 8.75, 8.59375, 8.8125], "texture": "#1"}
			}
		},
		{
			"from": [5.85, -2.1, 8.425],
			"to": [6.175, -1.45, 8.725],
			"rotation": {"angle": -22.5, "axis": "z", "origin": [7.375, -6.075, 7.3]},
			"faces": {
				"north": {"uv": [0.59375, 8, 0.5, 8.15625], "texture": "#1"},
				"east": {"uv": [8.3125, 8.25, 8.25, 8.40625], "texture": "#1"},
				"south": {"uv": [8.09375, 0.5, 8, 0.65625], "texture": "#1"},
				"west": {"uv": [8.3125, 8, 8.25, 8.15625], "texture": "#1"},
				"up": {"uv": [8.75, 8.5625, 8.84375, 8.5], "texture": "#1"},
				"down": {"uv": [8.75, 8.75, 8.84375, 8.8125], "texture": "#1"}
			}
		},
		{
			"from": [9.15, -1.525, 8.425],
			"to": [9.5, -0.875, 8.725],
			"rotation": {"angle": 22.5, "axis": "z", "origin": [10.675, -5.525, 7.3]},
			"faces": {
				"north": {"uv": [0.84375, 8, 0.75, 8.15625], "texture": "#1"},
				"east": {"uv": [8.5625, 0, 8.5, 0.15625], "texture": "#1"},
				"south": {"uv": [8.09375, 0.75, 8, 0.90625], "texture": "#1"},
				"west": {"uv": [0.0625, 8.5, 0, 8.65625], "texture": "#1"},
				"up": {"uv": [0, 9.0625, 0.09375, 9], "texture": "#1"},
				"down": {"uv": [9, 0, 9.09375, 0.0625], "texture": "#1"}
			}
		},
		{
			"from": [5.85, -3.3, 8.425],
			"to": [6.175, -2.65, 8.725],
			"rotation": {"angle": -22.5, "axis": "z", "origin": [7.375, -7.275, 7.3]},
			"faces": {
				"north": {"uv": [8.09375, 1, 8, 1.15625], "texture": "#1"},
				"east": {"uv": [8.5625, 0.25, 8.5, 0.40625], "texture": "#1"},
				"south": {"uv": [1.34375, 8, 1.25, 8.15625], "texture": "#1"},
				"west": {"uv": [0.3125, 8.5, 0.25, 8.65625], "texture": "#1"},
				"up": {"uv": [0.25, 9.0625, 0.34375, 9], "texture": "#1"},
				"down": {"uv": [9, 0.25, 9.09375, 0.3125], "texture": "#1"}
			}
		},
		{
			"from": [9.15, -2.725, 8.425],
			"to": [9.5, -2.075, 8.725],
			"rotation": {"angle": 22.5, "axis": "z", "origin": [10.675, -6.725, 7.3]},
			"faces": {
				"north": {"uv": [8.09375, 1.25, 8, 1.40625], "texture": "#1"},
				"east": {"uv": [8.5625, 0.5, 8.5, 0.65625], "texture": "#1"},
				"south": {"uv": [1.59375, 8, 1.5, 8.15625], "texture": "#1"},
				"west": {"uv": [0.5625, 8.5, 0.5, 8.65625], "texture": "#1"},
				"up": {"uv": [0.5, 9.0625, 0.59375, 9], "texture": "#1"},
				"down": {"uv": [9, 0.5, 9.09375, 0.5625], "texture": "#1"}
			}
		},
		{
			"from": [9.4, -3.325, 8.425],
			"to": [9.725, -2.675, 8.725],
			"rotation": {"angle": 22.5, "axis": "z", "origin": [10.925, -7.3, 7.3]},
			"faces": {
				"north": {"uv": [8.09375, 1.5, 8, 1.65625], "texture": "#1"},
				"east": {"uv": [8.5625, 0.75, 8.5, 0.90625], "texture": "#1"},
				"south": {"uv": [8.09375, 1.75, 8, 1.90625], "texture": "#1"},
				"west": {"uv": [0.8125, 8.5, 0.75, 8.65625], "texture": "#1"},
				"up": {"uv": [0.75, 9.0625, 0.84375, 9], "texture": "#1"},
				"down": {"uv": [9, 0.75, 9.09375, 0.8125], "texture": "#1"}
			}
		},
		{
			"from": [5.85, -4.5, 8.425],
			"to": [6.175, -3.85, 8.725],
			"rotation": {"angle": -22.5, "axis": "z", "origin": [7.375, -8.475, 7.3]},
			"faces": {
				"north": {"uv": [2.09375, 8, 2, 8.15625], "texture": "#1"},
				"east": {"uv": [8.5625, 1, 8.5, 1.15625], "texture": "#1"},
				"south": {"uv": [8.09375, 2, 8, 2.15625], "texture": "#1"},
				"west": {"uv": [1.0625, 8.5, 1, 8.65625], "texture": "#1"},
				"up": {"uv": [1, 9.0625, 1.09375, 9], "texture": "#1"},
				"down": {"uv": [9, 1, 9.09375, 1.0625], "texture": "#1"}
			}
		},
		{
			"from": [9.15, -3.925, 8.425],
			"to": [9.5, -3.275, 8.725],
			"rotation": {"angle": 22.5, "axis": "z", "origin": [10.675, -7.925, 7.3]},
			"faces": {
				"north": {"uv": [2.34375, 8, 2.25, 8.15625], "texture": "#1"},
				"east": {"uv": [8.5625, 1.25, 8.5, 1.40625], "texture": "#1"},
				"south": {"uv": [8.09375, 2.25, 8, 2.40625], "texture": "#1"},
				"west": {"uv": [1.3125, 8.5, 1.25, 8.65625], "texture": "#1"},
				"up": {"uv": [1.25, 9.0625, 1.34375, 9], "texture": "#1"},
				"down": {"uv": [9, 1.25, 9.09375, 1.3125], "texture": "#1"}
			}
		},
		{
			"from": [9.5, -4.525, 8.5],
			"to": [9.625, -3.875, 8.65],
			"rotation": {"angle": 22.5, "axis": "z", "origin": [10.925, -8.5, 7.3]},
			"faces": {
				"north": {"uv": [9.03125, 6, 9, 6.15625], "texture": "#1"},
				"east": {"uv": [6.53125, 9, 6.5, 9.15625], "texture": "#1"},
				"south": {"uv": [9.03125, 6.25, 9, 6.40625], "texture": "#1"},
				"west": {"uv": [6.28125, 9, 6.25, 9.15625], "texture": "#1"},
				"up": {"uv": [9, 7.28125, 9.03125, 7.25], "texture": "#1"},
				"down": {"uv": [7.5, 9, 7.53125, 9.03125], "texture": "#1"}
			}
		},
		{
			"from": [5.85, -5.7, 8.425],
			"to": [6.175, -5.05, 8.725],
			"rotation": {"angle": -22.5, "axis": "z", "origin": [7.375, -9.675, 7.3]},
			"faces": {
				"north": {"uv": [2.59375, 8, 2.5, 8.15625], "texture": "#1"},
				"east": {"uv": [8.5625, 1.5, 8.5, 1.65625], "texture": "#1"},
				"south": {"uv": [8.09375, 2.5, 8, 2.65625], "texture": "#1"},
				"west": {"uv": [1.5625, 8.5, 1.5, 8.65625], "texture": "#1"},
				"up": {"uv": [1.5, 9.0625, 1.59375, 9], "texture": "#1"},
				"down": {"uv": [9, 1.5, 9.09375, 1.5625], "texture": "#1"}
			}
		},
		{
			"from": [9.15, -5.125, 8.425],
			"to": [9.5, -4.475, 8.725],
			"rotation": {"angle": 22.5, "axis": "z", "origin": [10.675, -9.125, 7.3]},
			"faces": {
				"north": {"uv": [8.09375, 2.75, 8, 2.90625], "texture": "#1"},
				"east": {"uv": [8.5625, 1.75, 8.5, 1.90625], "texture": "#1"},
				"south": {"uv": [3.09375, 8, 3, 8.15625], "texture": "#1"},
				"west": {"uv": [1.8125, 8.5, 1.75, 8.65625], "texture": "#1"},
				"up": {"uv": [1.75, 9.0625, 1.84375, 9], "texture": "#1"},
				"down": {"uv": [9, 1.75, 9.09375, 1.8125], "texture": "#1"}
			}
		},
		{
			"from": [5.85, -0.925, 8.425],
			"to": [6.175, -0.275, 8.725],
			"rotation": {"angle": -22.5, "axis": "z", "origin": [7.375, -4.9, 7.3]},
			"faces": {
				"north": {"uv": [8.09375, 3.25, 8, 3.40625], "texture": "#1"},
				"east": {"uv": [8.5625, 2.25, 8.5, 2.40625], "texture": "#1"},
				"south": {"uv": [8.09375, 3.5, 8, 3.65625], "texture": "#1"},
				"west": {"uv": [2.3125, 8.5, 2.25, 8.65625], "texture": "#1"},
				"up": {"uv": [2.25, 9.0625, 2.34375, 9], "texture": "#1"},
				"down": {"uv": [9, 2.25, 9.09375, 2.3125], "texture": "#1"}
			}
		},
		{
			"from": [9.15, -0.35, 8.425],
			"to": [9.5, 0.3, 8.725],
			"rotation": {"angle": 22.5, "axis": "z", "origin": [10.675, -4.35, 7.3]},
			"faces": {
				"north": {"uv": [3.84375, 8, 3.75, 8.15625], "texture": "#1"},
				"east": {"uv": [8.5625, 2.5, 8.5, 2.65625], "texture": "#1"},
				"south": {"uv": [8.09375, 3.75, 8, 3.90625], "texture": "#1"},
				"west": {"uv": [2.5625, 8.5, 2.5, 8.65625], "texture": "#1"},
				"up": {"uv": [2.5, 9.0625, 2.59375, 9], "texture": "#1"},
				"down": {"uv": [9, 2.5, 9.09375, 2.5625], "texture": "#1"}
			}
		},
		{
			"from": [9.4, -0.925, 8.425],
			"to": [9.725, -0.275, 8.725],
			"rotation": {"angle": 22.5, "axis": "z", "origin": [10.925, -4.9, 7.3]},
			"faces": {
				"north": {"uv": [4.09375, 8, 4, 8.15625], "texture": "#1"},
				"east": {"uv": [8.5625, 2.75, 8.5, 2.90625], "texture": "#1"},
				"south": {"uv": [8.09375, 4, 8, 4.15625], "texture": "#1"},
				"west": {"uv": [2.8125, 8.5, 2.75, 8.65625], "texture": "#1"},
				"up": {"uv": [2.75, 9.0625, 2.84375, 9], "texture": "#1"},
				"down": {"uv": [9, 2.75, 9.09375, 2.8125], "texture": "#1"}
			}
		},
		{
			"from": [9.4, -4.525, 8.425],
			"to": [9.725, -3.875, 8.725],
			"rotation": {"angle": 22.5, "axis": "z", "origin": [10.925, -8.5, 7.3]},
			"faces": {
				"north": {"uv": [6.09375, 8, 6, 8.15625], "texture": "#1"},
				"east": {"uv": [5.0625, 8.5, 5, 8.65625], "texture": "#1"},
				"south": {"uv": [8.09375, 6, 8, 6.15625], "texture": "#1"},
				"west": {"uv": [8.5625, 4.75, 8.5, 4.90625], "texture": "#1"},
				"up": {"uv": [9, 4.8125, 9.09375, 4.75], "texture": "#1"},
				"down": {"uv": [5, 9, 5.09375, 9.0625], "texture": "#1"}
			}
		},
		{
			"from": [9.4, -2.125, 8.425],
			"to": [9.725, -1.475, 8.725],
			"rotation": {"angle": 22.5, "axis": "z", "origin": [10.925, -6.1, 7.3]},
			"faces": {
				"north": {"uv": [6.84375, 8, 6.75, 8.15625], "texture": "#1"},
				"east": {"uv": [5.8125, 8.5, 5.75, 8.65625], "texture": "#1"},
				"south": {"uv": [8.09375, 6.75, 8, 6.90625], "texture": "#1"},
				"west": {"uv": [8.5625, 5.5, 8.5, 5.65625], "texture": "#1"},
				"up": {"uv": [9, 5.5625, 9.09375, 5.5], "texture": "#1"},
				"down": {"uv": [5.75, 9, 5.84375, 9.0625], "texture": "#1"}
			}
		},
		{
			"from": [7.475, -2, 7.4],
			"to": [8.575, -1, 8.425],
			"rotation": {"angle": 0, "axis": "y", "origin": [9, -10, 7]},
			"faces": {
				"north": {"uv": [6.53125, 5, 6.25, 5.25], "texture": "#1"},
				"east": {"uv": [6.75, 6.5, 6.5, 6.75], "texture": "#1"},
				"south": {"uv": [5.53125, 6.25, 5.25, 6.5], "texture": "#1"},
				"west": {"uv": [6.75, 6, 6.5, 6.25], "texture": "#1"},
				"up": {"uv": [5.75, 6.5, 6.03125, 6.25], "texture": "#1"},
				"down": {"uv": [6.25, 6.25, 6.53125, 6.5], "texture": "#1"}
			}
		},
		{
			"from": [7.475, -4, 7.4],
			"to": [8.575, -3, 8.425],
			"rotation": {"angle": 0, "axis": "y", "origin": [9, -10, 7]},
			"faces": {
				"north": {"uv": [0.28125, 6.5, 0, 6.75], "texture": "#1"},
				"east": {"uv": [7, 0, 6.75, 0.25], "texture": "#1"},
				"south": {"uv": [0.78125, 6.5, 0.5, 6.75], "texture": "#1"},
				"west": {"uv": [0.25, 6.75, 0, 7], "texture": "#1"},
				"up": {"uv": [6.5, 1.75, 6.78125, 1.5], "texture": "#1"},
				"down": {"uv": [6.5, 1.75, 6.78125, 2], "texture": "#1"}
			}
		},
		{
			"from": [7.55, -3, 7.475],
			"to": [8.5, -2, 8.375],
			"rotation": {"angle": 0, "axis": "y", "origin": [9, -10, 7]},
			"faces": {
				"north": {"uv": [0.5, 6.75, 0.25, 7], "texture": "#1"},
				"east": {"uv": [6.96875, 4.25, 6.75, 4.5], "texture": "#1"},
				"south": {"uv": [7, 0.25, 6.75, 0.5], "texture": "#1"},
				"west": {"uv": [6.96875, 3.5, 6.75, 3.75], "texture": "#1"},
				"up": {"uv": [4.5, 6.96875, 4.75, 6.75], "texture": "#1"},
				"down": {"uv": [6.75, 4.5, 7, 4.71875], "texture": "#1"}
			}
		},
		{
			"from": [7.575, -5, 7.475],
			"to": [8.475, -4, 8.35],
			"rotation": {"angle": 0, "axis": "y", "origin": [9, -10, 7]},
			"faces": {
				"north": {"uv": [4.96875, 6.75, 4.75, 7], "texture": "#1"},
				"east": {"uv": [5.71875, 6.75, 5.5, 7], "texture": "#1"},
				"south": {"uv": [6.96875, 5.25, 6.75, 5.5], "texture": "#1"},
				"west": {"uv": [6.96875, 5, 6.75, 5.25], "texture": "#1"},
				"up": {"uv": [6.5, 6.96875, 6.71875, 6.75], "texture": "#1"},
				"down": {"uv": [6.75, 6.75, 6.96875, 6.96875], "texture": "#1"}
			}
		},
		{
			"from": [7.55, -1, 7.5],
			"to": [8.5, -0.675, 8.35],
			"rotation": {"angle": 0, "axis": "y", "origin": [9, -10, 7]},
			"faces": {
				"north": {"uv": [7.5, 4.25, 7.25, 4.34375], "texture": "#1"},
				"east": {"uv": [7.46875, 7.25, 7.25, 7.34375], "texture": "#1"},
				"south": {"uv": [7.5, 4.5, 7.25, 4.59375], "texture": "#1"},
				"west": {"uv": [7.21875, 7.25, 7, 7.34375], "texture": "#1"},
				"up": {"uv": [6.75, 5.71875, 7, 5.5], "texture": "#1"},
				"down": {"uv": [5.75, 6.75, 6, 6.96875], "texture": "#1"}
			}
		},
		{
			"from": [7.125, 0.05, 7.15],
			"to": [8.925, 0.325, 8.925],
			"rotation": {"angle": 0, "axis": "x", "origin": [9, -3.275, 7]},
			"faces": {
				"north": {"uv": [1.6875, 7.25, 1.25, 7.3125], "texture": "#1"},
				"east": {"uv": [7.6875, 1.75, 7.25, 1.8125], "texture": "#1"},
				"south": {"uv": [7.6875, 1.5, 7.25, 1.5625], "texture": "#1"},
				"west": {"uv": [7.6875, 1.25, 7.25, 1.3125], "texture": "#1"},
				"up": {"uv": [4.5, 4.4375, 4.9375, 4], "texture": "#1"},
				"down": {"uv": [4.5, 4.5, 4.9375, 4.9375], "texture": "#1"}
			}
		},
		{
			"from": [7.125, 0.5, 7.175],
			"to": [8.9, 0.725, 8.875],
			"rotation": {"angle": 0, "axis": "x", "origin": [9, -3.275, 7]},
			"faces": {
				"north": {"uv": [2.4375, 7.25, 2, 7.3125], "texture": "#1"},
				"east": {"uv": [7.6875, 3, 7.25, 3.0625], "texture": "#1"},
				"south": {"uv": [7.6875, 2.5, 7.25, 2.5625], "texture": "#1"},
				"west": {"uv": [7.6875, 2, 7.25, 2.0625], "texture": "#1"},
				"up": {"uv": [1.25, 5.1875, 1.6875, 4.75], "texture": "#1"},
				"down": {"uv": [4, 4.75, 4.4375, 5.1875], "texture": "#1"}
			}
		},
		{
			"from": [7.225, -0.675, 7.5],
			"to": [8.8, -0.525, 8.35],
			"rotation": {"angle": 0, "axis": "y", "origin": [9, -10, 7]},
			"faces": {
				"north": {"uv": [7.40625, 8, 7, 8.03125], "texture": "#1"},
				"east": {"uv": [8.96875, 0.25, 8.75, 0.28125], "texture": "#1"},
				"south": {"uv": [8.40625, 7, 8, 7.03125], "texture": "#1"},
				"west": {"uv": [0.46875, 8.75, 0.25, 8.78125], "texture": "#1"},
				"up": {"uv": [6, 6.21875, 6.40625, 6], "texture": "#1"},
				"down": {"uv": [0, 6.25, 0.40625, 6.46875], "texture": "#1"}
			}
		},
		{
			"from": [7.525, -7.15, 6.925],
			"to": [8.625, -6.6, 7.525],
			"rotation": {"angle": 0, "axis": "y", "origin": [9, -10, 6]},
			"faces": {
				"north": {"uv": [7.28125, 3.25, 7, 3.375], "texture": "#1"},
				"east": {"uv": [7.65625, 0.5, 7.5, 0.625], "texture": "#1"},
				"south": {"uv": [7.28125, 3.5, 7, 3.625], "texture": "#1"},
				"west": {"uv": [0.65625, 7.5, 0.5, 7.625], "texture": "#1"},
				"up": {"uv": [7, 2.40625, 7.28125, 2.25], "texture": "#1"},
				"down": {"uv": [7, 2.75, 7.28125, 2.90625], "texture": "#1"}
			}
		},
		{
			"from": [7.425, -7.725, 7.925],
			"to": [8.45, -6.875, 8.4],
			"rotation": {"angle": 0, "axis": "y", "origin": [9, -10.5, 7]},
			"faces": {
				"north": {"uv": [5.15625, 7, 5, 7.21875], "texture": "#1"},
				"east": {"uv": [3.375, 7.25, 3.25, 7.46875], "texture": "#1"},
				"south": {"uv": [5.40625, 7, 5.25, 7.21875], "texture": "#1"},
				"west": {"uv": [2.625, 7.25, 2.5, 7.46875], "texture": "#1"},
				"up": {"uv": [0.75, 7.625, 0.90625, 7.5], "texture": "#1"},
				"down": {"uv": [1.25, 7.5, 1.40625, 7.625], "texture": "#1"}
			}
		},
		{
			"from": [7.975, -9.15, 8.075],
			"to": [8.25, -7.75, 8.325],
			"rotation": {"angle": 0, "axis": "y", "origin": [9, -11.375, 7]},
			"faces": {
				"north": {"uv": [7.3125, 6.25, 7.25, 6.59375], "texture": "#1"},
				"east": {"uv": [7.3125, 6.75, 7.25, 7.09375], "texture": "#1"},
				"south": {"uv": [6.8125, 7.25, 6.75, 7.59375], "texture": "#1"},
				"west": {"uv": [6.5625, 7.25, 6.5, 7.59375], "texture": "#1"},
				"up": {"uv": [9, 6.5625, 9.0625, 6.5], "texture": "#1"},
				"down": {"uv": [6.75, 9, 6.8125, 9.0625], "texture": "#1"}
			}
		},
		{
			"from": [7.55, -5.05, 5.175],
			"to": [8.6, -4.325, 5.65],
			"rotation": {"angle": 45, "axis": "x", "origin": [9, -7.825, 4.25]},
			"faces": {
				"north": {"uv": [7.25, 1.5, 7, 1.6875], "texture": "#1"},
				"east": {"uv": [7.375, 5.25, 7.25, 5.4375], "texture": "#1"},
				"south": {"uv": [7.25, 1.75, 7, 1.9375], "texture": "#1"},
				"west": {"uv": [7.375, 5, 7.25, 5.1875], "texture": "#1"},
				"up": {"uv": [7, 6.375, 7.25, 6.25], "texture": "#1"},
				"down": {"uv": [6.5, 7, 6.75, 7.125], "texture": "#1"}
			}
		},
		{
			"from": [7.55, -5.35, 4.925],
			"to": [8.6, -4.575, 5.4],
			"rotation": {"angle": 45, "axis": "x", "origin": [9, -8.075, 4]},
			"faces": {
				"north": {"uv": [7.25, 2, 7, 2.1875], "texture": "#1"},
				"east": {"uv": [7.375, 5.5, 7.25, 5.6875], "texture": "#1"},
				"south": {"uv": [2.5, 7, 2.25, 7.1875], "texture": "#1"},
				"west": {"uv": [5.625, 7.25, 5.5, 7.4375], "texture": "#1"},
				"up": {"uv": [7, 6.625, 7.25, 6.5], "texture": "#1"},
				"down": {"uv": [6.75, 7, 7, 7.125], "texture": "#1"}
			}
		},
		{
			"from": [7.725, -5.475, 5.925],
			"to": [8.425, -5.2, 6.425],
			"rotation": {"angle": 45, "axis": "x", "origin": [9, -8.2, 5]},
			"faces": {
				"north": {"uv": [8.1875, 7.5, 8, 7.5625], "texture": "#1"},
				"east": {"uv": [8.875, 0, 8.75, 0.0625], "texture": "#1"},
				"south": {"uv": [7.9375, 8, 7.75, 8.0625], "texture": "#1"},
				"west": {"uv": [0.125, 8.75, 0, 8.8125], "texture": "#1"},
				"up": {"uv": [7.25, 5.875, 7.4375, 5.75], "texture": "#1"},
				"down": {"uv": [6, 7.25, 6.1875, 7.375], "texture": "#1"}
			}
		},
		{
			"from": [9.025, 2.2, 7.275],
			"to": [9.4, 3.725, 8.775],
			"rotation": {"angle": 0, "axis": "y", "origin": [10.55, 3.55, 7.675]},
			"faces": {
				"north": {"uv": [3.84375, 7, 3.75, 7.375], "texture": "#1"},
				"east": {"uv": [0.375, 5.75, 0, 6.125], "texture": "#1"},
				"south": {"uv": [7.09375, 3.75, 7, 4.125], "texture": "#1"},
				"west": {"uv": [5.875, 0.5, 5.5, 0.875], "texture": "#1"},
				"up": {"uv": [4, 7.375, 4.09375, 7], "texture": "#1"},
				"down": {"uv": [4.25, 7, 4.34375, 7.375], "texture": "#1"}
			}
		},
		{
			"from": [9.025, 1.4, 7.3],
			"to": [9.4, 2.375, 8.2],
			"rotation": {"angle": -22.5, "axis": "x", "origin": [10.55, 2.2, 7.7]},
			"faces": {
				"north": {"uv": [7.34375, 6, 7.25, 6.25], "texture": "#1"},
				"east": {"uv": [6.96875, 6, 6.75, 6.25], "texture": "#1"},
				"south": {"uv": [6.34375, 7.25, 6.25, 7.5], "texture": "#1"},
				"west": {"uv": [6.21875, 6.75, 6, 7], "texture": "#1"},
				"up": {"uv": [7.5, 0.21875, 7.59375, 0], "texture": "#1"},
				"down": {"uv": [7.5, 0.25, 7.59375, 0.46875], "texture": "#1"}
			}
		},
		{
			"from": [9.025, 1.35, 7.9],
			"to": [9.4, 2.3, 8.65],
			"rotation": {"angle": 22.5, "axis": "x", "origin": [10.55, 1.9, 8.45]},
			"faces": {
				"north": {"uv": [0.34375, 7.25, 0.25, 7.5625], "texture": "#1"},
				"east": {"uv": [2.1875, 6.75, 2, 7.0625], "texture": "#1"},
				"south": {"uv": [7.34375, 0.25, 7.25, 0.5625], "texture": "#1"},
				"west": {"uv": [1.4375, 6.75, 1.25, 7.0625], "texture": "#1"},
				"up": {"uv": [1.5, 7.6875, 1.59375, 7.5], "texture": "#1"},
				"down": {"uv": [2, 7.5, 2.09375, 7.6875], "texture": "#1"}
			}
		}
	],
	"display": {
		"thirdperson_righthand": {
			"rotation": [0, -152, 0],
			"translation": [0, 13, 1.25],
			"scale": [1.5, 1.5, 1.5]
		},
		"thirdperson_lefthand": {
			"translation": [0, 9, 1.5],
			"scale": [1.5, 1.5, 1.5]
		},
		"firstperson_righthand": {
			"rotation": [-28, -180, 0],
			"translation": [0, 6.5, 0],
			"scale": [0.8, 0.8, 0.8]
		},
		"firstperson_lefthand": {
			"rotation": [-21, 0, 0],
			"translation": [0, -1, 0]
		},
		"ground": {
			"rotation": [87, 101, 0],
			"translation": [0, -2.25, 0],
			"scale": [1.5, 1.5, 1.5]
		},
		"gui": {
			"rotation": [54, -48, 64],
			"translation": [0.5, -1, 0],
			"scale": [0.6, 0.54, 0.54]
		},
		"head": {
			"rotation": [85, -39, 90],
			"translation": [0, -12.25, 6.75],
			"scale": [1.5, 1.5, 1.5]
		},
		"fixed": {
			"rotation": [0, 83, 0],
			"translation": [0, 8.75, -4.25],
			"scale": [3, 3, 3]
		}
	}
}