{
	"credit": "Made with Blockbench",
	"texture_size": [32, 32],
	"textures": {
		"1": "item/custom/espadas/animados/morgan/morgan"
	},
	"elements": [
		{
			"from": [0, 0, 8],
			"to": [3, 3, 9],
			"rotation": {"angle": 0, "axis": "x", "origin": [0, 0, 7]},
			"faces": {
				"north": {"uv": [4, 7, 5.5, 8.5], "texture": "#1"},
				"east": {"uv": [11, 0.5, 11.5, 2], "texture": "#1"},
				"south": {"uv": [7.5, 5, 9, 6.5], "texture": "#1"},
				"west": {"uv": [2, 11, 2.5, 12.5], "texture": "#1"},
				"up": {"uv": [12.5, 2.5, 11, 2], "texture": "#1"},
				"down": {"uv": [4, 11, 2.5, 11.5], "texture": "#1"}
			}
		},
		{
			"from": [3, 3, 8],
			"to": [5, 5, 9],
			"rotation": {"angle": 0, "axis": "y", "origin": [3, 3, 7]},
			"faces": {
				"north": {"uv": [4, 10, 5, 11], "texture": "#1"},
				"east": {"uv": [9, 0, 9.5, 1], "texture": "#1"},
				"south": {"uv": [10, 6, 11, 7], "texture": "#1"},
				"west": {"uv": [1, 12, 1.5, 13], "texture": "#1"},
				"up": {"uv": [9, 5, 8, 4.5], "texture": "#1"},
				"down": {"uv": [10, 6, 9, 6.5], "texture": "#1"}
			}
		},
		{
			"from": [2, 5, 8],
			"to": [5, 9, 9],
			"rotation": {"angle": 0, "axis": "y", "origin": [3, 5, 7]},
			"faces": {
				"north": {"uv": [5, 1, 6.5, 3], "texture": "#1"},
				"east": {"uv": [10, 7, 10.5, 9], "texture": "#1"},
				"south": {"uv": [4, 5, 5.5, 7], "texture": "#1"},
				"west": {"uv": [5, 10.5, 5.5, 12.5], "texture": "#1"},
				"up": {"uv": [12.5, 3, 11, 2.5], "texture": "#1"},
				"down": {"uv": [12.5, 3, 11, 3.5], "texture": "#1"}
			}
		},
		{
			"from": [3, 9, 8],
			"to": [4, 10, 9],
			"rotation": {"angle": 0, "axis": "y", "origin": [3, 9, 7]},
			"faces": {
				"north": {"uv": [3.5, 8, 4, 8.5], "texture": "#1"},
				"east": {"uv": [5, 8.5, 5.5, 9], "texture": "#1"},
				"south": {"uv": [8, 9, 8.5, 9.5], "texture": "#1"},
				"west": {"uv": [3, 9.5, 3.5, 10], "texture": "#1"},
				"up": {"uv": [12.5, 12, 12, 11.5], "texture": "#1"},
				"down": {"uv": [12.5, 12, 12, 12.5], "texture": "#1"}
			}
		},
		{
			"from": [1.99, 1.99, 7.99],
			"to": [4.01, 4.01, 9.01],
			"rotation": {"angle": 0, "axis": "y", "origin": [2, 3, 7]},
			"faces": {
				"north": {"uv": [10.5, 4.5, 11.5, 5.5], "texture": "#1"},
				"east": {"uv": [12, 8, 12.5, 9], "texture": "#1"},
				"south": {"uv": [5.5, 10.5, 6.5, 11.5], "texture": "#1"},
				"west": {"uv": [10, 12, 10.5, 13], "texture": "#1"},
				"up": {"uv": [13, 9.5, 12, 9], "texture": "#1"},
				"down": {"uv": [11.5, 12, 10.5, 12.5], "texture": "#1"}
			}
		},
		{
			"from": [9, 3, 8],
			"to": [10, 4, 9],
			"rotation": {"angle": 0, "axis": "y", "origin": [8, 2, 7]},
			"faces": {
				"north": {"uv": [12.5, 0.5, 13, 1], "texture": "#1"},
				"east": {"uv": [12.5, 1, 13, 1.5], "texture": "#1"},
				"south": {"uv": [12.5, 1.5, 13, 2], "texture": "#1"},
				"west": {"uv": [2, 12.5, 2.5, 13], "texture": "#1"},
				"up": {"uv": [13, 2.5, 12.5, 2], "texture": "#1"},
				"down": {"uv": [3, 12.5, 2.5, 13], "texture": "#1"}
			}
		},
		{
			"from": [4.8999, 4.8999, 7.9999],
			"to": [8.1001, 8.1001, 9.0001],
			"rotation": {"angle": 0, "axis": "y", "origin": [5, 5, 7]},
			"faces": {
				"north": {"uv": [2, 6, 3.625, 7.625], "texture": "#1"},
				"east": {"uv": [7.5, 10.5, 8, 12.125], "texture": "#1"},
				"south": {"uv": [0, 7.5, 1.625, 9.125], "texture": "#1"},
				"west": {"uv": [10.5, 9.5, 11, 11.125], "texture": "#1"},
				"up": {"uv": [1.625, 11.5, 0, 11], "texture": "#1"},
				"down": {"uv": [12.625, 0, 11, 0.5], "texture": "#1"}
			}
		},
		{
			"from": [5.9998, 5.9998, 7.9998],
			"to": [9.0002, 9.0002, 9.0002],
			"rotation": {"angle": 0, "axis": "y", "origin": [6, 6, 7]},
			"faces": {
				"north": {"uv": [5.5, 7.5, 7, 9], "texture": "#1"},
				"east": {"uv": [4, 11, 4.5, 12.5], "texture": "#1"},
				"south": {"uv": [7, 7.5, 8.5, 9], "texture": "#1"},
				"west": {"uv": [4.5, 11, 5, 12.5], "texture": "#1"},
				"up": {"uv": [12.5, 4, 11, 3.5], "texture": "#1"},
				"down": {"uv": [12.5, 4, 11, 4.5], "texture": "#1"}
			}
		},
		{
			"from": [8, 8, 8],
			"to": [11, 11, 9],
			"rotation": {"angle": 0, "axis": "y", "origin": [8, 8, 7]},
			"faces": {
				"north": {"uv": [2, 8, 3.5, 9.5], "texture": "#1"},
				"east": {"uv": [8, 11, 8.5, 12.5], "texture": "#1"},
				"south": {"uv": [8, 3, 9.5, 4.5], "texture": "#1"},
				"west": {"uv": [8.5, 11, 9, 12.5], "texture": "#1"},
				"up": {"uv": [12.5, 6.5, 11, 6], "texture": "#1"},
				"down": {"uv": [12.5, 6.5, 11, 7], "texture": "#1"}
			}
		},
		{
			"from": [6.9999, 6.9999, 7.9999],
			"to": [10.0001, 10.0001, 9.0001],
			"rotation": {"angle": 0, "axis": "y", "origin": [7, 7, 7]},
			"faces": {
				"north": {"uv": [3.5, 8.5, 5, 10], "texture": "#1"},
				"east": {"uv": [9, 11, 9.5, 12.5], "texture": "#1"},
				"south": {"uv": [8.5, 6.5, 10, 8], "texture": "#1"},
				"west": {"uv": [11, 9.5, 11.5, 11], "texture": "#1"},
				"up": {"uv": [12.5, 11.5, 11, 11], "texture": "#1"},
				"down": {"uv": [1.5, 11.5, 0, 12], "texture": "#1"}
			}
		},
		{
			"from": [8.99, 8.99, 7.99],
			"to": [12.01, 12.01, 9.01],
			"rotation": {"angle": 0, "axis": "y", "origin": [9, 9, 7]},
			"faces": {
				"north": {"uv": [8.5, 8, 10, 9.5], "texture": "#1"},
				"east": {"uv": [11.5, 0.5, 12, 2], "texture": "#1"},
				"south": {"uv": [9, 4.5, 10.5, 6], "texture": "#1"},
				"west": {"uv": [1.5, 11.5, 2, 13], "texture": "#1"},
				"up": {"uv": [4, 12, 2.5, 11.5], "texture": "#1"},
				"down": {"uv": [13, 4.5, 11.5, 5], "texture": "#1"}
			}
		},
		{
			"from": [10, 10, 8],
			"to": [13, 13, 9],
			"rotation": {"angle": 0, "axis": "y", "origin": [10, 10, 7]},
			"faces": {
				"north": {"uv": [5, 9, 6.5, 10.5], "texture": "#1"},
				"east": {"uv": [5.5, 11.5, 6, 13], "texture": "#1"},
				"south": {"uv": [6.5, 9, 8, 10.5], "texture": "#1"},
				"west": {"uv": [6, 11.5, 6.5, 13], "texture": "#1"},
				"up": {"uv": [13, 5.5, 11.5, 5], "texture": "#1"},
				"down": {"uv": [13, 7, 11.5, 7.5], "texture": "#1"}
			}
		},
		{
			"from": [5, 2, 8],
			"to": [9, 5, 9],
			"rotation": {"angle": 0, "axis": "y", "origin": [5, 3, 7]},
			"faces": {
				"north": {"uv": [5.5, 5, 7.5, 6.5], "texture": "#1"},
				"east": {"uv": [6.5, 11.5, 7, 13], "texture": "#1"},
				"south": {"uv": [0, 6, 2, 7.5], "texture": "#1"},
				"west": {"uv": [7, 11.5, 7.5, 13], "texture": "#1"},
				"up": {"uv": [12, 9.5, 10, 9], "texture": "#1"},
				"down": {"uv": [12.5, 5.5, 10.5, 6], "texture": "#1"}
			}
		},
		{
			"from": [11.9999, 11.9999, 7.9999],
			"to": [15.0001, 15.0001, 9.0001],
			"rotation": {"angle": 0, "axis": "y", "origin": [12, 12, 7]},
			"faces": {
				"north": {"uv": [0, 9.5, 1.5, 11], "texture": "#1"},
				"east": {"uv": [11.5, 7.5, 12, 9], "texture": "#1"},
				"south": {"uv": [9.5, 0, 11, 1.5], "texture": "#1"},
				"west": {"uv": [9.5, 11.5, 10, 13], "texture": "#1"},
				"up": {"uv": [13, 10, 11.5, 9.5], "texture": "#1"},
				"down": {"uv": [11.5, 11.5, 10, 12], "texture": "#1"}
			}
		},
		{
			"from": [13, 13, 8],
			"to": [16, 16, 9],
			"rotation": {"angle": 0, "axis": "y", "origin": [13, 13, 7]},
			"faces": {
				"north": {"uv": [1.5, 9.5, 3, 11], "texture": "#1"},
				"east": {"uv": [11.5, 11.5, 12, 13], "texture": "#1"},
				"south": {"uv": [9.5, 1.5, 11, 3], "texture": "#1"},
				"west": {"uv": [0, 12, 0.5, 13.5], "texture": "#1"},
				"up": {"uv": [13, 10.5, 11.5, 10], "texture": "#1"},
				"down": {"uv": [13, 10.5, 11.5, 11], "texture": "#1"}
			}
		},
		{
			"from": [10.999, 10.999, 7.999],
			"to": [14.001, 14.001, 9.001],
			"rotation": {"angle": 0, "axis": "y", "origin": [11, 11, 7]},
			"faces": {
				"north": {"uv": [9.5, 3, 11, 4.5], "texture": "#1"},
				"east": {"uv": [0.5, 12, 1, 13.5], "texture": "#1"},
				"south": {"uv": [8, 9.5, 9.5, 11], "texture": "#1"},
				"west": {"uv": [12, 0.5, 12.5, 2], "texture": "#1"},
				"up": {"uv": [4, 12.5, 2.5, 12], "texture": "#1"},
				"down": {"uv": [13.5, 7.5, 12, 8], "texture": "#1"}
			}
		},
		{
			"from": [2, 6, 7.5],
			"to": [12, 8, 9.5],
			"rotation": {"angle": -45, "axis": "z", "origin": [7, 7, 8.5]},
			"faces": {
				"north": {"uv": [0, 0, 5, 1], "texture": "#1"},
				"east": {"uv": [9.5, 9.5, 10.5, 10.5], "texture": "#1"},
				"south": {"uv": [0, 1, 5, 2], "texture": "#1"},
				"west": {"uv": [3, 10, 4, 11], "texture": "#1"},
				"up": {"uv": [5, 3, 0, 2], "texture": "#1"},
				"down": {"uv": [5, 3, 0, 4], "texture": "#1"}
			}
		},
		{
			"from": [6, 9, 7.5],
			"to": [14, 11, 9.5],
			"rotation": {"angle": -45, "axis": "z", "origin": [10, 10, 8.5]},
			"faces": {
				"north": {"uv": [0, 4, 4, 5], "texture": "#1"},
				"east": {"uv": [6.5, 10.5, 7.5, 11.5], "texture": "#1"},
				"south": {"uv": [4, 4, 8, 5], "texture": "#1"},
				"west": {"uv": [10.5, 7, 11.5, 8], "texture": "#1"},
				"up": {"uv": [4, 6, 0, 5], "texture": "#1"},
				"down": {"uv": [9, 0, 5, 1], "texture": "#1"}
			}
		},
		{
			"from": [10, 12, 7.5],
			"to": [16, 14, 9.5],
			"rotation": {"angle": -45, "axis": "z", "origin": [13, 13, 8.5]},
			"faces": {
				"north": {"uv": [5, 3, 8, 4], "texture": "#1"},
				"east": {"uv": [10.5, 8, 11.5, 9], "texture": "#1"},
				"south": {"uv": [6.5, 1, 9.5, 2], "texture": "#1"},
				"west": {"uv": [9.5, 10.5, 10.5, 11.5], "texture": "#1"},
				"up": {"uv": [9.5, 3, 6.5, 2], "texture": "#1"},
				"down": {"uv": [8.5, 6.5, 5.5, 7.5], "texture": "#1"}
			}
		}
	],
	"display": {
		"thirdperson_righthand": {
			"rotation": [-155.21, -86.03, -114.05],
			"translation": [0.5, 5.5, 1.25]
		},
		"thirdperson_lefthand": {
			"rotation": [155.21, -86.03, 114.05],
			"translation": [0.5, 5.5, 1.25]
		},
		"firstperson_righthand": {
			"rotation": [92.91, -88.86, 138.18],
			"translation": [3.5, 5.25, -2.75],
			"scale": [1.16992, 1.06641, 1]
		},
		"firstperson_lefthand": {
			"rotation": [50.25, -88.75, 0],
			"translation": [3.5, 5.25, -2.75],
			"scale": [1.16992, 1.06641, 1]
		},
		"ground": {
			"translation": [-0.75, 4.25, 0.75]
		},
		"head": {
			"rotation": [0, 0, 45.5],
			"translation": [0, 17.25, 0]
		},
		"fixed": {
			"rotation": [90, -0.51, -135],
			"translation": [0.5, 0, -19.25],
			"scale": [1.81, 1.78, 1]
		}
	}
}