{
	"credit": "Made with Blockbench",
	"texture_size": [32, 32],
	"textures": {
		"1": "item/custom/espadas/sabredeluzpudim"
	},
	"elements": [
		{
			"from": [7.2, 0, 7],
			"to": [9, 0.5, 9],
			"rotation": {"angle": 0, "axis": "y", "origin": [7, 0, 7]},
			"faces": {
				"north": {"uv": [3.5, 3, 4.5, 3.25], "texture": "#1"},
				"east": {"uv": [3.5, 3.5, 4.5, 3.75], "texture": "#1"},
				"south": {"uv": [4, 0, 5, 0.25], "texture": "#1"},
				"west": {"uv": [4, 0.5, 5, 0.75], "texture": "#1"},
				"up": {"uv": [3, 1, 2, 0], "texture": "#1"},
				"down": {"uv": [3, 1, 2, 2], "texture": "#1"}
			}
		},
		{
			"from": [7.7, 1, 7.6],
			"to": [8.5, 24.1, 8.4],
			"rotation": {"angle": 0, "axis": "y", "origin": [6.5, 1, 6.5]},
			"faces": {
				"north": {"uv": [0, 0, 0.5, 11.5], "texture": "#1"},
				"east": {"uv": [0.5, 0, 1, 11.5], "texture": "#1"},
				"south": {"uv": [1, 0, 1.5, 11.5], "texture": "#1"},
				"west": {"uv": [1.5, 0, 2, 11.5], "texture": "#1"},
				"up": {"uv": [4, 4.5, 3.5, 4], "texture": "#1"},
				"down": {"uv": [4.5, 4, 4, 4.5], "texture": "#1"}
			}
		},
		{
			"from": [7.5, 0.3, 7.4],
			"to": [8.7, 3.6, 8.6],
			"rotation": {"angle": 0, "axis": "y", "origin": [7, 0.8, 7]},
			"faces": {
				"north": {"uv": [3, 1, 3.5, 2.75], "texture": "#1"},
				"east": {"uv": [2, 3, 2.5, 4.75], "texture": "#1"},
				"south": {"uv": [2.5, 3, 3, 4.75], "texture": "#1"},
				"west": {"uv": [3, 3, 3.5, 4.75], "texture": "#1"},
				"up": {"uv": [5, 1.5, 4.5, 1], "texture": "#1"},
				"down": {"uv": [5, 1.5, 4.5, 2], "texture": "#1"}
			}
		},
		{
			"from": [7.5, 5, 7.4],
			"to": [8.7, 5.4, 8.6],
			"rotation": {"angle": 0, "axis": "y", "origin": [7, 5, 7]},
			"faces": {
				"north": {"uv": [4.5, 4, 5, 4.25], "texture": "#1"},
				"east": {"uv": [4.5, 4.5, 5, 4.75], "texture": "#1"},
				"south": {"uv": [5, 0, 5.5, 0.25], "texture": "#1"},
				"west": {"uv": [5, 0.5, 5.5, 0.75], "texture": "#1"},
				"up": {"uv": [5, 2.5, 4.5, 2], "texture": "#1"},
				"down": {"uv": [5, 2.5, 4.5, 3], "texture": "#1"}
			}
		},
		{
			"from": [7.5, 3.8, 7.4],
			"to": [8.7, 4.2, 8.6],
			"rotation": {"angle": 0, "axis": "y", "origin": [7, 3.8, 7]},
			"faces": {
				"north": {"uv": [5, 1, 5.5, 1.25], "texture": "#1"},
				"east": {"uv": [5, 1.5, 5.5, 1.75], "texture": "#1"},
				"south": {"uv": [2, 5, 2.5, 5.25], "texture": "#1"},
				"west": {"uv": [5, 2, 5.5, 2.25], "texture": "#1"},
				"up": {"uv": [5, 3.5, 4.5, 3], "texture": "#1"},
				"down": {"uv": [4, 4.5, 3.5, 5], "texture": "#1"}
			}
		},
		{
			"from": [7.5, 4.4, 7.4],
			"to": [8.7, 4.8, 8.6],
			"rotation": {"angle": 0, "axis": "y", "origin": [7, 4.4, 7]},
			"faces": {
				"north": {"uv": [2.5, 5, 3, 5.25], "texture": "#1"},
				"east": {"uv": [5, 2.5, 5.5, 2.75], "texture": "#1"},
				"south": {"uv": [3, 5, 3.5, 5.25], "texture": "#1"},
				"west": {"uv": [5, 3, 5.5, 3.25], "texture": "#1"},
				"up": {"uv": [5, 4, 4.5, 3.5], "texture": "#1"},
				"down": {"uv": [4.5, 4.5, 4, 5], "texture": "#1"}
			}
		},
		{
			"from": [7.1, 5.5, 7],
			"to": [9.1, 6.3, 9],
			"rotation": {"angle": 0, "axis": "y", "origin": [7.1, 5.6, 7]},
			"faces": {
				"north": {"uv": [3.5, 1, 4.5, 1.5], "texture": "#1"},
				"east": {"uv": [3.5, 1.5, 4.5, 2], "texture": "#1"},
				"south": {"uv": [3.5, 2, 4.5, 2.5], "texture": "#1"},
				"west": {"uv": [3.5, 2.5, 4.5, 3], "texture": "#1"},
				"up": {"uv": [3, 3, 2, 2], "texture": "#1"},
				"down": {"uv": [4, 0, 3, 1], "texture": "#1"}
			}
		},
		{
			"from": [7.4, 2.5, 7.6],
			"to": [7.5, 2.7, 7.8],
			"rotation": {"angle": 0, "axis": "y", "origin": [6.4, 2.5, 5.7]},
			"faces": {
				"north": {"uv": [3.5, 5, 3.75, 5.25], "texture": "#1"},
				"east": {"uv": [5, 3.5, 5.25, 3.75], "texture": "#1"},
				"south": {"uv": [4, 5, 4.25, 5.25], "texture": "#1"},
				"west": {"uv": [5, 4, 5.25, 4.25], "texture": "#1"},
				"up": {"uv": [4.75, 5.25, 4.5, 5], "texture": "#1"},
				"down": {"uv": [5.25, 4.5, 5, 4.75], "texture": "#1"}
			}
		}
	],
	"display": {
		"thirdperson_righthand": {
			"translation": [0, 3.75, 0]
		},
		"thirdperson_lefthand": {
			"rotation": [0, -180, 0],
			"translation": [0, 3.75, -0.5]
		},
		"firstperson_righthand": {
			"translation": [0, 6, -1.25]
		},
		"firstperson_lefthand": {
			"rotation": [0, 180, 0],
			"translation": [0, 6, -1.25]
		},
		"ground": {
			"rotation": [0, 0, 102],
			"translation": [0, 4.25, 0]
		},
		"gui": {
			"rotation": [-13, 58, 42],
			"translation": [-0.25, -2, 0],
			"scale": [0.75, 0.72, 0.7]
		},
		"head": {
			"translation": [0, 14, 0]
		},
		"fixed": {
			"rotation": [-90, 0, 0],
			"translation": [0, 0, -16.5],
			"scale": [2, 2, 2]
		}
	}
}