{
	"credit": "Made with Blockbench",
	"texture_size": [32, 32],
	"textures": {
		"0": "item/custom/espadas/tacodebaseball",
		"particle": "item/custom/espadas/tacodebaseball"
	},
	"elements": [
		{
			"from": [7.2, 0.5, 7.2],
			"to": [8.8, 2, 8.8],
			"rotation": {"angle": 0, "axis": "x", "origin": [7, 0, 7]},
			"faces": {
				"north": {"uv": [8.5, 3, 9.75, 4], "texture": "#0"},
				"east": {"uv": [8.5, 4, 9.75, 5], "texture": "#0"},
				"south": {"uv": [8.5, 5, 9.75, 6], "texture": "#0"},
				"west": {"uv": [8.5, 6, 9.75, 7], "texture": "#0"},
				"up": {"uv": [6.75, 8.75, 5.5, 7.5], "texture": "#0"},
				"down": {"uv": [8.25, 7.5, 7, 8.75], "texture": "#0"}
			}
		},
		{
			"from": [7.5, 2, 7.5],
			"to": [8.5, 22, 8.5],
			"rotation": {"angle": 22.5, "axis": "y", "origin": [8, 12, 8]},
			"faces": {
				"north": {"uv": [0, 0, 1, 10], "texture": "#0"},
				"east": {"uv": [1, 0, 2, 10], "texture": "#0"},
				"south": {"uv": [2, 0, 3, 10], "texture": "#0"},
				"west": {"uv": [3, 0, 4, 10], "texture": "#0"},
				"up": {"uv": [9.5, 8, 8.5, 7], "texture": "#0"},
				"down": {"uv": [9.5, 8, 8.5, 9], "texture": "#0"}
			}
		},
		{
			"from": [7.1, 7, 7.1],
			"to": [8.9, 22.5, 8.9],
			"rotation": {"angle": 0, "axis": "x", "origin": [7, 20, 7]},
			"faces": {
				"north": {"uv": [4, 0, 5.125, 7.5], "texture": "#0"},
				"east": {"uv": [5.5, 0, 6.625, 7.5], "texture": "#0"},
				"south": {"uv": [7, 0, 8.125, 7.5], "texture": "#0"},
				"west": {"uv": [4, 7.5, 5.125, 15], "texture": "#0"},
				"up": {"uv": [9.625, 1.125, 8.5, 0], "texture": "#0"},
				"down": {"uv": [9.625, 1.5, 8.5, 2.625], "texture": "#0"}
			}
		}
	],
	"display": {
		"thirdperson_righthand": {
			"rotation": [0, -180, 0],
			"translation": [0, 2, 0]
		},
		"thirdperson_lefthand": {
			"translation": [0, 2, 0]
		},
		"firstperson_righthand": {
			"rotation": [0, -180, 0],
			"translation": [0, 2, -0.25]
		},
		"firstperson_lefthand": {
			"translation": [0, 2, -0.25]
		},
		"ground": {
			"translation": [0, 4.25, 0]
		},
		"gui": {
			"rotation": [93.75, -42.72, 53.27],
			"translation": [2.25, -1.75, 0]
		},
		"head": {
			"rotation": [90, 0, -90],
			"translation": [-7.25, 7.5, -5.75],
			"scale": [1.5, 1.5, 1.5]
		},
		"fixed": {
			"rotation": [90, 0, 0],
			"translation": [0, 0, -28.75],
			"scale": [2, 2, 2]
		}
	}
}