{
	"format_version": "1.9.0",
	"credit": "Made with Blockbench",
	"textures": {
		"0": "varinhainicial",
		"particle": "varinhainicial"
	},
	"elements": [
		{
			"from": [8.25, -3, 8.25],
			"to": [9.75, -2, 9.75],
			"shade": false,
			"rotation": {"angle": 0, "axis": "y", "origin": [8, -9, 8]},
			"faces": {
				"north": {"uv": [6, 8, 7.5, 9], "texture": "#0"},
				"east": {"uv": [8, 6, 9.5, 7], "texture": "#0"},
				"south": {"uv": [8, 7, 9.5, 8], "texture": "#0"},
				"west": {"uv": [8, 8, 9.5, 9], "texture": "#0"},
				"up": {"uv": [9.5, 1.5, 8, 0], "texture": "#0"},
				"down": {"uv": [9.5, 2, 8, 3.5], "texture": "#0"}
			}
		},
		{
			"from": [8.5, -2, 8.5],
			"to": [9.5, 1.75, 9.5],
			"shade": false,
			"rotation": {"angle": 0, "axis": "y", "origin": [8, -9, 8]},
			"faces": {
				"north": {"uv": [6, 0, 7, 3.75], "texture": "#0"},
				"east": {"uv": [6, 4, 7, 7.75], "texture": "#0"},
				"south": {"uv": [7, 0, 8, 3.75], "texture": "#0"},
				"west": {"uv": [7, 4, 8, 7.75], "texture": "#0"},
				"up": {"uv": [9, 10, 8, 9], "texture": "#0"},
				"down": {"uv": [10, 9, 9, 10], "texture": "#0"}
			}
		},
		{
			"from": [8.25, 1.75, 8.25],
			"to": [9.75, 2, 9.75],
			"shade": false,
			"rotation": {"angle": 0, "axis": "y", "origin": [8, -9, 8]},
			"faces": {
				"north": {"uv": [10, 0, 11.5, 0.25], "texture": "#0"},
				"east": {"uv": [10, 1, 11.5, 1.25], "texture": "#0"},
				"south": {"uv": [10, 2, 11.5, 2.25], "texture": "#0"},
				"west": {"uv": [10, 3, 11.5, 3.25], "texture": "#0"},
				"up": {"uv": [5.5, 9.5, 4, 8], "texture": "#0"},
				"down": {"uv": [9.5, 4, 8, 5.5], "texture": "#0"}
			}
		},
		{
			"from": [8.5, 2, 8.5],
			"to": [9.5, 6, 9.5],
			"rotation": {"angle": 0, "axis": "y", "origin": [8.75, -9, 8.75]},
			"faces": {
				"north": {"uv": [4, 0, 5, 4], "texture": "#0"},
				"east": {"uv": [4, 4, 5, 8], "texture": "#0"},
				"south": {"uv": [5, 0, 6, 4], "texture": "#0"},
				"west": {"uv": [5, 4, 6, 8], "texture": "#0"},
				"up": {"uv": [7, 10, 6, 9], "texture": "#0"},
				"down": {"uv": [8, 9, 7, 10], "texture": "#0"}
			}
		},
		{
			"from": [8.75, 6, 8.75],
			"to": [9.25, 17, 9.25],
			"shade": false,
			"rotation": {"angle": 0, "axis": "y", "origin": [8.75, -9, 8.75]},
			"faces": {
				"north": {"uv": [0, 0, 0.5, 11], "texture": "#0"},
				"east": {"uv": [1, 0, 1.5, 11], "texture": "#0"},
				"south": {"uv": [2, 0, 2.5, 11], "texture": "#0"},
				"west": {"uv": [3, 0, 3.5, 11], "texture": "#0"},
				"up": {"uv": [4.5, 10.5, 4, 10], "texture": "#0"},
				"down": {"uv": [10.5, 4, 10, 4.5], "texture": "#0"}
			}
		}
	],
	"display": {
		"thirdperson_righthand": {
			"rotation": [0, 42, 0],
			"translation": [-1, 6.5, 1.5]
		},
		"thirdperson_lefthand": {
			"rotation": [0, -47, 0],
			"translation": [1.75, 6.5, 1.25]
		},
		"firstperson_righthand": {
			"rotation": [-34, 21, 7],
			"translation": [-1.25, 4, 1]
		},
		"firstperson_lefthand": {
			"rotation": [-31, 8, 0],
			"translation": [0, 4.25, 0]
		},
		"ground": {
			"rotation": [93, 0, 0],
			"translation": [0.5, -0.75, 0]
		},
		"gui": {
			"rotation": [3, 0, 50],
			"translation": [-0.75, 0.75, 0],
			"scale": [0.83, 0.87, 0.7]
		},
		"head": {
			"translation": [6.25, -24, 0]
		},
		"fixed": {
			"rotation": [0, 0, 35],
			"translation": [-2.75, 0.25, -1.75]
		}
	}
}