{
    "parent": "item/handheld",
    "textures": {
        "layer0": "item/iron_sword"
    },
    "overrides": [
        {
            "predicate": {"custom_model_data": 1981819},
            "model": "item/weapons/cleaver"
        },
        {
            "predicate": {"custom_model_data": 1981820},
            "model": "item/weapons/iron_dagger"
        },
        {
            "predicate": {"custom_model_data": 1981821},
            "model": "item/weapons/iron_mace"
        },
        {
            "predicate": {"custom_model_data": 1981822},
            "model": "item/weapons/iron_rapier"
        },
        {
            "predicate": {"custom_model_data": 1981825},
            "model": "item/weapons/iron_warhammer"
        },
        {
            "predicate": {"custom_model_data": 1981826},
            "model": "item/weapons/iron_spear"
        },
        {
            "predicate": {"custom_model_data": 1981827},
            "model": "item/weapons/iron_greataxe"
        },
        {
            "predicate": {"custom_model_data": 1981840},
            "model": "item/weapons/iron_knuckles"
        },
        {
            "predicate": {"custom_model_data": 3510001},
            "model": "item/gui/skillicon_lightweapons"
        },
        {
            "predicate": {"custom_model_data": 9918290},
            "model": "item/weapons/copper_sword"
        },
        {
            "predicate": {"custom_model_data": 9918390},
            "model": "item/weapons/copper_dagger"
        },
        {
            "predicate": {"custom_model_data": 9918391},
            "model": "item/weapons/copper_mace"
        },
        {
            "predicate": {"custom_model_data": 9918392},
            "model": "item/weapons/copper_rapier"
        },
        {
            "predicate": {"custom_model_data": 9918395},
            "model": "item/weapons/copper_warhammer"
        },
        {
            "predicate": {"custom_model_data": 9918396},
            "model": "item/weapons/copper_spear"
        },
        {
            "predicate": {"custom_model_data": 9918397},
            "model": "item/weapons/copper_greataxe"
        },
        {
            "predicate": {"custom_model_data": 9918440},
            "model": "item/weapons/copper_knuckles"
        },
        {
            "predicate": {"custom_model_data": 1},
            "model": "item/custom/espadas/EspadaGuerreiroBasico"
        }
    ]
}