{
    "parent": "item/handheld",
    "textures": {
        "layer0": "item/netherite_sword"
    },
    "overrides": [
        {
            "predicate": {"custom_model_data": 1981820},
            "model": "item/weapons/netherite_dagger"
        },
        {
            "predicate": {"custom_model_data": 1981821},
            "model": "item/weapons/netherite_mace"
        },
        {
            "predicate": {"custom_model_data": 1981822},
            "model": "item/weapons/netherite_rapier"
        },
        {
            "predicate": {"custom_model_data": 1981825},
            "model": "item/weapons/netherite_warhammer"
        },
        {
            "predicate": {"custom_model_data": 1981826},
            "model": "item/weapons/netherite_spear"
        },
        {
            "predicate": {"custom_model_data": 1981827},
            "model": "item/weapons/netherite_greataxe"
        },
        {
            "predicate": {"custom_model_data": 1981840},
            "model": "item/weapons/netherite_knuckles"
        },
        {
            "predicate": {"custom_model_data": 1981920},
            "model": "item/weapons/royal_netherite_dagger"
        },
        {
            "predicate": {"custom_model_data": 1981921},
            "model": "item/weapons/royal_netherite_mace"
        },
        {
            "predicate": {"custom_model_data": 1981922},
            "model": "item/weapons/royal_netherite_rapier"
        },
        {
            "predicate": {"custom_model_data": 1981925},
            "model": "item/weapons/royal_netherite_warhammer"
        },
        {
            "predicate": {"custom_model_data": 1981926},
            "model": "item/weapons/royal_netherite_spear"
        },
        {
            "predicate": {"custom_model_data": 1981927},
            "model": "item/weapons/royal_netherite_greataxe"
        },
        {
            "predicate": {"custom_model_data": 1981940},
            "model": "item/weapons/royal_netherite_knuckles"
        },
        {
            "predicate": {"custom_model_data": 1981941},
            "model": "item/weapons/royal_netherite_sword"
        },
	{
            "predicate": {"custom_model_data": 100},
            "model": "item/custom/espadas/espada_vermelha"
        },
	{
            "predicate": {"custom_model_data": 101},
            "model": "item/custom/espadas/espadaferro"
        },
	{
            "predicate": {"custom_model_data": 102},
            "model": "item/custom/espadas/mao2"
        },
	{
            "predicate": {"custom_model_data": 103},
            "model": "item/custom/espadas/mao1"
        },
	{
            "predicate": {"custom_model_data": 104},
            "model": "item/custom/espadas/CharaKnife"
        },
	{
            "predicate": {"custom_model_data": 105},
            "model": "item/custom/espadas/leekhatsunemiku"
        },
	{
            "predicate": {"custom_model_data": 106},
            "model": "item/custom/espadas/Crowbar"
        },
	{
            "predicate": {"custom_model_data": 107},
            "model": "item/custom/espadas/cogumelosword"
        },
	{
            "predicate": {"custom_model_data": 108},
            "model": "item/custom/espadas/espadagatinho"
        },
	{
            "predicate": {"custom_model_data": 109},
            "model": "item/custom/espadas/tacodebaseball"
        }
    ]
}