{
    "parent": "item/handheld",
    "textures": {
        "layer0": "item/netherite_pickaxe"
    },
    "overrides": [
        {
            "predicate": {"custom_model_data": 1981900},
            "model": "item/tools/royal_netherite_pickaxe"
        },
   	{
            "predicate": {"custom_model_data": 200},
            "model": "item/custom/picaretas/picaretapudim"
        },
   	{
            "predicate": {"custom_model_data": 201},
            "model": "item/custom/picaretas/martelonokia"
        }
    ]
}