{
    "parent": "item/handheld",
    "textures": {
        "layer0": "item/netherite_axe"
    },
    "overrides": [
        {
            "predicate": {"custom_model_data": 1981900},
            "model": "item/tools/royal_netherite_axe"
        },
        {
            "predicate": {"custom_model_data": 300},
            "model": "item/custom/megamachado"
        },
        {
            "predicate": {"custom_model_data": 301},
            "model": "item/custom/megamachadoduplo"
        }
    ]
}