{
    "parent": "item/generated",
    "textures": {
        "layer0": "item/paper"
    },
    "overrides": [
        {
            "predicate": {"custom_model_data": 1829130},
            "model": "item/gui/button_toggle_unlocked_for_everyone"
        },
        {
            "predicate": {"custom_model_data": 1829131},
            "model": "item/gui/button_set_tool_requirement"
        },
        {
            "predicate": {"custom_model_data": 1829132},
            "model": "item/gui/button_toggle_exact_meta"
        },
        {
            "predicate": {"custom_model_data": 1829133},
            "model": "item/gui/button_set_tool_requirement_offset"
        },
        {
            "predicate": {"custom_model_data": 6788200},
            "model": "item/materials/polishing_compound"
        },
        {
            "predicate": {"custom_model_data": 9827320},
            "model": "item/materials/attuned_scroll"
        },
        {
            "predicate": {"custom_model_data": 1000},
            "model": "item/custom/itens_funny/PudimAmigo"
        },
        {
            "predicate": {"custom_model_data": 1001},
            "model": "item/custom/itens_funny/berry"
        }

    ]
}