{
    "parent": "item/generated",
    "textures": {
        "layer0": "item/paper"
    },
    "overrides": [
        {
            "predicate": {"custom_model_data": 1829130},
            "model": "item/gui/button_toggle_unlocked_for_everyone"
        },
        {
            "predicate": {"custom_model_data": 1829131},
            "model": "item/gui/button_set_tool_requirement"
        },
        {
            "predicate": {"custom_model_data": 1829132},
            "model": "item/gui/button_toggle_exact_meta"
        },
        {
            "predicate": {"custom_model_data": 1829133},
            "model": "item/gui/button_set_tool_requirement_offset"
        },
        {
            "predicate": {"custom_model_data": 6788200},
            "model": "item/materials/polishing_compound"
        },
        {
            "predicate": {"custom_model_data": 9827320},
            "model": "item/materials/attuned_scroll"
        },
        {
            "predicate": {"custom_model_data": 1000},
            "model": "item/custom/itens_funny/PudimAmigo"
        },
        {
            "predicate": {"custom_model_data": 1001},
            "model": "item/custom/itens_funny/berry"
        },
        {
            "predicate": {"custom_model_data": 1002},
            "model": "item/custom/itens_funny/materiavermelha"
        },
        {
            "predicate": {"custom_model_data": 1003},
            "model": "item/custom/itens_funny/tetopear"
        },
        {
            "predicate": {"custom_model_data": 1004},
            "model": "item/custom/itens_funny/speedcoil"
        },
        {
            "predicate": {"custom_model_data": 1005},
            "model": "item/custom/itens_funny/carteiradetrabalho"
        },
        {
            "predicate": {"custom_model_data": 1006},
            "model": "item/custom/itens_funny/medidorki"
        },
        {
            "predicate": {"custom_model_data": 1007},
            "model": "item/custom/itens_funny/sopapanois
        }
    ]
}