{
    "parent": "item/handheld",
    "textures": {
        "layer0": "item/netherite_axe"
    },
    "overrides": [
        {
            "predicate": {"custom_model_data": 1981900},
            "model": "item/tools/royal_netherite_axe"
        },
        {
            "predicate": {"custom_model_data": 300},
            "model": "item/custom/machados/megamachado"
        },
        {
            "predicate": {"custom_model_data": 301},
            "model": "item/custom/machados/megamachadoduplo"
        },
        {
            "predicate": {"custom_model_data": 302},
            "model": "item/custom/machados/lanca_negra"
        },
        {
            "predicate": {"custom_model_data": 303},
            "model": "item/custom/machados/nanamiblunt"
	}
    ]
}