{
    "parent": "item/generated",
    "textures": {
        "layer0": "item/red_dye"
    },
    "overrides": [
        {
            "predicate": {"custom_model_data": 1829131},
            "model": "item/gui/button_loot_selection"
        },
        {
            "predicate": {"custom_model_data": 603},
            "model": "item/custom/capacetes/coroa_de_sangue"
        },
        {
            "predicate": {"custom_model_data": 605},
            "model": "item/custom/capacetes/cogumelohelmet"
        },
        {
            "predicate": {"custom_model_data": 606},
            "model": "item/custom/capacetes/nanamiglasses"
	}
    ]
}