{
    "parent": "item/generated",
    "textures": {
        "layer0": "item/stick"
    },
    "overrides": [
        {
            "predicate": {"custom_model_data": 788},
            "model": "item/custom/item_magico/varinhainicial"
        },
        {
            "predicate": {"custom_model_data": 789},
            "model": "item/custom/item_magico/cajadogelo"
        },
        {
            "predicate": {"custom_model_data": 790},
            "model": "item/custom/item_magico/cajado"
        }
    ]
}