{
	"credit": "Made with Blockbench",
	"textures": {
		"0": "item/custom/machados/colherpedreiro",
		"particle": "item/custom/machados/colherpedreiro"
	},
	"elements": [
		{
			"from": [7.46621, 0, 7.06736],
			"to": [8.66621, 3, 8.26736],
			"rotation": {"angle": 22.5, "axis": "y", "origin": [8.86926, 6.24502, 8.0001]},
			"faces": {
				"north": {"uv": [8, 0, 9.25, 3], "texture": "#0"},
				"east": {"uv": [8, 3, 9.25, 6], "texture": "#0"},
				"south": {"uv": [8, 6, 9.25, 9], "texture": "#0"},
				"west": {"uv": [0, 9, 1.25, 12], "texture": "#0"},
				"up": {"uv": [11.25, 7.25, 10, 6], "texture": "#0"},
				"down": {"uv": [3.25, 11, 2, 12.25], "texture": "#0"}
			}
		},
		{
			"from": [7.36621, 3, 6.96736],
			"to": [8.76621, 4, 8.36736],
			"rotation": {"angle": 22.5, "axis": "y", "origin": [8.86926, 6.24502, 8.0001]},
			"faces": {
				"north": {"uv": [10, 8, 11.5, 9], "texture": "#0"},
				"east": {"uv": [4, 11, 5.5, 12], "texture": "#0"},
				"south": {"uv": [6, 11, 7.5, 12], "texture": "#0"},
				"west": {"uv": [8, 11, 9.5, 12], "texture": "#0"},
				"up": {"uv": [11.5, 3.5, 10, 2], "texture": "#0"},
				"down": {"uv": [11.5, 4, 10, 5.5], "texture": "#0"}
			}
		},
		{
			"from": [7.6999, 3.9999, 7.6999],
			"to": [8.3001, 5.0001, 8.3001],
			"rotation": {"angle": 0, "axis": "y", "origin": [8.86926, 6.24502, 8.0001]},
			"faces": {
				"north": {"uv": [8, 12, 8.5, 13], "texture": "#0"},
				"east": {"uv": [12, 8, 12.5, 9], "texture": "#0"},
				"south": {"uv": [9, 12, 9.5, 13], "texture": "#0"},
				"west": {"uv": [12, 9, 12.5, 10], "texture": "#0"},
				"up": {"uv": [13.5, 7.5, 13, 7], "texture": "#0"},
				"down": {"uv": [8.5, 13, 8, 13.5], "texture": "#0"}
			}
		},
		{
			"from": [8.27296, 4.60895, 7.6999],
			"to": [8.87316, 5.60915, 8.3001],
			"rotation": {"angle": -22.5, "axis": "z", "origin": [8.86926, 6.24502, 8.0001]},
			"faces": {
				"north": {"uv": [12, 10, 12.5, 11], "texture": "#0"},
				"east": {"uv": [12, 11, 12.5, 12], "texture": "#0"},
				"south": {"uv": [12, 12, 12.5, 13], "texture": "#0"},
				"west": {"uv": [13, 0, 13.5, 1], "texture": "#0"},
				"up": {"uv": [13.5, 8.5, 13, 8], "texture": "#0"},
				"down": {"uv": [9.5, 13, 9, 13.5], "texture": "#0"}
			}
		},
		{
			"from": [8.5693, 5.39109, 7.6999],
			"to": [9.1695, 6.39129, 8.3001],
			"rotation": {"angle": -45, "axis": "z", "origin": [8.86926, 6.24502, 8.0001]},
			"faces": {
				"north": {"uv": [13, 1, 13.5, 2], "texture": "#0"},
				"east": {"uv": [2, 13, 2.5, 14], "texture": "#0"},
				"south": {"uv": [13, 2, 13.5, 3], "texture": "#0"},
				"west": {"uv": [3, 13, 3.5, 14], "texture": "#0"},
				"up": {"uv": [13.5, 9.5, 13, 9], "texture": "#0"},
				"down": {"uv": [10.5, 13, 10, 13.5], "texture": "#0"}
			}
		},
		{
			"from": [8.88966, 5.97745, 7.6998],
			"to": [9.39046, 6.57825, 8.3006],
			"rotation": {"angle": 22.5, "axis": "z", "origin": [8.86926, 6.24502, 8.0001]},
			"faces": {
				"north": {"uv": [13, 10, 13.5, 10.5], "texture": "#0"},
				"east": {"uv": [11, 13, 11.5, 13.5], "texture": "#0"},
				"south": {"uv": [13, 11, 13.5, 11.5], "texture": "#0"},
				"west": {"uv": [12, 13, 12.5, 13.5], "texture": "#0"},
				"up": {"uv": [13.5, 12.5, 13, 12], "texture": "#0"},
				"down": {"uv": [13.5, 13, 13, 13.5], "texture": "#0"}
			}
		},
		{
			"from": [9.24829, 5.79826, 7.6997],
			"to": [9.94929, 6.39926, 8.3007],
			"rotation": {"angle": 45, "axis": "z", "origin": [8.86926, 6.24502, 8.0001]},
			"faces": {
				"north": {"uv": [13, 3, 13.75, 3.5], "texture": "#0"},
				"east": {"uv": [2, 14, 2.5, 14.5], "texture": "#0"},
				"south": {"uv": [13, 4, 13.75, 4.5], "texture": "#0"},
				"west": {"uv": [14, 2, 14.5, 2.5], "texture": "#0"},
				"up": {"uv": [13.75, 5.5, 13, 5], "texture": "#0"},
				"down": {"uv": [13.75, 6, 13, 6.5], "texture": "#0"}
			}
		},
		{
			"from": [9.53801, 6.38953, 7.0995],
			"to": [9.73901, 8.39053, 8.9005],
			"rotation": {"angle": 0, "axis": "z", "origin": [8.86926, 6.24502, 8.0001]},
			"faces": {
				"north": {"uv": [10, 11, 10.5, 13], "texture": "#0"},
				"east": {"uv": [2, 9, 3.75, 11], "texture": "#0"},
				"south": {"uv": [11, 11, 11.5, 13], "texture": "#0"},
				"west": {"uv": [4, 9, 5.75, 11], "texture": "#0"},
				"up": {"uv": [12.5, 3.75, 12, 2], "texture": "#0"},
				"down": {"uv": [4.5, 12, 4, 13.75], "texture": "#0"}
			}
		},
		{
			"from": [9.73811, 6.38963, 6.2996],
			"to": [9.93891, 10.39043, 9.7004],
			"rotation": {"angle": 0, "axis": "z", "origin": [8.96926, 6.24502, 8.0001]},
			"faces": {
				"north": {"uv": [0, 12, 0.25, 16], "texture": "#0"},
				"east": {"uv": [0, 5, 3.5, 9], "texture": "#0"},
				"south": {"uv": [1, 12, 1.25, 16], "texture": "#0"},
				"west": {"uv": [4, 5, 7.5, 9], "texture": "#0"},
				"up": {"uv": [12.25, 7.5, 12, 4], "texture": "#0"},
				"down": {"uv": [5.25, 12, 5, 15.5], "texture": "#0"}
			}
		},
		{
			"from": [9.83811, 6.38963, 6.0996],
			"to": [9.83891, 10.59043, 9.9004],
			"rotation": {"angle": 0, "axis": "z", "origin": [8.96926, 6.24502, 8.0001]},
			"faces": {
				"north": {"uv": [0, 0, 0, 4.25], "texture": "#0"},
				"east": {"uv": [0, 0, 3.75, 4.25], "texture": "#0"},
				"south": {"uv": [0, 0, 0, 4.25], "texture": "#0"},
				"west": {"uv": [4, 0, 7.75, 4.25], "texture": "#0"},
				"up": {"uv": [0, 3.75, 0, 0], "texture": "#0"},
				"down": {"uv": [0, 0, 0, 3.75], "texture": "#0"}
			}
		},
		{
			"from": [9.73811, 10.38963, 6.7996],
			"to": [9.93891, 11.39043, 9.2004],
			"rotation": {"angle": 0, "axis": "z", "origin": [8.96926, 6.24502, 8.0001]},
			"faces": {
				"north": {"uv": [14, 0, 14.25, 1], "texture": "#0"},
				"east": {"uv": [10, 0, 12.5, 1], "texture": "#0"},
				"south": {"uv": [14, 1, 14.25, 2], "texture": "#0"},
				"west": {"uv": [10, 1, 12.5, 2], "texture": "#0"},
				"up": {"uv": [6.25, 14.5, 6, 12], "texture": "#0"},
				"down": {"uv": [7.25, 12, 7, 14.5], "texture": "#0"}
			}
		},
		{
			"from": [9.83811, 10.38963, 6.5996],
			"to": [9.83891, 11.59043, 9.4004],
			"rotation": {"angle": 0, "axis": "z", "origin": [8.96926, 6.24502, 8.0001]},
			"faces": {
				"north": {"uv": [0, 0, 0, 1.25], "texture": "#0"},
				"east": {"uv": [6, 9, 8.75, 10.25], "texture": "#0"},
				"south": {"uv": [0, 0, 0, 1.25], "texture": "#0"},
				"west": {"uv": [9, 9, 11.75, 10.25], "texture": "#0"},
				"up": {"uv": [0, 2.75, 0, 0], "texture": "#0"},
				"down": {"uv": [0, 0, 0, 2.75], "texture": "#0"}
			}
		}
	],
	"display": {
		"thirdperson_righthand": {
			"rotation": [0, 90, 0],
			"translation": [0, 5, 0]
		},
		"thirdperson_lefthand": {
			"rotation": [0, -90, 0],
			"translation": [0, 5, 0]
		},
		"firstperson_righthand": {
			"rotation": [0, 80, 0],
			"translation": [0, 7, 0]
		},
		"firstperson_lefthand": {
			"rotation": [0, -102, 0],
			"translation": [0, 7, 0]
		},
		"ground": {
			"translation": [0, 4, 0]
		},
		"gui": {
			"rotation": [-132.43, 48.12, 124.22],
			"translation": [-0.75, 3, 0],
			"scale": [1.5, 1.5, 1.5]
		},
		"fixed": {
			"rotation": [0, -90, 0],
			"translation": [0, 0, -5.5],
			"scale": [3, 3, 3]
		}
	}
}