{
	"credit": "Made with Blockbench",
	"texture_size": [64, 64],
	"textures": {
		"0": "item/custom/machados/animados/lanca_negra/lanca_negra",
		"particle": "item/custom/machados/animados/lanca_negra/lanca_negra"
	},
	"elements": [
		{
			"from": [7.6, -12, 7.7],
			"to": [8.6, 10, 8.7],
			"rotation": {"angle": 0, "axis": "y", "origin": [8.09975, 7.50894, 5.24796]},
			"faces": {
				"north": {"uv": [0, 6.5, 0.25, 12], "texture": "#0"},
				"east": {"uv": [0.25, 6.5, 0.5, 12], "texture": "#0"},
				"south": {"uv": [0.5, 6.5, 0.75, 12], "texture": "#0"},
				"west": {"uv": [0.75, 6.5, 1, 12], "texture": "#0"},
				"up": {"uv": [7, 10.5, 6.75, 10.25], "texture": "#0"},
				"down": {"uv": [10.5, 6.75, 10.25, 7], "texture": "#0"}
			}
		},
		{
			"from": [7.8, -13, 7.9],
			"to": [8.4, -12, 8.5],
			"rotation": {"angle": 0, "axis": "y", "origin": [8.09975, 7.50894, 5.24796]},
			"faces": {
				"north": {"uv": [5.5, 11, 5.625, 11.25], "texture": "#0"},
				"east": {"uv": [5.75, 11, 5.875, 11.25], "texture": "#0"},
				"south": {"uv": [6, 11, 6.125, 11.25], "texture": "#0"},
				"west": {"uv": [6.25, 11, 6.375, 11.25], "texture": "#0"},
				"up": {"uv": [9.625, 11.125, 9.5, 11], "texture": "#0"},
				"down": {"uv": [11.125, 11, 11, 11.125], "texture": "#0"}
			}
		},
		{
			"from": [7.75, -13, 7.5],
			"to": [8.45, -12.7, 8.9],
			"rotation": {"angle": 0, "axis": "y", "origin": [8.09975, 7.50894, 5.24796]},
			"faces": {
				"north": {"uv": [3.5, 11.25, 3.6875, 11.3125], "texture": "#0"},
				"east": {"uv": [9, 11, 9.375, 11.0625], "texture": "#0"},
				"south": {"uv": [3.75, 11.25, 3.9375, 11.3125], "texture": "#0"},
				"west": {"uv": [11, 9, 11.375, 9.0625], "texture": "#0"},
				"up": {"uv": [6.4375, 10.625, 6.25, 10.25], "texture": "#0"},
				"down": {"uv": [6.6875, 10.25, 6.5, 10.625], "texture": "#0"}
			}
		},
		{
			"from": [7.525, -12, 7.5],
			"to": [8.675, -11.7, 8.9],
			"rotation": {"angle": 0, "axis": "y", "origin": [8.09975, 7.50894, 5.24796]},
			"faces": {
				"north": {"uv": [11, 9.75, 11.3125, 9.8125], "texture": "#0"},
				"east": {"uv": [11, 9.25, 11.375, 9.3125], "texture": "#0"},
				"south": {"uv": [10, 11, 10.3125, 11.0625], "texture": "#0"},
				"west": {"uv": [11, 9.5, 11.375, 9.5625], "texture": "#0"},
				"up": {"uv": [8.3125, 10.125, 8, 9.75], "texture": "#0"},
				"down": {"uv": [10.0625, 8.25, 9.75, 8.625], "texture": "#0"}
			}
		},
		{
			"from": [7.525, -7.96626, -6.74238],
			"to": [8.675, -7.66626, -5.76738],
			"rotation": {"angle": -45, "axis": "x", "origin": [8.09975, 7.50894, 5.24796]},
			"faces": {
				"north": {"uv": [11, 10, 11.3125, 10.0625], "texture": "#0"},
				"east": {"uv": [1.5, 11.25, 1.75, 11.3125], "texture": "#0"},
				"south": {"uv": [11, 10.25, 11.3125, 10.3125], "texture": "#0"},
				"west": {"uv": [1.75, 11.25, 2, 11.3125], "texture": "#0"},
				"up": {"uv": [10.3125, 8.25, 10, 8], "texture": "#0"},
				"down": {"uv": [5.0625, 10.25, 4.75, 10.5], "texture": "#0"}
			}
		},
		{
			"from": [7.525, -3.79145, 20.43812],
			"to": [8.675, -3.49145, 21.41312],
			"rotation": {"angle": 45, "axis": "x", "origin": [8.09975, 7.50894, 5.24796]},
			"faces": {
				"north": {"uv": [10.5, 11, 10.8125, 11.0625], "texture": "#0"},
				"east": {"uv": [2, 11.25, 2.25, 11.3125], "texture": "#0"},
				"south": {"uv": [11, 10.5, 11.3125, 10.5625], "texture": "#0"},
				"west": {"uv": [2.25, 11.25, 2.5, 11.3125], "texture": "#0"},
				"up": {"uv": [5.5625, 10.5, 5.25, 10.25], "texture": "#0"},
				"down": {"uv": [6.0625, 10.25, 5.75, 10.5], "texture": "#0"}
			}
		},
		{
			"from": [7.7, -11.04127, 15.87044],
			"to": [8.5, -10.04127, 16.47044],
			"rotation": {"angle": 22.5, "axis": "x", "origin": [8.09975, 7.50894, 5.24796]},
			"faces": {
				"north": {"uv": [10, 10.75, 10.1875, 11], "texture": "#0"},
				"east": {"uv": [6.5, 11, 6.625, 11.25], "texture": "#0"},
				"south": {"uv": [10.75, 10, 10.9375, 10.25], "texture": "#0"},
				"west": {"uv": [11, 6.5, 11.125, 6.75], "texture": "#0"},
				"up": {"uv": [8.1875, 11.125, 8, 11], "texture": "#0"},
				"down": {"uv": [11.1875, 8, 11, 8.125], "texture": "#0"}
			}
		},
		{
			"from": [7.7, -13.30067, -0.51986],
			"to": [8.5, -12.30067, 0.08014],
			"rotation": {"angle": -22.5, "axis": "x", "origin": [8.09975, 7.50894, 5.24796]},
			"faces": {
				"north": {"uv": [10.75, 10.25, 10.9375, 10.5], "texture": "#0"},
				"east": {"uv": [6.75, 11, 6.875, 11.25], "texture": "#0"},
				"south": {"uv": [10.5, 10.75, 10.6875, 11], "texture": "#0"},
				"west": {"uv": [11, 6.75, 11.125, 7], "texture": "#0"},
				"up": {"uv": [8.4375, 11.125, 8.25, 11], "texture": "#0"},
				"down": {"uv": [11.1875, 8.25, 11, 8.375], "texture": "#0"}
			}
		},
		{
			"from": [7.7, -5.78332, 22.26628],
			"to": [8.5, -5.33332, 22.71628],
			"rotation": {"angle": 45, "axis": "x", "origin": [8.09975, 7.50894, 5.24796]},
			"faces": {
				"north": {"uv": [8.5, 11, 8.6875, 11.125], "texture": "#0"},
				"east": {"uv": [1, 11.25, 1.125, 11.375], "texture": "#0"},
				"south": {"uv": [11, 8.5, 11.1875, 8.625], "texture": "#0"},
				"west": {"uv": [1.25, 11.25, 1.375, 11.375], "texture": "#0"},
				"up": {"uv": [8.9375, 11.125, 8.75, 11], "texture": "#0"},
				"down": {"uv": [11.1875, 8.75, 11, 8.875], "texture": "#0"}
			}
		},
		{
			"from": [7.5, -3.4, 7.6],
			"to": [8.7, -2.6, 8.8],
			"rotation": {"angle": 0, "axis": "y", "origin": [8.09975, 7.50894, 5.24796]},
			"faces": {
				"north": {"uv": [8.75, 10.5, 9.0625, 10.6875], "texture": "#0"},
				"east": {"uv": [10.5, 9, 10.8125, 9.1875], "texture": "#0"},
				"south": {"uv": [9.25, 10.5, 9.5625, 10.6875], "texture": "#0"},
				"west": {"uv": [10.5, 9.25, 10.8125, 9.4375], "texture": "#0"},
				"up": {"uv": [9.8125, 10.0625, 9.5, 9.75], "texture": "#0"},
				"down": {"uv": [1.8125, 10, 1.5, 10.3125], "texture": "#0"}
			}
		},
		{
			"from": [7.6, 10, 6.7],
			"to": [8.6, 11, 9.7],
			"rotation": {"angle": 0, "axis": "y", "origin": [8.09975, 7.50894, 5.24796]},
			"faces": {
				"north": {"uv": [7, 10.25, 7.25, 10.5], "texture": "#0"},
				"east": {"uv": [8.75, 7, 9.5, 7.25], "texture": "#0"},
				"south": {"uv": [10.25, 7, 10.5, 7.25], "texture": "#0"},
				"west": {"uv": [8.75, 7.25, 9.5, 7.5], "texture": "#0"},
				"up": {"uv": [1.25, 9.75, 1, 9], "texture": "#0"},
				"down": {"uv": [1.5, 9, 1.25, 9.75], "texture": "#0"}
			}
		},
		{
			"from": [8.1, 6, -8.3],
			"to": [8.1, 32, 15.7],
			"rotation": {"angle": 0, "axis": "y", "origin": [8.09975, 7.50894, 5.24796]},
			"faces": {
				"north": {"uv": [0, 0, 0, 6.5], "texture": "#0"},
				"east": {"uv": [0, 0, 6, 6.5], "texture": "#0"},
				"south": {"uv": [0, 0, 0, 6.5], "texture": "#0"},
				"west": {"uv": [6, 0, 12, 6.5], "texture": "#0"},
				"up": {"uv": [0, 6, 0, 0], "texture": "#0"},
				"down": {"uv": [0, 0, 0, 6], "texture": "#0"}
			}
		},
		{
			"from": [7.7, 10.1, 9.7],
			"to": [8.5, 10.9, 9.9],
			"rotation": {"angle": 0, "axis": "y", "origin": [8.09975, 7.50894, 5.24796]},
			"faces": {
				"north": {"uv": [2.5, 11, 2.6875, 11.1875], "texture": "#0"},
				"east": {"uv": [2.5, 11.25, 2.5625, 11.4375], "texture": "#0"},
				"south": {"uv": [2.75, 11, 2.9375, 11.1875], "texture": "#0"},
				"west": {"uv": [2.75, 11.25, 2.8125, 11.4375], "texture": "#0"},
				"up": {"uv": [3.1875, 11.3125, 3, 11.25], "texture": "#0"},
				"down": {"uv": [3.4375, 11.25, 3.25, 11.3125], "texture": "#0"}
			}
		},
		{
			"from": [7.6, 10.00425, 3.80616],
			"to": [8.6, 11.00425, 8.80616],
			"rotation": {"angle": 45, "axis": "x", "origin": [8.09975, 7.50894, 5.24796]},
			"faces": {
				"north": {"uv": [7.25, 10.25, 7.5, 10.5], "texture": "#0"},
				"east": {"uv": [7.5, 7, 8.75, 7.25], "texture": "#0"},
				"south": {"uv": [7.5, 10.25, 7.75, 10.5], "texture": "#0"},
				"west": {"uv": [7.5, 7.25, 8.75, 7.5], "texture": "#0"},
				"up": {"uv": [7.75, 8.75, 7.5, 7.5], "texture": "#0"},
				"down": {"uv": [8, 7.5, 7.75, 8.75], "texture": "#0"}
			}
		},
		{
			"from": [7.6, 24.08202, 6.7],
			"to": [8.6, 25.08202, 7.6],
			"rotation": {"angle": 0, "axis": "y", "origin": [8.09975, 7.50894, 5.24796]},
			"faces": {
				"north": {"uv": [10.25, 7.5, 10.5, 7.75], "texture": "#0"},
				"east": {"uv": [10.25, 7.75, 10.5, 8], "texture": "#0"},
				"south": {"uv": [8, 10.25, 8.25, 10.5], "texture": "#0"},
				"west": {"uv": [8.25, 10.25, 8.5, 10.5], "texture": "#0"},
				"up": {"uv": [10.5, 8.5, 10.25, 8.25], "texture": "#0"},
				"down": {"uv": [10.5, 8.5, 10.25, 8.75], "texture": "#0"}
			}
		},
		{
			"from": [7.6, 24.08202, 8.8],
			"to": [8.6, 25.08202, 10.6],
			"rotation": {"angle": 0, "axis": "y", "origin": [8.09975, 7.50894, 5.24796]},
			"faces": {
				"north": {"uv": [8.25, 10.5, 8.5, 10.75], "texture": "#0"},
				"east": {"uv": [8.5, 9.75, 8.9375, 10], "texture": "#0"},
				"south": {"uv": [10.5, 8.25, 10.75, 8.5], "texture": "#0"},
				"west": {"uv": [9.75, 8.75, 10.1875, 9], "texture": "#0"},
				"up": {"uv": [7, 10.1875, 6.75, 9.75], "texture": "#0"},
				"down": {"uv": [9.25, 9.75, 9, 10.1875], "texture": "#0"}
			}
		},
		{
			"from": [7.6, 10.36605, 2.63618],
			"to": [8.6, 11.36605, 5.63618],
			"rotation": {"angle": 22.5, "axis": "x", "origin": [8.09975, 7.50894, 5.24796]},
			"faces": {
				"north": {"uv": [10.25, 8.75, 10.5, 9], "texture": "#0"},
				"east": {"uv": [1.5, 9, 2.25, 9.25], "texture": "#0"},
				"south": {"uv": [9, 10.25, 9.25, 10.5], "texture": "#0"},
				"west": {"uv": [5.75, 9, 6.5, 9.25], "texture": "#0"},
				"up": {"uv": [2.5, 9.75, 2.25, 9], "texture": "#0"},
				"down": {"uv": [3.75, 9, 3.5, 9.75], "texture": "#0"}
			}
		},
		{
			"from": [7.6, 16.40707, -3.40482],
			"to": [8.6, 19.40707, -2.40482],
			"rotation": {"angle": 22.5, "axis": "x", "origin": [8.09975, 7.50894, 5.24796]},
			"faces": {
				"north": {"uv": [9, 7.5, 9.25, 8.25], "texture": "#0"},
				"east": {"uv": [9, 8.25, 9.25, 9], "texture": "#0"},
				"south": {"uv": [8.5, 9, 8.75, 9.75], "texture": "#0"},
				"west": {"uv": [8.75, 9, 9, 9.75], "texture": "#0"},
				"up": {"uv": [10.5, 9.25, 10.25, 9], "texture": "#0"},
				"down": {"uv": [9.5, 10.25, 9.25, 10.5], "texture": "#0"}
			}
		},
		{
			"from": [7.6, 19.05629, 12.9291],
			"to": [8.6, 20.05629, 15.9291],
			"rotation": {"angle": -45, "axis": "x", "origin": [8.09975, 7.50894, 5.24796]},
			"faces": {
				"north": {"uv": [10.25, 9.25, 10.5, 9.5], "texture": "#0"},
				"east": {"uv": [9, 6.5, 9.75, 6.75], "texture": "#0"},
				"south": {"uv": [9.5, 10.25, 9.75, 10.5], "texture": "#0"},
				"west": {"uv": [9, 6.75, 9.75, 7], "texture": "#0"},
				"up": {"uv": [9.25, 9.75, 9, 9], "texture": "#0"},
				"down": {"uv": [1.75, 9.25, 1.5, 10], "texture": "#0"}
			}
		},
		{
			"from": [7.7, 17.05629, 13.9291],
			"to": [8.5, 22.05629, 14.9291],
			"rotation": {"angle": -45, "axis": "x", "origin": [8.09975, 7.50894, 5.24796]},
			"faces": {
				"north": {"uv": [3.25, 8.5, 3.4375, 9.75], "texture": "#0"},
				"east": {"uv": [8, 7.5, 8.25, 8.75], "texture": "#0"},
				"south": {"uv": [3.75, 8.5, 3.9375, 9.75], "texture": "#0"},
				"west": {"uv": [4.75, 8.25, 5, 9.5], "texture": "#0"},
				"up": {"uv": [10.6875, 9.75, 10.5, 9.5], "texture": "#0"},
				"down": {"uv": [9.9375, 10.5, 9.75, 10.75], "texture": "#0"}
			}
		},
		{
			"from": [7.8, 22.05629, 14.0291],
			"to": [8.4, 23.05629, 14.8291],
			"rotation": {"angle": -45, "axis": "x", "origin": [8.09975, 7.50894, 5.24796]},
			"faces": {
				"north": {"uv": [3, 11, 3.125, 11.25], "texture": "#0"},
				"east": {"uv": [10.5, 9.75, 10.6875, 10], "texture": "#0"},
				"south": {"uv": [3.25, 11, 3.375, 11.25], "texture": "#0"},
				"west": {"uv": [10, 10.5, 10.1875, 10.75], "texture": "#0"},
				"up": {"uv": [7.125, 11.1875, 7, 11], "texture": "#0"},
				"down": {"uv": [11.125, 7, 11, 7.1875], "texture": "#0"}
			}
		},
		{
			"from": [7.6, 23.05629, 13.7291],
			"to": [8.6, 24.05629, 15.1291],
			"rotation": {"angle": -45, "axis": "x", "origin": [8.09975, 7.50894, 5.24796]},
			"faces": {
				"north": {"uv": [10.25, 9.5, 10.5, 9.75], "texture": "#0"},
				"east": {"uv": [9.75, 9.5, 10.125, 9.75], "texture": "#0"},
				"south": {"uv": [9.75, 10.25, 10, 10.5], "texture": "#0"},
				"west": {"uv": [10, 6.5, 10.375, 6.75], "texture": "#0"},
				"up": {"uv": [2.25, 10.375, 2, 10], "texture": "#0"},
				"down": {"uv": [10.25, 6.75, 10, 7.125], "texture": "#0"}
			}
		},
		{
			"from": [7.625, 21.65629, 13.8541],
			"to": [8.575, 22.05629, 15.0041],
			"rotation": {"angle": -45, "axis": "x", "origin": [8.09975, 7.50894, 5.24796]},
			"faces": {
				"north": {"uv": [3.5, 11, 3.75, 11.125], "texture": "#0"},
				"east": {"uv": [10.75, 10.75, 11.0625, 10.875], "texture": "#0"},
				"south": {"uv": [3.75, 11, 4, 11.125], "texture": "#0"},
				"west": {"uv": [1, 11, 1.3125, 11.125], "texture": "#0"},
				"up": {"uv": [10.25, 9.3125, 10, 9], "texture": "#0"},
				"down": {"uv": [10.25, 9.75, 10, 10.0625], "texture": "#0"}
			}
		},
		{
			"from": [7.6, 22.18867, 10.31439],
			"to": [8.6, 23.18867, 13.31439],
			"rotation": {"angle": -22.5, "axis": "x", "origin": [8.09975, 7.50894, 5.24796]},
			"faces": {
				"north": {"uv": [10.25, 9.75, 10.5, 10], "texture": "#0"},
				"east": {"uv": [5.75, 9.25, 6.5, 9.5], "texture": "#0"},
				"south": {"uv": [10, 10.25, 10.25, 10.5], "texture": "#0"},
				"west": {"uv": [9.25, 7.5, 10, 7.75], "texture": "#0"},
				"up": {"uv": [2, 10, 1.75, 9.25], "texture": "#0"},
				"down": {"uv": [2.25, 9.25, 2, 10], "texture": "#0"}
			}
		},
		{
			"from": [7.6, 9.14908, -1.25838],
			"to": [8.6, 10.14908, 1.74162],
			"rotation": {"angle": 45, "axis": "x", "origin": [8.09975, 7.50894, 5.24796]},
			"faces": {
				"north": {"uv": [10.25, 10, 10.5, 10.25], "texture": "#0"},
				"east": {"uv": [9.25, 7.75, 10, 8], "texture": "#0"},
				"south": {"uv": [10.25, 10.25, 10.5, 10.5], "texture": "#0"},
				"west": {"uv": [9.25, 8, 10, 8.25], "texture": "#0"},
				"up": {"uv": [9.5, 9, 9.25, 8.25], "texture": "#0"},
				"down": {"uv": [9.5, 9, 9.25, 9.75], "texture": "#0"}
			}
		},
		{
			"from": [7.6, 14.14766, 4.27339],
			"to": [8.6, 17.14766, 5.27339],
			"rotation": {"angle": -22.5, "axis": "x", "origin": [8.09975, 7.50894, 5.24796]},
			"faces": {
				"north": {"uv": [2.75, 9.5, 3, 10.25], "texture": "#0"},
				"east": {"uv": [3, 9.5, 3.25, 10.25], "texture": "#0"},
				"south": {"uv": [4, 9.5, 4.25, 10.25], "texture": "#0"},
				"west": {"uv": [4.25, 9.5, 4.5, 10.25], "texture": "#0"},
				"up": {"uv": [1.75, 10.75, 1.5, 10.5], "texture": "#0"},
				"down": {"uv": [2, 10.5, 1.75, 10.75], "texture": "#0"}
			}
		},
		{
			"from": [7.6, 16.04101, 0.65899],
			"to": [8.6, 19.04101, 1.65899],
			"rotation": {"angle": 0, "axis": "x", "origin": [8.09975, 7.50894, 5.24796]},
			"faces": {
				"north": {"uv": [4.5, 9.5, 4.75, 10.25], "texture": "#0"},
				"east": {"uv": [4.75, 9.5, 5, 10.25], "texture": "#0"},
				"south": {"uv": [5, 9.5, 5.25, 10.25], "texture": "#0"},
				"west": {"uv": [5.25, 9.5, 5.5, 10.25], "texture": "#0"},
				"up": {"uv": [2.25, 10.75, 2, 10.5], "texture": "#0"},
				"down": {"uv": [2.5, 10.5, 2.25, 10.75], "texture": "#0"}
			}
		},
		{
			"from": [7.6, 13.3, 6.7],
			"to": [8.6, 16, 9.7],
			"rotation": {"angle": 0, "axis": "y", "origin": [8.09975, 7.50894, 5.24796]},
			"faces": {
				"north": {"uv": [2.25, 9.75, 2.5, 10.4375], "texture": "#0"},
				"east": {"uv": [5, 6.5, 5.75, 7.1875], "texture": "#0"},
				"south": {"uv": [2.5, 9.75, 2.75, 10.4375], "texture": "#0"},
				"west": {"uv": [5.75, 6.5, 6.5, 7.1875], "texture": "#0"},
				"up": {"uv": [5.75, 10.25, 5.5, 9.5], "texture": "#0"},
				"down": {"uv": [6, 9.5, 5.75, 10.25], "texture": "#0"}
			}
		},
		{
			"from": [7.6, 8.86496, 12.87879],
			"to": [8.6, 11.86496, 15.77879],
			"rotation": {"angle": -45, "axis": "x", "origin": [8.09975, 7.50894, 5.24796]},
			"faces": {
				"north": {"uv": [6, 9.5, 6.25, 10.25], "texture": "#0"},
				"east": {"uv": [3.5, 6.5, 4.25, 7.25], "texture": "#0"},
				"south": {"uv": [6.25, 9.5, 6.5, 10.25], "texture": "#0"},
				"west": {"uv": [4.25, 6.5, 5, 7.25], "texture": "#0"},
				"up": {"uv": [6.75, 10.25, 6.5, 9.5], "texture": "#0"},
				"down": {"uv": [7.25, 9.5, 7, 10.25], "texture": "#0"}
			}
		},
		{
			"from": [7.7, 9.96496, 15.77879],
			"to": [8.5, 10.76496, 16.37879],
			"rotation": {"angle": -45, "axis": "x", "origin": [8.09975, 7.50894, 5.24796]},
			"faces": {
				"north": {"uv": [1.5, 11, 1.6875, 11.1875], "texture": "#0"},
				"east": {"uv": [7.25, 11, 7.375, 11.1875], "texture": "#0"},
				"south": {"uv": [1.75, 11, 1.9375, 11.1875], "texture": "#0"},
				"west": {"uv": [11, 7.25, 11.125, 7.4375], "texture": "#0"},
				"up": {"uv": [7.6875, 11.125, 7.5, 11], "texture": "#0"},
				"down": {"uv": [11.1875, 7.5, 11, 7.625], "texture": "#0"}
			}
		},
		{
			"from": [7.4, 9.66496, 16.37879],
			"to": [8.8, 11.06496, 16.97879],
			"rotation": {"angle": -45, "axis": "x", "origin": [8.09975, 7.50894, 5.24796]},
			"faces": {
				"north": {"uv": [9.5, 7, 9.875, 7.375], "texture": "#0"},
				"east": {"uv": [10.5, 10, 10.625, 10.375], "texture": "#0"},
				"south": {"uv": [3.25, 9.75, 3.625, 10.125], "texture": "#0"},
				"west": {"uv": [10.25, 10.5, 10.375, 10.875], "texture": "#0"},
				"up": {"uv": [10.875, 10.625, 10.5, 10.5], "texture": "#0"},
				"down": {"uv": [1.375, 10.75, 1, 10.875], "texture": "#0"}
			}
		},
		{
			"from": [7.575, 8.46496, 12.87879],
			"to": [8.625, 12.26496, 13.77879],
			"rotation": {"angle": -45, "axis": "x", "origin": [8.09975, 7.50894, 5.24796]},
			"faces": {
				"north": {"uv": [4, 8.5, 4.25, 9.4375], "texture": "#0"},
				"east": {"uv": [4.25, 8.5, 4.5, 9.4375], "texture": "#0"},
				"south": {"uv": [4.5, 8.5, 4.75, 9.4375], "texture": "#0"},
				"west": {"uv": [6.5, 8.5, 6.75, 9.4375], "texture": "#0"},
				"up": {"uv": [2.75, 10.75, 2.5, 10.5], "texture": "#0"},
				"down": {"uv": [5, 10.5, 4.75, 10.75], "texture": "#0"}
			}
		},
		{
			"from": [7.6, 13.3, 5.7],
			"to": [8.6, 14, 6.7],
			"rotation": {"angle": 0, "axis": "y", "origin": [8.09975, 7.50894, 5.24796]},
			"faces": {
				"north": {"uv": [1.5, 10.75, 1.75, 10.9375], "texture": "#0"},
				"east": {"uv": [1.75, 10.75, 2, 10.9375], "texture": "#0"},
				"south": {"uv": [2, 10.75, 2.25, 10.9375], "texture": "#0"},
				"west": {"uv": [2.25, 10.75, 2.5, 10.9375], "texture": "#0"},
				"up": {"uv": [5.25, 10.75, 5, 10.5], "texture": "#0"},
				"down": {"uv": [5.5, 10.5, 5.25, 10.75], "texture": "#0"}
			}
		},
		{
			"from": [7.6, 18.16177, -0.85488],
			"to": [8.6, 19.16177, -0.15488],
			"rotation": {"angle": 22.5, "axis": "x", "origin": [8.09975, 7.50894, 5.24796]},
			"faces": {
				"north": {"uv": [5.5, 10.5, 5.75, 10.75], "texture": "#0"},
				"east": {"uv": [2.5, 10.75, 2.6875, 11], "texture": "#0"},
				"south": {"uv": [5.75, 10.5, 6, 10.75], "texture": "#0"},
				"west": {"uv": [2.75, 10.75, 2.9375, 11], "texture": "#0"},
				"up": {"uv": [3.25, 10.9375, 3, 10.75], "texture": "#0"},
				"down": {"uv": [3.5, 10.75, 3.25, 10.9375], "texture": "#0"}
			}
		},
		{
			"from": [7.6, 16.90658, 13.67831],
			"to": [8.6, 17.60658, 14.67831],
			"rotation": {"angle": -45, "axis": "x", "origin": [8.09975, 7.50894, 5.24796]},
			"faces": {
				"north": {"uv": [3.5, 10.75, 3.75, 10.9375], "texture": "#0"},
				"east": {"uv": [3.75, 10.75, 4, 10.9375], "texture": "#0"},
				"south": {"uv": [4, 10.75, 4.25, 10.9375], "texture": "#0"},
				"west": {"uv": [4.25, 10.75, 4.5, 10.9375], "texture": "#0"},
				"up": {"uv": [6.25, 10.75, 6, 10.5], "texture": "#0"},
				"down": {"uv": [10.75, 6.5, 10.5, 6.75], "texture": "#0"}
			}
		},
		{
			"from": [7.6, 19.74678, 10.09627],
			"to": [8.6, 20.44678, 11.09627],
			"rotation": {"angle": -22.5, "axis": "x", "origin": [8.09975, 7.50894, 5.24796]},
			"faces": {
				"north": {"uv": [4.5, 10.75, 4.75, 10.9375], "texture": "#0"},
				"east": {"uv": [4.75, 10.75, 5, 10.9375], "texture": "#0"},
				"south": {"uv": [5, 10.75, 5.25, 10.9375], "texture": "#0"},
				"west": {"uv": [5.25, 10.75, 5.5, 10.9375], "texture": "#0"},
				"up": {"uv": [7, 10.75, 6.75, 10.5], "texture": "#0"},
				"down": {"uv": [10.75, 6.75, 10.5, 7], "texture": "#0"}
			}
		},
		{
			"from": [7.6, 21, 5.7],
			"to": [8.6, 21.7, 7.7],
			"rotation": {"angle": 0, "axis": "y", "origin": [8.09975, 7.50894, 5.24796]},
			"faces": {
				"north": {"uv": [5.5, 10.75, 5.75, 10.9375], "texture": "#0"},
				"east": {"uv": [7.25, 10, 7.75, 10.1875], "texture": "#0"},
				"south": {"uv": [5.75, 10.75, 6, 10.9375], "texture": "#0"},
				"west": {"uv": [10, 7.25, 10.5, 7.4375], "texture": "#0"},
				"up": {"uv": [4, 10.25, 3.75, 9.75], "texture": "#0"},
				"down": {"uv": [10, 6.5, 9.75, 7], "texture": "#0"}
			}
		},
		{
			"from": [7.6, 13.03217, 2.44945],
			"to": [8.6, 13.73217, 3.44945],
			"rotation": {"angle": 22.5, "axis": "x", "origin": [8.09975, 7.50894, 5.24796]},
			"faces": {
				"north": {"uv": [6, 10.75, 6.25, 10.9375], "texture": "#0"},
				"east": {"uv": [6.25, 10.75, 6.5, 10.9375], "texture": "#0"},
				"south": {"uv": [6.5, 10.75, 6.75, 10.9375], "texture": "#0"},
				"west": {"uv": [10.75, 6.5, 11, 6.6875], "texture": "#0"},
				"up": {"uv": [7.25, 10.75, 7, 10.5], "texture": "#0"},
				"down": {"uv": [10.75, 7, 10.5, 7.25], "texture": "#0"}
			}
		},
		{
			"from": [7.6, 11.54079, -0.45118],
			"to": [8.6, 12.24079, 0.54882],
			"rotation": {"angle": 45, "axis": "x", "origin": [8.09975, 7.50894, 5.24796]},
			"faces": {
				"north": {"uv": [6.75, 10.75, 7, 10.9375], "texture": "#0"},
				"east": {"uv": [10.75, 6.75, 11, 6.9375], "texture": "#0"},
				"south": {"uv": [7, 10.75, 7.25, 10.9375], "texture": "#0"},
				"west": {"uv": [10.75, 7, 11, 7.1875], "texture": "#0"},
				"up": {"uv": [7.5, 10.75, 7.25, 10.5], "texture": "#0"},
				"down": {"uv": [10.75, 7.25, 10.5, 7.5], "texture": "#0"}
			}
		},
		{
			"from": [7.65, 5.54079, -0.35118],
			"to": [8.55, 12.24079, 0.44882],
			"rotation": {"angle": 45, "axis": "x", "origin": [8.09975, 7.50894, 5.24796]},
			"faces": {
				"north": {"uv": [7, 6.5, 7.25, 8.1875], "texture": "#0"},
				"east": {"uv": [5.75, 7.25, 5.9375, 8.9375], "texture": "#0"},
				"south": {"uv": [3.5, 7.25, 3.75, 8.9375], "texture": "#0"},
				"west": {"uv": [6, 7.25, 6.1875, 8.9375], "texture": "#0"},
				"up": {"uv": [7.5, 10.9375, 7.25, 10.75], "texture": "#0"},
				"down": {"uv": [11, 7.25, 10.75, 7.4375], "texture": "#0"}
			}
		},
		{
			"from": [7.55, 4.94079, -0.45118],
			"to": [8.65, 5.54079, 0.54882],
			"rotation": {"angle": 45, "axis": "x", "origin": [8.09975, 7.50894, 5.24796]},
			"faces": {
				"north": {"uv": [4, 11, 4.25, 11.125], "texture": "#0"},
				"east": {"uv": [4.25, 11, 4.5, 11.125], "texture": "#0"},
				"south": {"uv": [4.5, 11, 4.75, 11.125], "texture": "#0"},
				"west": {"uv": [4.75, 11, 5, 11.125], "texture": "#0"},
				"up": {"uv": [7.75, 10.75, 7.5, 10.5], "texture": "#0"},
				"down": {"uv": [10.75, 7.5, 10.5, 7.75], "texture": "#0"}
			}
		},
		{
			"from": [7.6, 14.31718, 6.79194],
			"to": [8.6, 15.31718, 7.49194],
			"rotation": {"angle": -22.5, "axis": "x", "origin": [8.09975, 7.50894, 5.24796]},
			"faces": {
				"north": {"uv": [7.75, 10.5, 8, 10.75], "texture": "#0"},
				"east": {"uv": [7.5, 10.75, 7.6875, 11], "texture": "#0"},
				"south": {"uv": [10.5, 7.75, 10.75, 8], "texture": "#0"},
				"west": {"uv": [10.75, 7.5, 10.9375, 7.75], "texture": "#0"},
				"up": {"uv": [8, 10.9375, 7.75, 10.75], "texture": "#0"},
				"down": {"uv": [11, 7.75, 10.75, 7.9375], "texture": "#0"}
			}
		},
		{
			"from": [7.6, 15.31367, 3.68633],
			"to": [8.6, 19.71367, 4.38633],
			"rotation": {"angle": 0, "axis": "x", "origin": [8.09975, 7.50894, 5.24796]},
			"faces": {
				"north": {"uv": [8.25, 7.5, 8.5, 8.625], "texture": "#0"},
				"east": {"uv": [7.5, 8.75, 7.6875, 9.875], "texture": "#0"},
				"south": {"uv": [2.5, 8.5, 2.75, 9.625], "texture": "#0"},
				"west": {"uv": [7.75, 8.75, 7.9375, 9.875], "texture": "#0"},
				"up": {"uv": [8.25, 10.9375, 8, 10.75], "texture": "#0"},
				"down": {"uv": [11, 8, 10.75, 8.1875], "texture": "#0"}
			}
		},
		{
			"from": [7.7, 17.11367, -2.31367],
			"to": [8.5, 17.91367, 4.38633],
			"rotation": {"angle": 0, "axis": "y", "origin": [8.09975, 7.50894, 5.24796]},
			"faces": {
				"north": {"uv": [2, 11, 2.1875, 11.1875], "texture": "#0"},
				"east": {"uv": [7.25, 6.5, 8.9375, 6.6875], "texture": "#0"},
				"south": {"uv": [2.25, 11, 2.4375, 11.1875], "texture": "#0"},
				"west": {"uv": [7.25, 6.75, 8.9375, 6.9375], "texture": "#0"},
				"up": {"uv": [6.4375, 8.9375, 6.25, 7.25], "texture": "#0"},
				"down": {"uv": [7.4375, 7, 7.25, 8.6875], "texture": "#0"}
			}
		},
		{
			"from": [7.6, 17.01367, -3.01367],
			"to": [8.6, 18.01367, -2.31367],
			"rotation": {"angle": 0, "axis": "y", "origin": [8.09975, 7.50894, 5.24796]},
			"faces": {
				"north": {"uv": [8, 10.5, 8.25, 10.75], "texture": "#0"},
				"east": {"uv": [8.25, 10.75, 8.4375, 11], "texture": "#0"},
				"south": {"uv": [10.5, 8, 10.75, 8.25], "texture": "#0"},
				"west": {"uv": [10.75, 8.25, 10.9375, 8.5], "texture": "#0"},
				"up": {"uv": [11, 8.6875, 10.75, 8.5], "texture": "#0"},
				"down": {"uv": [9, 10.75, 8.75, 10.9375], "texture": "#0"}
			}
		},
		{
			"from": [7.65, 11, 7.6],
			"to": [8.55, 14, 8.8],
			"rotation": {"angle": 0, "axis": "y", "origin": [8.09975, 7.50894, 5.24796]},
			"faces": {
				"north": {"uv": [9.5, 8.25, 9.75, 9], "texture": "#0"},
				"east": {"uv": [8.5, 7.5, 8.8125, 8.25], "texture": "#0"},
				"south": {"uv": [9.5, 9, 9.75, 9.75], "texture": "#0"},
				"west": {"uv": [8.5, 8.25, 8.8125, 9], "texture": "#0"},
				"up": {"uv": [3, 10.5625, 2.75, 10.25], "texture": "#0"},
				"down": {"uv": [3.25, 10.25, 3, 10.5625], "texture": "#0"}
			}
		},
		{
			"from": [7.6, 21, 7.6],
			"to": [8.6, 26, 8.8],
			"rotation": {"angle": 0, "axis": "y", "origin": [8.09975, 7.50894, 5.24796]},
			"faces": {
				"north": {"uv": [5, 8.25, 5.25, 9.5], "texture": "#0"},
				"east": {"uv": [3.75, 7.25, 4.0625, 8.5], "texture": "#0"},
				"south": {"uv": [5.25, 8.25, 5.5, 9.5], "texture": "#0"},
				"west": {"uv": [4.25, 7.25, 4.5625, 8.5], "texture": "#0"},
				"up": {"uv": [3.5, 10.5625, 3.25, 10.25], "texture": "#0"},
				"down": {"uv": [3.75, 10.25, 3.5, 10.5625], "texture": "#0"}
			}
		},
		{
			"from": [7.7495, 25.9995, 7.6995],
			"to": [8.4505, 31.0005, 8.8005],
			"rotation": {"angle": 0, "axis": "y", "origin": [8.09975, 7.50894, 5.24796]},
			"faces": {
				"north": {"uv": [6.75, 8.5, 6.9375, 9.75], "texture": "#0"},
				"east": {"uv": [5.5, 8.25, 5.75, 9.5], "texture": "#0"},
				"south": {"uv": [7.25, 8.75, 7.4375, 10], "texture": "#0"},
				"west": {"uv": [7, 8.25, 7.25, 9.5], "texture": "#0"},
				"up": {"uv": [10.9375, 9, 10.75, 8.75], "texture": "#0"},
				"down": {"uv": [9.1875, 10.75, 9, 11], "texture": "#0"}
			}
		},
		{
			"from": [7.75, 26.88353, 7.18553],
			"to": [8.45, 28.88353, 7.71053],
			"rotation": {"angle": 0, "axis": "y", "origin": [8.09975, 7.50894, 5.24796]},
			"faces": {
				"north": {"uv": [10, 7.5, 10.1875, 8], "texture": "#0"},
				"east": {"uv": [8.5, 10.5, 8.625, 11], "texture": "#0"},
				"south": {"uv": [7.75, 10, 7.9375, 10.5], "texture": "#0"},
				"west": {"uv": [10.5, 8.5, 10.625, 9], "texture": "#0"},
				"up": {"uv": [7.9375, 11.125, 7.75, 11], "texture": "#0"},
				"down": {"uv": [11.1875, 7.75, 11, 7.875], "texture": "#0"}
			}
		},
		{
			"from": [7.7497, 26.1499, -1.47659],
			"to": [8.4503, 30.1505, -0.37599],
			"rotation": {"angle": 22.5, "axis": "x", "origin": [8.09975, 7.50894, 5.24796]},
			"faces": {
				"north": {"uv": [1, 9.75, 1.1875, 10.75], "texture": "#0"},
				"east": {"uv": [2.75, 8.5, 3, 9.5], "texture": "#0"},
				"south": {"uv": [1.25, 9.75, 1.4375, 10.75], "texture": "#0"},
				"west": {"uv": [3, 8.5, 3.25, 9.5], "texture": "#0"},
				"up": {"uv": [9.4375, 11, 9.25, 10.75], "texture": "#0"},
				"down": {"uv": [9.6875, 10.75, 9.5, 11], "texture": "#0"}
			}
		},
		{
			"from": [7.595, 23.995, 10.595],
			"to": [8.605, 31.605, 11.805],
			"rotation": {"angle": 0, "axis": "y", "origin": [8.09975, 7.50894, 5.24796]},
			"faces": {
				"north": {"uv": [6.5, 6.5, 6.75, 8.375], "texture": "#0"},
				"east": {"uv": [2.5, 6.5, 2.8125, 8.375], "texture": "#0"},
				"south": {"uv": [6.75, 6.5, 7, 8.375], "texture": "#0"},
				"west": {"uv": [3, 6.5, 3.3125, 8.375], "texture": "#0"},
				"up": {"uv": [4, 10.5625, 3.75, 10.25], "texture": "#0"},
				"down": {"uv": [4.25, 10.25, 4, 10.5625], "texture": "#0"}
			}
		},
		{
			"from": [7.6, 20.23734, 17.61211],
			"to": [8.6, 23.38734, 19.41211],
			"rotation": {"angle": -22.5, "axis": "x", "origin": [8.09975, 7.50894, 5.24796]},
			"faces": {
				"north": {"uv": [8, 8.75, 8.25, 9.5625], "texture": "#0"},
				"east": {"uv": [4.75, 7.25, 5.1875, 8.0625], "texture": "#0"},
				"south": {"uv": [8.25, 8.75, 8.5, 9.5625], "texture": "#0"},
				"west": {"uv": [5.25, 7.25, 5.6875, 8.0625], "texture": "#0"},
				"up": {"uv": [10, 9.4375, 9.75, 9], "texture": "#0"},
				"down": {"uv": [9.5, 9.75, 9.25, 10.1875], "texture": "#0"}
			}
		},
		{
			"from": [7.6, 27.08185, 11.71969],
			"to": [8.6, 28.63185, 12.31969],
			"rotation": {"angle": 0, "axis": "x", "origin": [8.09975, 7.50894, 5.24796]},
			"faces": {
				"north": {"uv": [8.5, 10, 8.75, 10.375], "texture": "#0"},
				"east": {"uv": [10.75, 9.5, 10.875, 9.875], "texture": "#0"},
				"south": {"uv": [8.75, 10, 9, 10.375], "texture": "#0"},
				"west": {"uv": [9.75, 10.75, 9.875, 11.125], "texture": "#0"},
				"up": {"uv": [5.25, 11.125, 5, 11], "texture": "#0"},
				"down": {"uv": [5.5, 11, 5.25, 11.125], "texture": "#0"}
			}
		},
		{
			"from": [7.59949, 17.25908, 19.32115],
			"to": [8.59951, 27.2591, 20.52117],
			"rotation": {"angle": -22.5, "axis": "x", "origin": [8.09975, 7.50894, 5.24796]},
			"faces": {
				"north": {"uv": [2, 6.5, 2.25, 9], "texture": "#0"},
				"east": {"uv": [1, 6.5, 1.3125, 9], "texture": "#0"},
				"south": {"uv": [2.25, 6.5, 2.5, 9], "texture": "#0"},
				"west": {"uv": [1.5, 6.5, 1.8125, 9], "texture": "#0"},
				"up": {"uv": [4.5, 10.5625, 4.25, 10.25], "texture": "#0"},
				"down": {"uv": [4.75, 10.25, 4.5, 10.5625], "texture": "#0"}
			}
		}
	],
	"display": {
		"thirdperson_righthand": {
			"translation": [-0.5, 13.75, 1]
		},
		"thirdperson_lefthand": {
			"translation": [-0.5, 13.75, 1]
		},
		"firstperson_righthand": {
			"rotation": [-27.37, 9.03, -0.64],
			"translation": [4.5, 0, -6]
		},
		"ground": {
			"rotation": [1.2, 0.15, 15.24],
			"translation": [0, 26.75, 0]
		},
		"gui": {
			"rotation": [90, 37.75, -90],
			"scale": [0.5, 0.5, 0.5]
		},
		"head": {
			"rotation": [95.5, 0, -180],
			"translation": [0, 7.75, 9.25]
		}
	}
}