{
	"credit": "Made with Blockbench",
	"texture_size": [64, 64],
	"textures": {
		"0": "item/custom/machados/megamachado",
		"particle": "item/custom/machados/megamachado"
	},
	"elements": [
		{
			"from": [7, 3.7, 7],
			"to": [9, 8, 9],
			"rotation": {"angle": 0, "axis": "y", "origin": [7, 7, 7]},
			"faces": {
				"north": {"uv": [6, 4.25, 6.5, 5.3125], "texture": "#0"},
				"east": {"uv": [6, 5.5, 6.5, 6.5625], "texture": "#0"},
				"south": {"uv": [0, 6.25, 0.5, 7.3125], "texture": "#0"},
				"west": {"uv": [0.5, 6.25, 1, 7.3125], "texture": "#0"},
				"up": {"uv": [9.5, 4.25, 9, 3.75], "texture": "#0"},
				"down": {"uv": [9.5, 4.25, 9, 4.75], "texture": "#0"}
			}
		},
		{
			"from": [7.0011, -0.3239, 7.3761],
			"to": [8.9989, 3.7739, 9.3739],
			"rotation": {"angle": -22.5, "axis": "x", "origin": [7, 2.775, 7.375]},
			"faces": {
				"north": {"uv": [4, 1.25, 4.5, 2.25], "texture": "#0"},
				"east": {"uv": [1, 6.25, 1.5, 7.25], "texture": "#0"},
				"south": {"uv": [4.5, 6.25, 5, 7.25], "texture": "#0"},
				"west": {"uv": [5, 6.25, 5.5, 7.25], "texture": "#0"},
				"up": {"uv": [5.75, 9.5, 5.25, 9], "texture": "#0"},
				"down": {"uv": [9.5, 8.25, 9, 8.75], "texture": "#0"}
			}
		},
		{
			"from": [6.9751, 0.9751, 7.3501],
			"to": [9.0249, 1.6749, 9.3999],
			"rotation": {"angle": -22.5, "axis": "x", "origin": [7, 2.775, 7.375]},
			"faces": {
				"north": {"uv": [3, 2.25, 3.5, 2.4375], "texture": "#0"},
				"east": {"uv": [7.5, 10.5, 8, 10.6875], "texture": "#0"},
				"south": {"uv": [10.5, 7.75, 11, 7.9375], "texture": "#0"},
				"west": {"uv": [8, 10.5, 8.5, 10.6875], "texture": "#0"},
				"up": {"uv": [9.5, 9.25, 9, 8.75], "texture": "#0"},
				"down": {"uv": [9.75, 1, 9.25, 1.5], "texture": "#0"}
			}
		},
		{
			"from": [6.9001, -0.4249, 7.2751],
			"to": [9.0999, 0.4749, 9.4749],
			"rotation": {"angle": -22.5, "axis": "x", "origin": [7, 2.775, 7.375]},
			"faces": {
				"north": {"uv": [10.25, 5, 10.8125, 5.25], "texture": "#0"},
				"east": {"uv": [2, 10.5, 2.5625, 10.75], "texture": "#0"},
				"south": {"uv": [2.75, 10.5, 3.3125, 10.75], "texture": "#0"},
				"west": {"uv": [10.5, 3, 11.0625, 3.25], "texture": "#0"},
				"up": {"uv": [8.8125, 4.5625, 8.25, 4], "texture": "#0"},
				"down": {"uv": [5.0625, 8.5, 4.5, 9.0625], "texture": "#0"}
			}
		},
		{
			"from": [7.0011, 7.9011, 7.2761],
			"to": [8.9989, 13.5989, 9.2739],
			"rotation": {"angle": 22.5, "axis": "x", "origin": [7, 8.6, 7.275]},
			"faces": {
				"north": {"uv": [1.5, 3.25, 2, 4.6875], "texture": "#0"},
				"east": {"uv": [2, 3.25, 2.5, 4.6875], "texture": "#0"},
				"south": {"uv": [2.5, 3.25, 3, 4.6875], "texture": "#0"},
				"west": {"uv": [3, 3.25, 3.5, 4.6875], "texture": "#0"},
				"up": {"uv": [9.75, 2, 9.25, 1.5], "texture": "#0"},
				"down": {"uv": [9.75, 2, 9.25, 2.5], "texture": "#0"}
			}
		},
		{
			"from": [6.9999, 12.46326, 9.02826],
			"to": [9.0001, 22.36346, 11.02846],
			"rotation": {"angle": 0, "axis": "x", "origin": [8, 12.81336, 10.02836]},
			"faces": {
				"north": {"uv": [0, 0, 0.5, 2.5], "texture": "#0"},
				"east": {"uv": [0.5, 0, 1, 2.5], "texture": "#0"},
				"south": {"uv": [1, 0, 1.5, 2.5], "texture": "#0"},
				"west": {"uv": [1.5, 0, 2, 2.5], "texture": "#0"},
				"up": {"uv": [2.75, 9.75, 2.25, 9.25], "texture": "#0"},
				"down": {"uv": [9.75, 2.5, 9.25, 3], "texture": "#0"}
			}
		},
		{
			"from": [6.8999, 13.76326, 8.92826],
			"to": [9.1001, 14.66346, 11.12846],
			"rotation": {"angle": 0, "axis": "x", "origin": [8, 11.11336, 10.02836]},
			"faces": {
				"north": {"uv": [10.5, 3.25, 11.0625, 3.5], "texture": "#0"},
				"east": {"uv": [3.5, 10.5, 4.0625, 10.75], "texture": "#0"},
				"south": {"uv": [10.5, 3.5, 11.0625, 3.75], "texture": "#0"},
				"west": {"uv": [10.5, 3.75, 11.0625, 4], "texture": "#0"},
				"up": {"uv": [9.0625, 5.3125, 8.5, 4.75], "texture": "#0"},
				"down": {"uv": [9.0625, 5.5, 8.5, 6.0625], "texture": "#0"}
			}
		},
		{
			"from": [6.4999, 17.36326, 8.52826],
			"to": [9.5001, 18.26346, 11.52846],
			"rotation": {"angle": 45, "axis": "y", "origin": [8, 14.71336, 10.02836]},
			"faces": {
				"north": {"uv": [9.75, 5.25, 10.5, 5.5], "texture": "#0"},
				"east": {"uv": [9.75, 5.5, 10.5, 5.75], "texture": "#0"},
				"south": {"uv": [9.75, 5.75, 10.5, 6], "texture": "#0"},
				"west": {"uv": [9.75, 6, 10.5, 6.25], "texture": "#0"},
				"up": {"uv": [6.75, 0.75, 6, 0], "texture": "#0"},
				"down": {"uv": [6.75, 0.75, 6, 1.5], "texture": "#0"}
			}
		},
		{
			"from": [7.3999, 18.01326, 11.02826],
			"to": [8.6251, 23.01346, 13.02846],
			"rotation": {"angle": 0, "axis": "x", "origin": [8, 18.41336, 12.02836]},
			"faces": {
				"north": {"uv": [4, 6.75, 4.3125, 8], "texture": "#0"},
				"east": {"uv": [0.5, 3.75, 1, 5], "texture": "#0"},
				"south": {"uv": [6, 6.75, 6.3125, 8], "texture": "#0"},
				"west": {"uv": [1, 3.75, 1.5, 5], "texture": "#0"},
				"up": {"uv": [10.0625, 7.25, 9.75, 6.75], "texture": "#0"},
				"down": {"uv": [10.0625, 7.25, 9.75, 7.75], "texture": "#0"}
			}
		},
		{
			"from": [7.4018, 18.26516, 11.73016],
			"to": [8.5982, 22.76156, 14.82656],
			"rotation": {"angle": 0, "axis": "x", "origin": [8, 18.41336, 10.42836]},
			"faces": {
				"north": {"uv": [8.25, 1.5, 8.5625, 2.625], "texture": "#0"},
				"east": {"uv": [0, 2.5, 0.75, 3.625], "texture": "#0"},
				"south": {"uv": [1.75, 8.25, 2.0625, 9.375], "texture": "#0"},
				"west": {"uv": [0.75, 2.5, 1.5, 3.625], "texture": "#0"},
				"up": {"uv": [3.8125, 10, 3.5, 9.25], "texture": "#0"},
				"down": {"uv": [4.3125, 9.25, 4, 10], "texture": "#0"}
			}
		},
		{
			"from": [7.401, 17.31436, 12.57936],
			"to": [8.599, 20.41236, 15.67736],
			"rotation": {"angle": -45, "axis": "x", "origin": [8, 18.36336, 14.12836]},
			"faces": {
				"north": {"uv": [4.5, 9.25, 4.8125, 10], "texture": "#0"},
				"east": {"uv": [1.5, 6, 2.25, 6.75], "texture": "#0"},
				"south": {"uv": [9.25, 4.75, 9.5625, 5.5], "texture": "#0"},
				"west": {"uv": [6, 1.5, 6.75, 2.25], "texture": "#0"},
				"up": {"uv": [9.5625, 6.25, 9.25, 5.5], "texture": "#0"},
				"down": {"uv": [6.0625, 9.25, 5.75, 10], "texture": "#0"}
			}
		},
		{
			"from": [7.3999, 18.98826, 13.52826],
			"to": [8.6001, 22.08846, 16.62846],
			"rotation": {"angle": 22.5, "axis": "x", "origin": [8, 20.53836, 15.57836]},
			"faces": {
				"north": {"uv": [9.25, 6.25, 9.5625, 7], "texture": "#0"},
				"east": {"uv": [2.25, 6, 3, 6.75], "texture": "#0"},
				"south": {"uv": [9.25, 7, 9.5625, 7.75], "texture": "#0"},
				"west": {"uv": [6, 2.25, 6.75, 3], "texture": "#0"},
				"up": {"uv": [7.8125, 10, 7.5, 9.25], "texture": "#0"},
				"down": {"uv": [8.3125, 9.25, 8, 10], "texture": "#0"}
			}
		},
		{
			"from": [7.401, 21.06436, 13.52936],
			"to": [8.599, 23.66236, 16.62736],
			"rotation": {"angle": -22.5, "axis": "x", "origin": [8, 22.61336, 15.57836]},
			"faces": {
				"north": {"uv": [9.5, 9.25, 9.8125, 9.875], "texture": "#0"},
				"east": {"uv": [6.5, 3, 7.25, 3.625], "texture": "#0"},
				"south": {"uv": [0, 9.75, 0.3125, 10.375], "texture": "#0"},
				"west": {"uv": [6.5, 3.75, 7.25, 4.375], "texture": "#0"},
				"up": {"uv": [8.8125, 10, 8.5, 9.25], "texture": "#0"},
				"down": {"uv": [9.3125, 9.25, 9, 10], "texture": "#0"}
			}
		},
		{
			"from": [7.3998, 18.13816, 4.75316],
			"to": [8.6002, 22.63856, 7.92856],
			"rotation": {"angle": 0, "axis": "x", "origin": [8, 20.95086, 5.32836]},
			"faces": {
				"north": {"uv": [8.25, 2.75, 8.5625, 3.875], "texture": "#0"},
				"east": {"uv": [2, 0, 2.8125, 1.125], "texture": "#0"},
				"south": {"uv": [8.5, 0, 8.8125, 1.125], "texture": "#0"},
				"west": {"uv": [2, 1.25, 2.8125, 2.375], "texture": "#0"},
				"up": {"uv": [6.8125, 9.5625, 6.5, 8.75], "texture": "#0"},
				"down": {"uv": [9.3125, 0, 9, 0.8125], "texture": "#0"}
			}
		},
		{
			"from": [7.401, 16.28702, 0.62677],
			"to": [8.599, 19.38502, 4.37477],
			"rotation": {"angle": -22.5, "axis": "x", "origin": [8, 18.90086, 4.25336]},
			"faces": {
				"north": {"uv": [9.5, 0, 9.8125, 0.75], "texture": "#0"},
				"east": {"uv": [3, 1.5, 3.9375, 2.25], "texture": "#0"},
				"south": {"uv": [1.75, 9.5, 2.0625, 10.25], "texture": "#0"},
				"west": {"uv": [3.5, 2.25, 4.4375, 3], "texture": "#0"},
				"up": {"uv": [9.0625, 2.1875, 8.75, 1.25], "texture": "#0"},
				"down": {"uv": [9.0625, 2.25, 8.75, 3.1875], "texture": "#0"}
			}
		},
		{
			"from": [7.4021, 14.28812, 1.50287],
			"to": [8.5979, 17.38392, 4.09867],
			"rotation": {"angle": -22.5, "axis": "x", "origin": [8, 16.90086, 5.12836]},
			"faces": {
				"north": {"uv": [9.5, 3, 9.8125, 3.75], "texture": "#0"},
				"east": {"uv": [6.5, 4.5, 7.125, 5.25], "texture": "#0"},
				"south": {"uv": [9.5, 3.75, 9.8125, 4.5], "texture": "#0"},
				"west": {"uv": [6.5, 5.25, 7.125, 6], "texture": "#0"},
				"up": {"uv": [0.8125, 10.375, 0.5, 9.75], "texture": "#0"},
				"down": {"uv": [10.0625, 0.75, 9.75, 1.375], "texture": "#0"}
			}
		},
		{
			"from": [7.4032, 12.55454, 3.18865],
			"to": [8.5968, 14.34814, 5.68225],
			"rotation": {"angle": 22.5, "axis": "x", "origin": [8, 13.85134, 4.43545]},
			"faces": {
				"north": {"uv": [1, 10.5, 1.3125, 10.9375], "texture": "#0"},
				"east": {"uv": [8.75, 3.25, 9.375, 3.6875], "texture": "#0"},
				"south": {"uv": [10.5, 4, 10.8125, 4.4375], "texture": "#0"},
				"west": {"uv": [7.5, 8.75, 8.125, 9.1875], "texture": "#0"},
				"up": {"uv": [1.3125, 10.375, 1, 9.75], "texture": "#0"},
				"down": {"uv": [10.0625, 1.5, 9.75, 2.125], "texture": "#0"}
			}
		},
		{
			"from": [7.4043, 12.55564, 4.88975],
			"to": [8.5957, 12.84704, 6.78115],
			"rotation": {"angle": 22.5, "axis": "x", "origin": [8, 13.85134, 4.43545]},
			"faces": {
				"north": {"uv": [10.5, 9, 10.8125, 9.0625], "texture": "#0"},
				"east": {"uv": [8.5, 10.5, 9, 10.5625], "texture": "#0"},
				"south": {"uv": [10.5, 9.25, 10.8125, 9.3125], "texture": "#0"},
				"west": {"uv": [10.5, 8.5, 11, 8.5625], "texture": "#0"},
				"up": {"uv": [10.3125, 0.5, 10, 0], "texture": "#0"},
				"down": {"uv": [10.3125, 3, 10, 3.5], "texture": "#0"}
			}
		},
		{
			"from": [7.4054, 12.54679, 4.35181],
			"to": [8.5946, 12.83599, 6.16601],
			"rotation": {"angle": 45, "axis": "x", "origin": [8, 12.69139, 5.19641]},
			"faces": {
				"north": {"uv": [9.5, 10.5, 9.8125, 10.5625], "texture": "#0"},
				"east": {"uv": [10.5, 8.75, 10.9375, 8.8125], "texture": "#0"},
				"south": {"uv": [10.5, 9.5, 10.8125, 9.5625], "texture": "#0"},
				"west": {"uv": [9, 10.5, 9.4375, 10.5625], "texture": "#0"},
				"up": {"uv": [4.5625, 10.9375, 4.25, 10.5], "texture": "#0"},
				"down": {"uv": [5.5625, 10.5, 5.25, 10.9375], "texture": "#0"}
			}
		},
		{
			"from": [7.4032, 14.85454, 2.98865],
			"to": [8.5968, 16.94814, 5.48225],
			"rotation": {"angle": 22.5, "axis": "x", "origin": [8, 16.15134, 4.23545]},
			"faces": {
				"north": {"uv": [3.25, 10, 3.5625, 10.5], "texture": "#0"},
				"east": {"uv": [8.5, 6.25, 9.125, 6.75], "texture": "#0"},
				"south": {"uv": [10, 3.5, 10.3125, 4], "texture": "#0"},
				"west": {"uv": [8.5, 6.75, 9.125, 7.25], "texture": "#0"},
				"up": {"uv": [2.5625, 10.375, 2.25, 9.75], "texture": "#0"},
				"down": {"uv": [10.0625, 2.25, 9.75, 2.875], "texture": "#0"}
			}
		},
		{
			"from": [7.4021, 17.45344, 3.08755],
			"to": [8.5979, 19.54924, 5.58335],
			"rotation": {"angle": 22.5, "axis": "x", "origin": [8, 18.75134, 4.33545]},
			"faces": {
				"north": {"uv": [3.75, 10, 4.0625, 10.5], "texture": "#0"},
				"east": {"uv": [8.5, 7.25, 9.125, 7.75], "texture": "#0"},
				"south": {"uv": [10, 4, 10.3125, 4.5], "texture": "#0"},
				"west": {"uv": [8.5, 7.75, 9.125, 8.25], "texture": "#0"},
				"up": {"uv": [3.0625, 10.375, 2.75, 9.75], "texture": "#0"},
				"down": {"uv": [10.0625, 4.5, 9.75, 5.125], "texture": "#0"}
			}
		},
		{
			"from": [7.3989, 17.93232, 0.71721],
			"to": [8.6011, 21.03452, 4.76941],
			"rotation": {"angle": 0, "axis": "x", "origin": [8, 20.15086, 3.62836]},
			"faces": {
				"north": {"uv": [5, 9.5, 5.3125, 10.25], "texture": "#0"},
				"east": {"uv": [1.5, 2.5, 2.5, 3.25], "texture": "#0"},
				"south": {"uv": [7, 9.5, 7.3125, 10.25], "texture": "#0"},
				"west": {"uv": [2.5, 2.5, 3.5, 3.25], "texture": "#0"},
				"up": {"uv": [7.3125, 9.5, 7, 8.5], "texture": "#0"},
				"down": {"uv": [8.8125, 8.25, 8.5, 9.25], "texture": "#0"}
			}
		},
		{
			"from": [7.401, 19.86581, 0.59825],
			"to": [8.599, 22.96381, 4.49625],
			"rotation": {"angle": 22.5, "axis": "x", "origin": [8, 20.15086, 3.62836]},
			"faces": {
				"north": {"uv": [9.5, 7.75, 9.8125, 8.5], "texture": "#0"},
				"east": {"uv": [3, 0, 4, 0.75], "texture": "#0"},
				"south": {"uv": [9.5, 8.5, 9.8125, 9.25], "texture": "#0"},
				"west": {"uv": [3, 0.75, 4, 1.5], "texture": "#0"},
				"up": {"uv": [0.3125, 9.75, 0, 8.75], "texture": "#0"},
				"down": {"uv": [0.8125, 8.75, 0.5, 9.75], "texture": "#0"}
			}
		},
		{
			"from": [7.4031, 20.96791, 0.60035],
			"to": [8.5969, 26.96171, 1.59415],
			"rotation": {"angle": 22.5, "axis": "x", "origin": [8, 20.15086, 3.62836]},
			"faces": {
				"north": {"uv": [5.5, 6.25, 5.8125, 7.75], "texture": "#0"},
				"east": {"uv": [8.25, 0, 8.5, 1.5], "texture": "#0"},
				"south": {"uv": [6.5, 6, 6.8125, 7.5], "texture": "#0"},
				"west": {"uv": [1.5, 8.25, 1.75, 9.75], "texture": "#0"},
				"up": {"uv": [10.8125, 8.25, 10.5, 8], "texture": "#0"},
				"down": {"uv": [10.8125, 8.25, 10.5, 8.5], "texture": "#0"}
			}
		},
		{
			"from": [7.4011, 21.2442, 4.25055],
			"to": [8.5989, 27.242, 5.54835],
			"rotation": {"angle": -22.5, "axis": "x", "origin": [8, 24.2431, 5.04945]},
			"faces": {
				"north": {"uv": [6.75, 0, 7.0625, 1.5], "texture": "#0"},
				"east": {"uv": [1.5, 6.75, 1.8125, 8.25], "texture": "#0"},
				"south": {"uv": [6.75, 1.5, 7.0625, 3], "texture": "#0"},
				"west": {"uv": [2, 6.75, 2.3125, 8.25], "texture": "#0"},
				"up": {"uv": [10.8125, 5.5625, 10.5, 5.25], "texture": "#0"},
				"down": {"uv": [10.8125, 5.75, 10.5, 6.0625], "texture": "#0"}
			}
		},
		{
			"from": [7.4042, 21.1473, 2.75365],
			"to": [8.5958, 25.7389, 4.84525],
			"rotation": {"angle": 0, "axis": "x", "origin": [8, 24.1431, 4.14945]},
			"faces": {
				"north": {"uv": [1, 8.5, 1.3125, 9.625], "texture": "#0"},
				"east": {"uv": [3, 6, 3.5, 7.125], "texture": "#0"},
				"south": {"uv": [3, 8.5, 3.3125, 9.625], "texture": "#0"},
				"west": {"uv": [6, 3, 6.5, 4.125], "texture": "#0"},
				"up": {"uv": [4.5625, 10.5, 4.25, 10], "texture": "#0"},
				"down": {"uv": [5.8125, 10, 5.5, 10.5], "texture": "#0"}
			}
		},
		{
			"from": [8.1749, 18.06326, 10.87826],
			"to": [9.3751, 22.96346, 12.87846],
			"rotation": {"angle": 22.5, "axis": "y", "origin": [8.775, 18.41336, 11.87836]},
			"faces": {
				"north": {"uv": [7, 6, 7.3125, 7.25], "texture": "#0"},
				"east": {"uv": [4, 0, 4.5, 1.25], "texture": "#0"},
				"south": {"uv": [7.25, 0, 7.5625, 1.25], "texture": "#0"},
				"west": {"uv": [4, 3, 4.5, 4.25], "texture": "#0"},
				"up": {"uv": [7.8125, 10.5, 7.5, 10], "texture": "#0"},
				"down": {"uv": [10.3125, 7.75, 10, 8.25], "texture": "#0"}
			}
		},
		{
			"from": [8.825, 18.01336, 10.45336],
			"to": [10.05, 23.01336, 12.45336],
			"rotation": {"angle": 45, "axis": "y", "origin": [9.425, 18.41336, 11.45336]},
			"faces": {
				"north": {"uv": [1, 7.25, 1.3125, 8.5], "texture": "#0"},
				"east": {"uv": [3.5, 4.25, 4, 5.5], "texture": "#0"},
				"south": {"uv": [7.25, 1.25, 7.5625, 2.5], "texture": "#0"},
				"west": {"uv": [4, 4.25, 4.5, 5.5], "texture": "#0"},
				"up": {"uv": [8.3125, 10.5, 8, 10], "texture": "#0"},
				"down": {"uv": [10.3125, 8.25, 10, 8.75], "texture": "#0"}
			}
		},
		{
			"from": [8.875, 18.06336, 10.20336],
			"to": [10.875, 22.96336, 11.40336],
			"rotation": {"angle": -22.5, "axis": "y", "origin": [9.875, 18.41336, 10.80336]},
			"faces": {
				"north": {"uv": [4.5, 0, 5, 1.25], "texture": "#0"},
				"east": {"uv": [7.25, 2.5, 7.5625, 3.75], "texture": "#0"},
				"south": {"uv": [4.5, 1.25, 5, 2.5], "texture": "#0"},
				"west": {"uv": [3, 7.25, 3.3125, 8.5], "texture": "#0"},
				"up": {"uv": [9, 10.3125, 8.5, 10], "texture": "#0"},
				"down": {"uv": [10.5, 8.75, 10, 9.0625], "texture": "#0"}
			}
		},
		{
			"from": [5, 18.01336, 9.42836],
			"to": [7.025, 23.01336, 10.62836],
			"rotation": {"angle": 0, "axis": "y", "origin": [6, 18.41336, 10.02836]},
			"faces": {
				"north": {"uv": [4.5, 2.5, 5, 3.75], "texture": "#0"},
				"east": {"uv": [7.25, 3.75, 7.5625, 5], "texture": "#0"},
				"south": {"uv": [4.5, 3.75, 5, 5], "texture": "#0"},
				"west": {"uv": [4.5, 7.25, 4.8125, 8.5], "texture": "#0"},
				"up": {"uv": [9.5, 10.3125, 9, 10], "texture": "#0"},
				"down": {"uv": [10.5, 9.25, 10, 9.5625], "texture": "#0"}
			}
		},
		{
			"from": [6, 18.01336, 10.45336],
			"to": [7.225, 23.01336, 12.45336],
			"rotation": {"angle": -45, "axis": "y", "origin": [6.6, 18.41336, 11.45336]},
			"faces": {
				"north": {"uv": [5, 7.25, 5.3125, 8.5], "texture": "#0"},
				"east": {"uv": [1.5, 4.75, 2, 6], "texture": "#0"},
				"south": {"uv": [7, 7.25, 7.3125, 8.5], "texture": "#0"},
				"west": {"uv": [2, 4.75, 2.5, 6], "texture": "#0"},
				"up": {"uv": [9.8125, 10.5, 9.5, 10], "texture": "#0"},
				"down": {"uv": [10.3125, 9.75, 10, 10.25], "texture": "#0"}
			}
		},
		{
			"from": [5.15, 18.06336, 10.20336],
			"to": [7.15, 22.96336, 11.40336],
			"rotation": {"angle": 22.5, "axis": "y", "origin": [6.15, 18.41336, 10.80336]},
			"faces": {
				"north": {"uv": [2.5, 4.75, 3, 6], "texture": "#0"},
				"east": {"uv": [0, 7.5, 0.3125, 8.75], "texture": "#0"},
				"south": {"uv": [3, 4.75, 3.5, 6], "texture": "#0"},
				"west": {"uv": [0.5, 7.5, 0.8125, 8.75], "texture": "#0"},
				"up": {"uv": [10.75, 0.8125, 10.25, 0.5], "texture": "#0"},
				"down": {"uv": [10.75, 1, 10.25, 1.3125], "texture": "#0"}
			}
		},
		{
			"from": [6.6499, 18.06326, 10.87826],
			"to": [7.8501, 22.96346, 12.87846],
			"rotation": {"angle": -22.5, "axis": "y", "origin": [7.25, 18.41336, 11.87836]},
			"faces": {
				"north": {"uv": [7.5, 5, 7.8125, 6.25], "texture": "#0"},
				"east": {"uv": [0, 5, 0.5, 6.25], "texture": "#0"},
				"south": {"uv": [7.5, 6.25, 7.8125, 7.5], "texture": "#0"},
				"west": {"uv": [5, 0, 5.5, 1.25], "texture": "#0"},
				"up": {"uv": [1.8125, 10.75, 1.5, 10.25], "texture": "#0"},
				"down": {"uv": [10.5625, 1.5, 10.25, 2], "texture": "#0"}
			}
		},
		{
			"from": [9.025, 18.01336, 9.42836],
			"to": [11.05, 23.01336, 10.62836],
			"rotation": {"angle": 0, "axis": "y", "origin": [8.0125, 20.51336, 9.02836]},
			"faces": {
				"north": {"uv": [0.5, 5, 1, 6.25], "texture": "#0"},
				"east": {"uv": [6.5, 7.5, 6.8125, 8.75], "texture": "#0"},
				"south": {"uv": [1, 5, 1.5, 6.25], "texture": "#0"},
				"west": {"uv": [7.5, 7.5, 7.8125, 8.75], "texture": "#0"},
				"up": {"uv": [10.75, 2.3125, 10.25, 2], "texture": "#0"},
				"down": {"uv": [10.75, 2.5, 10.25, 2.8125], "texture": "#0"}
			}
		},
		{
			"from": [5.37788, 18.06336, 9.34898],
			"to": [7.37788, 22.96336, 10.54898],
			"rotation": {"angle": -22.5, "axis": "y", "origin": [8.0125, 20.51336, 9.02836]},
			"faces": {
				"north": {"uv": [5, 1.25, 5.5, 2.5], "texture": "#0"},
				"east": {"uv": [7.75, 0, 8.0625, 1.25], "texture": "#0"},
				"south": {"uv": [5, 2.5, 5.5, 3.75], "texture": "#0"},
				"west": {"uv": [7.75, 1.25, 8.0625, 2.5], "texture": "#0"},
				"up": {"uv": [10.75, 4.8125, 10.25, 4.5], "texture": "#0"},
				"down": {"uv": [5.25, 10.25, 4.75, 10.5625], "texture": "#0"}
			}
		},
		{
			"from": [6.71423, 18.01336, 6.72905],
			"to": [7.93923, 23.01336, 8.72905],
			"rotation": {"angle": 45, "axis": "y", "origin": [8.0125, 20.51336, 9.02836]},
			"faces": {
				"north": {"uv": [7.75, 2.5, 8.0625, 3.75], "texture": "#0"},
				"east": {"uv": [5, 3.75, 5.5, 5], "texture": "#0"},
				"south": {"uv": [7.75, 3.75, 8.0625, 5], "texture": "#0"},
				"west": {"uv": [4.5, 5, 5, 6.25], "texture": "#0"},
				"up": {"uv": [6.3125, 10.75, 6, 10.25], "texture": "#0"},
				"down": {"uv": [10.5625, 6.25, 10.25, 6.75], "texture": "#0"}
			}
		},
		{
			"from": [7.03322, 18.06326, 6.95116],
			"to": [8.23342, 22.96346, 8.95136],
			"rotation": {"angle": 22.5, "axis": "y", "origin": [8.0125, 20.51336, 9.02836]},
			"faces": {
				"north": {"uv": [5.5, 7.75, 5.8125, 9], "texture": "#0"},
				"east": {"uv": [5, 5, 5.5, 6.25], "texture": "#0"},
				"south": {"uv": [2.5, 8, 2.8125, 9.25], "texture": "#0"},
				"west": {"uv": [5.5, 0, 6, 1.25], "texture": "#0"},
				"up": {"uv": [6.8125, 10.75, 6.5, 10.25], "texture": "#0"},
				"down": {"uv": [10.5625, 6.75, 10.25, 7.25], "texture": "#0"}
			}
		},
		{
			"from": [7.4249, 18.01326, 7.02826],
			"to": [8.6501, 23.01346, 9.02846],
			"rotation": {"angle": 0, "axis": "y", "origin": [8.0125, 20.51336, 9.02836]},
			"faces": {
				"north": {"uv": [3.5, 8, 3.8125, 9.25], "texture": "#0"},
				"east": {"uv": [5.5, 1.25, 6, 2.5], "texture": "#0"},
				"south": {"uv": [4, 8, 4.3125, 9.25], "texture": "#0"},
				"west": {"uv": [5.5, 2.5, 6, 3.75], "texture": "#0"},
				"up": {"uv": [7.3125, 10.75, 7, 10.25], "texture": "#0"},
				"down": {"uv": [10.5625, 7.25, 10.25, 7.75], "texture": "#0"}
			}
		},
		{
			"from": [7.79158, 18.06326, 6.95116],
			"to": [8.99178, 22.96346, 8.95136],
			"rotation": {"angle": -22.5, "axis": "y", "origin": [8.0125, 20.51336, 9.02836]},
			"faces": {
				"north": {"uv": [8, 5, 8.3125, 6.25], "texture": "#0"},
				"east": {"uv": [3.5, 5.5, 4, 6.75], "texture": "#0"},
				"south": {"uv": [6, 8, 6.3125, 9.25], "texture": "#0"},
				"west": {"uv": [5.5, 3.75, 6, 5], "texture": "#0"},
				"up": {"uv": [10.3125, 10.75, 10, 10.25], "texture": "#0"},
				"down": {"uv": [0.3125, 10.5, 0, 11], "texture": "#0"}
			}
		},
		{
			"from": [8.31181, 18.01336, 9.12663],
			"to": [10.33681, 23.01336, 10.32663],
			"rotation": {"angle": 45, "axis": "y", "origin": [8.0125, 20.51336, 9.02836]},
			"faces": {
				"north": {"uv": [4, 5.5, 4.5, 6.75], "texture": "#0"},
				"east": {"uv": [8, 6.25, 8.3125, 7.5], "texture": "#0"},
				"south": {"uv": [5.5, 5, 6, 6.25], "texture": "#0"},
				"west": {"uv": [8, 7.5, 8.3125, 8.75], "texture": "#0"},
				"up": {"uv": [11, 0.3125, 10.5, 0], "texture": "#0"},
				"down": {"uv": [1, 10.5, 0.5, 10.8125], "texture": "#0"}
			}
		},
		{
			"from": [8.64712, 18.06336, 9.34898],
			"to": [10.64712, 22.96336, 10.54898],
			"rotation": {"angle": 22.5, "axis": "y", "origin": [8.0125, 20.51336, 9.02836]},
			"faces": {
				"north": {"uv": [3.5, 3, 4, 4.25], "texture": "#0"},
				"east": {"uv": [2.5, 6.75, 2.8125, 8], "texture": "#0"},
				"south": {"uv": [0, 3.75, 0.5, 5], "texture": "#0"},
				"west": {"uv": [3.5, 6.75, 3.8125, 8], "texture": "#0"},
				"up": {"uv": [6.75, 10.0625, 6.25, 9.75], "texture": "#0"},
				"down": {"uv": [10.25, 6.25, 9.75, 6.5625], "texture": "#0"}
			}
		}
	],
	"display": {
		"thirdperson_righthand": {
			"translation": [0, -0.25, -0.5],
			"scale": [0.7, 0.7, 0.6]
		},
		"thirdperson_lefthand": {
			"translation": [0, 0.25, -1],
			"scale": [0.7, 0.7, 0.6]
		},
		"firstperson_righthand": {
			"rotation": [0, 12.5, 0],
			"translation": [0.25, 0, 0],
			"scale": [0.7, 0.7, 0.6]
		},
		"firstperson_lefthand": {
			"rotation": [0, 12.5, 0],
			"translation": [0.25, 0, 0],
			"scale": [0.7, 0.7, 0.6]
		},
		"ground": {
			"rotation": [-45, 0, 0],
			"translation": [0, 2, 0],
			"scale": [0.6, 0.6, 0.5]
		},
		"gui": {
			"rotation": [90, -135, 90],
			"translation": [-3.25, -3.5, 0],
			"scale": [0.7, 0.7, 0.6]
		},
		"head": {
			"translation": [0, 12, -1],
			"scale": [0.8, 0.8, 0.8]
		},
		"fixed": {
			"rotation": [-90, 45, 90],
			"translation": [2, -3, 0],
			"scale": [1, 1, 0.9]
		}
	}
}