{
	"credit": "Made with Blockbench",
	"texture_size": [32, 32],
	"textures": {
		"0": "item/custom/machados/megamachadoduplo",
		"particle": "item/custom/machados/megamachadoduplo"
	},
	"elements": [
		{
			"from": [8.15, 0.4, 7.65],
			"to": [8.4, 1.2, 7.9],
			"rotation": {"angle": 45, "axis": "y", "origin": [8.8, 1.75, 7.4]},
			"faces": {
				"north": {"uv": [1.625, 11, 1.5, 11.375], "texture": "#0"},
				"east": {"uv": [11.125, 2, 11, 2.375], "texture": "#0"},
				"south": {"uv": [2.125, 11, 2, 11.375], "texture": "#0"},
				"west": {"uv": [11.125, 1.5, 11, 1.875], "texture": "#0"},
				"up": {"uv": [11.5, 2.625, 11.625, 2.5], "texture": "#0"},
				"down": {"uv": [3, 11.5, 3.125, 11.625], "texture": "#0"}
			}
		},
		{
			"from": [7.67721, 0.87926, 7.9],
			"to": [8.55221, 1.72926, 8.175],
			"rotation": {"angle": 45, "axis": "z", "origin": [8.28971, 1.17926, 8.0375]},
			"faces": {
				"north": {"uv": [7.5, 2.5, 7, 2.875], "texture": "#0"},
				"east": {"uv": [11.125, 2.5, 11, 2.875], "texture": "#0"},
				"south": {"uv": [7.5, 3, 7, 3.375], "texture": "#0"},
				"west": {"uv": [2.625, 11, 2.5, 11.375], "texture": "#0"},
				"up": {"uv": [10.5, 10.125, 11, 10], "texture": "#0"},
				"down": {"uv": [10.5, 10.5, 11, 10.625], "texture": "#0"}
			}
		},
		{
			"from": [7.95221, 0.65426, 7.475],
			"to": [8.22721, 1.50426, 8.35],
			"rotation": {"angle": 45, "axis": "x", "origin": [8.08971, 0.95426, 8.0875]},
			"faces": {
				"north": {"uv": [3.125, 11, 3, 11.375], "texture": "#0"},
				"east": {"uv": [7.5, 4.5, 7, 4.875], "texture": "#0"},
				"south": {"uv": [11.125, 3, 11, 3.375], "texture": "#0"},
				"west": {"uv": [7.5, 3.5, 7, 3.875], "texture": "#0"},
				"up": {"uv": [0, 11.5, 0.125, 11], "texture": "#0"},
				"down": {"uv": [11, 0, 11.125, 0.5], "texture": "#0"}
			}
		},
		{
			"from": [10.27758, 15.1746, 7.54236],
			"to": [11.56358, 15.7606, 8.52836],
			"rotation": {"angle": -22.5, "axis": "z", "origin": [10.92058, 15.4676, 8.03536]},
			"faces": {
				"north": {"uv": [4.125, 9, 3.5, 9.25], "texture": "#0"},
				"east": {"uv": [7.5, 9.5, 7, 9.75], "texture": "#0"},
				"south": {"uv": [9.625, 3.5, 9, 3.75], "texture": "#0"},
				"west": {"uv": [10, 6.5, 9.5, 6.75], "texture": "#0"},
				"up": {"uv": [5, 5, 5.625, 4.5], "texture": "#0"},
				"down": {"uv": [5, 5, 5.625, 5.5], "texture": "#0"}
			}
		},
		{
			"from": [11.12777, 16.41391, 7.53636],
			"to": [11.85077, 18.51191, 8.53436],
			"rotation": {"angle": 22.5, "axis": "z", "origin": [11.48927, 17.46291, 8.03536]},
			"faces": {
				"north": {"uv": [2.875, 4, 2.5, 5], "texture": "#0"},
				"east": {"uv": [2.5, 2, 2, 3], "texture": "#0"},
				"south": {"uv": [3.375, 4, 3, 5], "texture": "#0"},
				"west": {"uv": [2.5, 1, 2, 2], "texture": "#0"},
				"up": {"uv": [5, 7.5, 5.375, 7], "texture": "#0"},
				"down": {"uv": [7, 5, 7.375, 5.5], "texture": "#0"}
			}
		},
		{
			"from": [10.04687, 16.5857, 7.54236],
			"to": [10.78287, 16.9717, 8.52836],
			"rotation": {"angle": 22.5, "axis": "z", "origin": [10.41487, 16.7787, 8.03536]},
			"faces": {
				"north": {"uv": [10.875, 1.5, 10.5, 1.75], "texture": "#0"},
				"east": {"uv": [8, 9.5, 7.5, 9.75], "texture": "#0"},
				"south": {"uv": [2.375, 10.5, 2, 10.75], "texture": "#0"},
				"west": {"uv": [10, 7, 9.5, 7.25], "texture": "#0"},
				"up": {"uv": [7, 6, 7.375, 5.5], "texture": "#0"},
				"down": {"uv": [7, 6, 7.375, 6.5], "texture": "#0"}
			}
		},
		{
			"from": [5.46616, 16.557, 7.54236],
			"to": [6.20216, 16.943, 8.52836],
			"rotation": {"angle": -22.5, "axis": "z", "origin": [5.90916, 16.75, 8.03536]},
			"faces": {
				"north": {"uv": [10.875, 2, 10.5, 2.25], "texture": "#0"},
				"east": {"uv": [8.5, 9.5, 8, 9.75], "texture": "#0"},
				"south": {"uv": [2.875, 10.5, 2.5, 10.75], "texture": "#0"},
				"west": {"uv": [10, 7.5, 9.5, 7.75], "texture": "#0"},
				"up": {"uv": [6.5, 7.5, 6.875, 7], "texture": "#0"},
				"down": {"uv": [7, 7, 7.375, 7.5], "texture": "#0"}
			}
		},
		{
			"from": [10.18325, 17.76782, 7.53736],
			"to": [10.87925, 18.58882, 8.53336],
			"rotation": {"angle": -45, "axis": "z", "origin": [11.09839, 17.93606, 8.03536]},
			"faces": {
				"north": {"uv": [5.875, 9, 5.5, 9.375], "texture": "#0"},
				"east": {"uv": [1.5, 7.5, 1, 7.875], "texture": "#0"},
				"south": {"uv": [6.375, 9, 6, 9.375], "texture": "#0"},
				"west": {"uv": [1, 7.5, 0.5, 7.875], "texture": "#0"},
				"up": {"uv": [1.5, 8, 1.875, 7.5], "texture": "#0"},
				"down": {"uv": [2, 7.5, 2.375, 8], "texture": "#0"}
			}
		},
		{
			"from": [4.80825, 17.86782, 7.53736],
			"to": [5.50425, 18.68882, 8.53336],
			"rotation": {"angle": -45, "axis": "z", "origin": [5.72339, 18.03606, 8.03536]},
			"faces": {
				"north": {"uv": [9.375, 6, 9, 6.375], "texture": "#0"},
				"east": {"uv": [8, 2.5, 7.5, 2.875], "texture": "#0"},
				"south": {"uv": [6.875, 9, 6.5, 9.375], "texture": "#0"},
				"west": {"uv": [3, 7.5, 2.5, 7.875], "texture": "#0"},
				"up": {"uv": [3, 8, 3.375, 7.5], "texture": "#0"},
				"down": {"uv": [7.5, 3, 7.875, 3.5], "texture": "#0"}
			}
		},
		{
			"from": [4.38225, 16.29182, 7.53636],
			"to": [5.10525, 18.38982, 8.53436],
			"rotation": {"angle": -22.5, "axis": "z", "origin": [5.12339, 17.03606, 8.03536]},
			"faces": {
				"north": {"uv": [4.375, 3, 4, 4], "texture": "#0"},
				"east": {"uv": [3, 2, 2.5, 3], "texture": "#0"},
				"south": {"uv": [3.875, 4, 3.5, 5], "texture": "#0"},
				"west": {"uv": [3, 1, 2.5, 2], "texture": "#0"},
				"up": {"uv": [3.5, 8, 3.875, 7.5], "texture": "#0"},
				"down": {"uv": [7.5, 3.5, 7.875, 4], "texture": "#0"}
			}
		},
		{
			"from": [4.15825, 14.54282, 7.53736],
			"to": [4.87925, 16.63882, 8.53336],
			"rotation": {"angle": 0, "axis": "z", "origin": [4.89839, 15.28606, 8.03536]},
			"faces": {
				"north": {"uv": [4.375, 4, 4, 5], "texture": "#0"},
				"east": {"uv": [2.5, 3, 2, 4], "texture": "#0"},
				"south": {"uv": [4.875, 0, 4.5, 1], "texture": "#0"},
				"west": {"uv": [3.5, 1, 3, 2], "texture": "#0"},
				"up": {"uv": [4, 8, 4.375, 7.5], "texture": "#0"},
				"down": {"uv": [7.5, 4, 7.875, 4.5], "texture": "#0"}
			}
		},
		{
			"from": [4.60725, 12.84182, 7.53636],
			"to": [5.20525, 14.93982, 8.53436],
			"rotation": {"angle": 22.5, "axis": "z", "origin": [5.34839, 13.58606, 8.03536]},
			"faces": {
				"north": {"uv": [2.75, 5.5, 2.5, 6.5], "texture": "#0"},
				"east": {"uv": [3, 3, 2.5, 4], "texture": "#0"},
				"south": {"uv": [3.25, 5.5, 3, 6.5], "texture": "#0"},
				"west": {"uv": [3.5, 2, 3, 3], "texture": "#0"},
				"up": {"uv": [9.5, 8.5, 9.75, 8], "texture": "#0"},
				"down": {"uv": [8.5, 9.5, 8.75, 10], "texture": "#0"}
			}
		},
		{
			"from": [5.73851, 12.586, 7.53536],
			"to": [7.13851, 13.186, 8.53536],
			"rotation": {"angle": -45, "axis": "z", "origin": [5.34839, 13.58606, 8.03536]},
			"faces": {
				"north": {"uv": [8.25, 4.5, 7.5, 4.75], "texture": "#0"},
				"east": {"uv": [9.5, 9.5, 9, 9.75], "texture": "#0"},
				"south": {"uv": [5.75, 7.5, 5, 7.75], "texture": "#0"},
				"west": {"uv": [10, 8.5, 9.5, 8.75], "texture": "#0"},
				"up": {"uv": [4.5, 1.5, 5.25, 1], "texture": "#0"},
				"down": {"uv": [4.5, 1.5, 5.25, 2], "texture": "#0"}
			}
		},
		{
			"from": [5.61216, 15.753, 7.53836],
			"to": [6.20616, 16.747, 8.53236],
			"rotation": {"angle": 0, "axis": "y", "origin": [6.67655, 15.19923, 8.03536]},
			"faces": {
				"north": {"uv": [9.75, 9, 9.5, 9.5], "texture": "#0"},
				"east": {"uv": [6, 4, 5.5, 4.5], "texture": "#0"},
				"south": {"uv": [9.75, 9.5, 9.5, 10], "texture": "#0"},
				"west": {"uv": [6, 3.5, 5.5, 4], "texture": "#0"},
				"up": {"uv": [0, 10.5, 0.25, 10], "texture": "#0"},
				"down": {"uv": [10, 0, 10.25, 0.5], "texture": "#0"}
			}
		},
		{
			"from": [5.25932, 12.61658, 7.54336],
			"to": [5.74332, 13.50058, 8.52736],
			"rotation": {"angle": 0, "axis": "z", "origin": [5.35132, 13.10858, 8.03536]},
			"faces": {
				"north": {"uv": [0.75, 10, 0.5, 10.5], "texture": "#0"},
				"east": {"uv": [6, 5.5, 5.5, 6], "texture": "#0"},
				"south": {"uv": [10.25, 0.5, 10, 1], "texture": "#0"},
				"west": {"uv": [5.5, 5.5, 5, 6], "texture": "#0"},
				"up": {"uv": [1, 10.5, 1.25, 10], "texture": "#0"},
				"down": {"uv": [10, 1, 10.25, 1.5], "texture": "#0"}
			}
		},
		{
			"from": [4.94116, 13.482, 7.54236],
			"to": [5.72716, 14.268, 8.52836],
			"rotation": {"angle": 45, "axis": "z", "origin": [5.63416, 13.775, 8.03536]},
			"faces": {
				"north": {"uv": [9.375, 6.5, 9, 6.875], "texture": "#0"},
				"east": {"uv": [8, 5.5, 7.5, 5.875], "texture": "#0"},
				"south": {"uv": [7.375, 9, 7, 9.375], "texture": "#0"},
				"west": {"uv": [8, 5, 7.5, 5.375], "texture": "#0"},
				"up": {"uv": [6, 8, 6.375, 7.5], "texture": "#0"},
				"down": {"uv": [7.5, 6, 7.875, 6.5], "texture": "#0"}
			}
		},
		{
			"from": [4.84016, 13.731, 7.54136],
			"to": [5.62816, 14.519, 8.52936],
			"rotation": {"angle": 22.5, "axis": "z", "origin": [5.53416, 14.025, 8.03536]},
			"faces": {
				"north": {"uv": [9.375, 7, 9, 7.375], "texture": "#0"},
				"east": {"uv": [8, 6.5, 7.5, 6.875], "texture": "#0"},
				"south": {"uv": [7.875, 9, 7.5, 9.375], "texture": "#0"},
				"west": {"uv": [7, 7.5, 6.5, 7.875], "texture": "#0"},
				"up": {"uv": [7, 8, 7.375, 7.5], "texture": "#0"},
				"down": {"uv": [7.5, 7, 7.875, 7.5], "texture": "#0"}
			}
		},
		{
			"from": [4.73916, 14.03, 7.54036],
			"to": [5.52916, 14.82, 8.53036],
			"rotation": {"angle": 0, "axis": "z", "origin": [5.43416, 14.325, 8.03536]},
			"faces": {
				"north": {"uv": [9.375, 7.5, 9, 7.875], "texture": "#0"},
				"east": {"uv": [8.5, 0, 8, 0.375], "texture": "#0"},
				"south": {"uv": [8.375, 9, 8, 9.375], "texture": "#0"},
				"west": {"uv": [8, 7.5, 7.5, 7.875], "texture": "#0"},
				"up": {"uv": [0.5, 8.5, 0.875, 8], "texture": "#0"},
				"down": {"uv": [8, 0.5, 8.375, 1], "texture": "#0"}
			}
		},
		{
			"from": [11.26416, 15.33, 7.54036],
			"to": [11.62916, 16.72, 8.53036],
			"rotation": {"angle": 0, "axis": "z", "origin": [11.55916, 15.725, 8.03536]},
			"faces": {
				"north": {"uv": [1.25, 8, 1, 8.75], "texture": "#0"},
				"east": {"uv": [5, 3, 4.5, 3.75], "texture": "#0"},
				"south": {"uv": [8.25, 1, 8, 1.75], "texture": "#0"},
				"west": {"uv": [5, 2, 4.5, 2.75], "texture": "#0"},
				"up": {"uv": [1.5, 10.5, 1.75, 10], "texture": "#0"},
				"down": {"uv": [10, 1.5, 10.25, 2], "texture": "#0"}
			}
		},
		{
			"from": [4.66416, 15.33, 7.54036],
			"to": [5.02916, 16.72, 8.53036],
			"rotation": {"angle": 0, "axis": "z", "origin": [4.95916, 15.725, 8.03536]},
			"faces": {
				"north": {"uv": [1.75, 8, 1.5, 8.75], "texture": "#0"},
				"east": {"uv": [5.5, 0, 5, 0.75], "texture": "#0"},
				"south": {"uv": [2.25, 8, 2, 8.75], "texture": "#0"},
				"west": {"uv": [5, 4, 4.5, 4.75], "texture": "#0"},
				"up": {"uv": [2, 10.5, 2.25, 10], "texture": "#0"},
				"down": {"uv": [10, 2, 10.25, 2.5], "texture": "#0"}
			}
		},
		{
			"from": [10.25326, 17.39019, 7.54336],
			"to": [11.03726, 18.17419, 8.52736],
			"rotation": {"angle": -45, "axis": "z", "origin": [10.64526, 17.78219, 8.03536]},
			"faces": {
				"north": {"uv": [9.375, 8, 9, 8.375], "texture": "#0"},
				"east": {"uv": [3, 8, 2.5, 8.375], "texture": "#0"},
				"south": {"uv": [8.875, 9, 8.5, 9.375], "texture": "#0"},
				"west": {"uv": [8.5, 2, 8, 2.375], "texture": "#0"},
				"up": {"uv": [8, 3, 8.375, 2.5], "texture": "#0"},
				"down": {"uv": [3, 8, 3.375, 8.5], "texture": "#0"}
			}
		},
		{
			"from": [5.22826, 17.54019, 7.54336],
			"to": [6.01226, 18.32419, 8.52736],
			"rotation": {"angle": -45, "axis": "z", "origin": [5.62026, 17.93219, 8.03536]},
			"faces": {
				"north": {"uv": [9.375, 8.5, 9, 8.875], "texture": "#0"},
				"east": {"uv": [4, 8, 3.5, 8.375], "texture": "#0"},
				"south": {"uv": [9.375, 9, 9, 9.375], "texture": "#0"},
				"west": {"uv": [8.5, 3, 8, 3.375], "texture": "#0"},
				"up": {"uv": [8, 4, 8.375, 3.5], "texture": "#0"},
				"down": {"uv": [4, 8, 4.375, 8.5], "texture": "#0"}
			}
		},
		{
			"from": [10.62726, 16.83919, 7.54236],
			"to": [11.41326, 17.62519, 8.52836],
			"rotation": {"angle": 22.5, "axis": "z", "origin": [11.02026, 17.23219, 8.03536]},
			"faces": {
				"north": {"uv": [0.375, 9.5, 0, 9.875], "texture": "#0"},
				"east": {"uv": [5.5, 8, 5, 8.375], "texture": "#0"},
				"south": {"uv": [9.875, 0, 9.5, 0.375], "texture": "#0"},
				"west": {"uv": [8.5, 4, 8, 4.375], "texture": "#0"},
				"up": {"uv": [8, 5.5, 8.375, 5], "texture": "#0"},
				"down": {"uv": [5.5, 8, 5.875, 8.5], "texture": "#0"}
			}
		},
		{
			"from": [4.82726, 17.03919, 7.54236],
			"to": [5.61326, 17.82519, 8.52836],
			"rotation": {"angle": -22.5, "axis": "z", "origin": [5.22026, 17.43219, 8.03536]},
			"faces": {
				"north": {"uv": [0.875, 9.5, 0.5, 9.875], "texture": "#0"},
				"east": {"uv": [6.5, 8, 6, 8.375], "texture": "#0"},
				"south": {"uv": [9.875, 0.5, 9.5, 0.875], "texture": "#0"},
				"west": {"uv": [8.5, 5.5, 8, 5.875], "texture": "#0"},
				"up": {"uv": [8, 6.5, 8.375, 6], "texture": "#0"},
				"down": {"uv": [6.5, 8, 6.875, 8.5], "texture": "#0"}
			}
		},
		{
			"from": [10.60126, 16.53819, 7.54136],
			"to": [11.48926, 17.32619, 8.52936],
			"rotation": {"angle": -22.5, "axis": "z", "origin": [11.09526, 16.93219, 8.03536]},
			"faces": {
				"north": {"uv": [8.5, 6.5, 8, 6.875], "texture": "#0"},
				"east": {"uv": [8, 8, 7.5, 8.375], "texture": "#0"},
				"south": {"uv": [8.5, 7, 8, 7.375], "texture": "#0"},
				"west": {"uv": [7.5, 8, 7, 8.375], "texture": "#0"},
				"up": {"uv": [2, 6.5, 2.5, 6], "texture": "#0"},
				"down": {"uv": [6, 2, 6.5, 2.5], "texture": "#0"}
			}
		},
		{
			"from": [4.72626, 16.53819, 7.54136],
			"to": [5.61426, 17.32619, 8.52936],
			"rotation": {"angle": 22.5, "axis": "z", "origin": [5.22026, 16.93219, 8.03536]},
			"faces": {
				"north": {"uv": [8.5, 7.5, 8, 7.875], "texture": "#0"},
				"east": {"uv": [1, 8.5, 0.5, 8.875], "texture": "#0"},
				"south": {"uv": [9, 0, 8.5, 0.375], "texture": "#0"},
				"west": {"uv": [8.5, 8, 8, 8.375], "texture": "#0"},
				"up": {"uv": [6, 3, 6.5, 2.5], "texture": "#0"},
				"down": {"uv": [6, 3, 6.5, 3.5], "texture": "#0"}
			}
		},
		{
			"from": [10.75426, 15.26619, 7.54436],
			"to": [11.53626, 16.04819, 8.52636],
			"rotation": {"angle": 22.5, "axis": "z", "origin": [11.14526, 15.65719, 8.03536]},
			"faces": {
				"north": {"uv": [9.875, 1, 9.5, 1.375], "texture": "#0"},
				"east": {"uv": [9, 1, 8.5, 1.375], "texture": "#0"},
				"south": {"uv": [1.875, 9.5, 1.5, 9.875], "texture": "#0"},
				"west": {"uv": [9, 0.5, 8.5, 0.875], "texture": "#0"},
				"up": {"uv": [8.5, 2, 8.875, 1.5], "texture": "#0"},
				"down": {"uv": [8.5, 2, 8.875, 2.5], "texture": "#0"}
			}
		},
		{
			"from": [4.76316, 15.029, 7.53936],
			"to": [5.55516, 15.821, 8.53136],
			"rotation": {"angle": -22.5, "axis": "z", "origin": [5.45916, 15.325, 8.03536]},
			"faces": {
				"north": {"uv": [9.875, 1.5, 9.5, 1.875], "texture": "#0"},
				"east": {"uv": [9, 2.5, 8.5, 2.875], "texture": "#0"},
				"south": {"uv": [2.375, 9.5, 2, 9.875], "texture": "#0"},
				"west": {"uv": [3, 8.5, 2.5, 8.875], "texture": "#0"},
				"up": {"uv": [3, 9, 3.375, 8.5], "texture": "#0"},
				"down": {"uv": [8.5, 3, 8.875, 3.5], "texture": "#0"}
			}
		},
		{
			"from": [4.73816, 14.329, 7.53936],
			"to": [5.53016, 15.121, 8.53136],
			"rotation": {"angle": -22.5, "axis": "z", "origin": [5.43416, 14.625, 8.03536]},
			"faces": {
				"north": {"uv": [9.875, 2, 9.5, 2.375], "texture": "#0"},
				"east": {"uv": [9, 3.5, 8.5, 3.875], "texture": "#0"},
				"south": {"uv": [2.875, 9.5, 2.5, 9.875], "texture": "#0"},
				"west": {"uv": [4, 8.5, 3.5, 8.875], "texture": "#0"},
				"up": {"uv": [4, 9, 4.375, 8.5], "texture": "#0"},
				"down": {"uv": [8.5, 4, 8.875, 4.5], "texture": "#0"}
			}
		},
		{
			"from": [4.76216, 14.928, 7.53836],
			"to": [6.05616, 15.522, 8.53236],
			"rotation": {"angle": 22.5, "axis": "z", "origin": [5.55916, 15.225, 8.03536]},
			"faces": {
				"north": {"uv": [9.625, 4, 9, 4.25], "texture": "#0"},
				"east": {"uv": [10.5, 2.5, 10, 2.75], "texture": "#0"},
				"south": {"uv": [5.125, 9, 4.5, 9.25], "texture": "#0"},
				"west": {"uv": [3, 10, 2.5, 10.25], "texture": "#0"},
				"up": {"uv": [5.5, 0.5, 6.125, 0], "texture": "#0"},
				"down": {"uv": [5.5, 0.5, 6.125, 1], "texture": "#0"}
			}
		},
		{
			"from": [5.89455, 15.14608, 7.53736],
			"to": [6.49055, 16.14208, 8.53336],
			"rotation": {"angle": 22.5, "axis": "z", "origin": [6.67655, 15.19923, 8.03536]},
			"faces": {
				"north": {"uv": [3.25, 10, 3, 10.5], "texture": "#0"},
				"east": {"uv": [6.5, 3.5, 6, 4], "texture": "#0"},
				"south": {"uv": [10.25, 3, 10, 3.5], "texture": "#0"},
				"west": {"uv": [4, 6, 3.5, 6.5], "texture": "#0"},
				"up": {"uv": [3.5, 10.5, 3.75, 10], "texture": "#0"},
				"down": {"uv": [10, 3.5, 10.25, 4], "texture": "#0"}
			}
		},
		{
			"from": [6.40487, 14.44654, 7.53636],
			"to": [7.40287, 15.04454, 8.53436],
			"rotation": {"angle": -45, "axis": "z", "origin": [6.65155, 15.19923, 8.03536]},
			"faces": {
				"north": {"uv": [4.5, 10, 4, 10.25], "texture": "#0"},
				"east": {"uv": [10.5, 4.5, 10, 4.75], "texture": "#0"},
				"south": {"uv": [5, 10, 4.5, 10.25], "texture": "#0"},
				"west": {"uv": [10.5, 4, 10, 4.25], "texture": "#0"},
				"up": {"uv": [4, 6.5, 4.5, 6], "texture": "#0"},
				"down": {"uv": [6, 4, 6.5, 4.5], "texture": "#0"}
			}
		},
		{
			"from": [6.68763, 13.82211, 7.53536],
			"to": [8.08763, 14.42211, 8.53536],
			"rotation": {"angle": -22.5, "axis": "z", "origin": [7.38763, 14.12211, 8.03536]},
			"faces": {
				"north": {"uv": [9.25, 4.5, 8.5, 4.75], "texture": "#0"},
				"east": {"uv": [10.5, 5, 10, 5.25], "texture": "#0"},
				"south": {"uv": [5.75, 8.5, 5, 8.75], "texture": "#0"},
				"west": {"uv": [5.5, 10, 5, 10.25], "texture": "#0"},
				"up": {"uv": [5, 2.5, 5.75, 2], "texture": "#0"},
				"down": {"uv": [2.5, 5, 3.25, 5.5], "texture": "#0"}
			}
		},
		{
			"from": [10.04693, 15.753, 7.53836],
			"to": [10.64093, 16.747, 8.53236],
			"rotation": {"angle": 0, "axis": "z", "origin": [10.34393, 16.25, 8.03536]},
			"faces": {
				"north": {"uv": [5.75, 10, 5.5, 10.5], "texture": "#0"},
				"east": {"uv": [6.5, 4.5, 6, 5], "texture": "#0"},
				"south": {"uv": [10.25, 5.5, 10, 6], "texture": "#0"},
				"west": {"uv": [5, 6, 4.5, 6.5], "texture": "#0"},
				"up": {"uv": [6, 10.5, 6.25, 10], "texture": "#0"},
				"down": {"uv": [10, 6, 10.25, 6.5], "texture": "#0"}
			}
		},
		{
			"from": [9.89593, 14.927, 7.53736],
			"to": [10.49193, 15.923, 8.53336],
			"rotation": {"angle": -22.5, "axis": "z", "origin": [10.19393, 15.425, 8.03536]},
			"faces": {
				"north": {"uv": [6.75, 10, 6.5, 10.5], "texture": "#0"},
				"east": {"uv": [6.5, 5, 6, 5.5], "texture": "#0"},
				"south": {"uv": [10.25, 6.5, 10, 7], "texture": "#0"},
				"west": {"uv": [5.5, 6, 5, 6.5], "texture": "#0"},
				"up": {"uv": [7, 10.5, 7.25, 10], "texture": "#0"},
				"down": {"uv": [10, 7, 10.25, 7.5], "texture": "#0"}
			}
		},
		{
			"from": [9.21993, 14.401, 7.53636],
			"to": [10.21793, 14.999, 8.53436],
			"rotation": {"angle": 45, "axis": "z", "origin": [9.71893, 14.7, 8.03536]},
			"faces": {
				"north": {"uv": [8, 10, 7.5, 10.25], "texture": "#0"},
				"east": {"uv": [10.5, 8, 10, 8.25], "texture": "#0"},
				"south": {"uv": [8.5, 10, 8, 10.25], "texture": "#0"},
				"west": {"uv": [10.5, 7.5, 10, 7.75], "texture": "#0"},
				"up": {"uv": [5.5, 6.5, 6, 6], "texture": "#0"},
				"down": {"uv": [6, 5.5, 6.5, 6], "texture": "#0"}
			}
		},
		{
			"from": [8.85152, 16.4215, 7.63636],
			"to": [9.14952, 17.6195, 8.43436],
			"rotation": {"angle": 45, "axis": "z", "origin": [9.00052, 17.0205, 8.03536]},
			"faces": {
				"north": {"uv": [10.625, 4.5, 10.5, 5.125], "texture": "#0"},
				"east": {"uv": [6.875, 3, 6.5, 3.625], "texture": "#0"},
				"south": {"uv": [5.125, 10.5, 5, 11.125], "texture": "#0"},
				"west": {"uv": [3.375, 6.5, 3, 7.125], "texture": "#0"},
				"up": {"uv": [3.5, 11.375, 3.625, 11], "texture": "#0"},
				"down": {"uv": [11, 3.5, 11.125, 3.875], "texture": "#0"}
			}
		},
		{
			"from": [9.23358, 15.5, 7.63536],
			"to": [9.53358, 16.7, 8.43536],
			"rotation": {"angle": 0, "axis": "y", "origin": [9.18876, 16.10821, 8.03536]},
			"faces": {
				"north": {"uv": [5.625, 10.5, 5.5, 11.125], "texture": "#0"},
				"east": {"uv": [4.375, 6.5, 4, 7.125], "texture": "#0"},
				"south": {"uv": [10.625, 5.5, 10.5, 6.125], "texture": "#0"},
				"west": {"uv": [3.875, 6.5, 3.5, 7.125], "texture": "#0"},
				"up": {"uv": [4, 11.375, 4.125, 11], "texture": "#0"},
				"down": {"uv": [11, 4, 11.125, 4.375], "texture": "#0"}
			}
		},
		{
			"from": [8.38908, 15.03583, 7.63636],
			"to": [9.58708, 15.33383, 8.43436],
			"rotation": {"angle": 45, "axis": "z", "origin": [8.98808, 15.18483, 8.03536]},
			"faces": {
				"north": {"uv": [6.625, 10.5, 6, 10.625], "texture": "#0"},
				"east": {"uv": [11.375, 4.5, 11, 4.625], "texture": "#0"},
				"south": {"uv": [11.125, 6.5, 10.5, 6.625], "texture": "#0"},
				"west": {"uv": [4.875, 11, 4.5, 11.125], "texture": "#0"},
				"up": {"uv": [6.5, 4.375, 7.125, 4], "texture": "#0"},
				"down": {"uv": [4.5, 6.5, 5.125, 6.875], "texture": "#0"}
			}
		},
		{
			"from": [6.66893, 15.5, 7.63536],
			"to": [6.96893, 16.7, 8.43536],
			"rotation": {"angle": 0, "axis": "z", "origin": [6.96893, 16, 8.03536]},
			"faces": {
				"north": {"uv": [7.125, 10.5, 7, 11.125], "texture": "#0"},
				"east": {"uv": [5.875, 6.5, 5.5, 7.125], "texture": "#0"},
				"south": {"uv": [10.625, 7, 10.5, 7.625], "texture": "#0"},
				"west": {"uv": [6.875, 4.5, 6.5, 5.125], "texture": "#0"},
				"up": {"uv": [11, 5.375, 11.125, 5], "texture": "#0"},
				"down": {"uv": [11, 5.5, 11.125, 5.875], "texture": "#0"}
			}
		},
		{
			"from": [6.94493, 16.351, 7.63636],
			"to": [7.24293, 17.549, 8.43436],
			"rotation": {"angle": -45, "axis": "z", "origin": [7.24393, 16.85, 8.03536]},
			"faces": {
				"north": {"uv": [7.625, 10.5, 7.5, 11.125], "texture": "#0"},
				"east": {"uv": [6.375, 6.5, 6, 7.125], "texture": "#0"},
				"south": {"uv": [8.125, 10.5, 8, 11.125], "texture": "#0"},
				"west": {"uv": [6.875, 5.5, 6.5, 6.125], "texture": "#0"},
				"up": {"uv": [6, 11.375, 6.125, 11], "texture": "#0"},
				"down": {"uv": [11, 6, 11.125, 6.375], "texture": "#0"}
			}
		},
		{
			"from": [6.66993, 14.926, 7.63636],
			"to": [7.86793, 15.224, 8.43436],
			"rotation": {"angle": -45, "axis": "z", "origin": [7.36893, 15.225, 8.03536]},
			"faces": {
				"north": {"uv": [11.125, 8, 10.5, 8.125], "texture": "#0"},
				"east": {"uv": [11.375, 7, 11, 7.125], "texture": "#0"},
				"south": {"uv": [9.125, 10.5, 8.5, 10.625], "texture": "#0"},
				"west": {"uv": [6.875, 11, 6.5, 11.125], "texture": "#0"},
				"up": {"uv": [6.5, 6.875, 7.125, 6.5], "texture": "#0"},
				"down": {"uv": [7, 0, 7.625, 0.375], "texture": "#0"}
			}
		},
		{
			"from": [7.49393, 17.25, 7.63536],
			"to": [8.69393, 17.55, 8.43536],
			"rotation": {"angle": 0, "axis": "z", "origin": [8.19393, 17.55, 8.03536]},
			"faces": {
				"north": {"uv": [11.125, 8.5, 10.5, 8.625], "texture": "#0"},
				"east": {"uv": [8.875, 11, 8.5, 11.125], "texture": "#0"},
				"south": {"uv": [11.125, 9, 10.5, 9.125], "texture": "#0"},
				"west": {"uv": [11.375, 7.5, 11, 7.625], "texture": "#0"},
				"up": {"uv": [7, 0.875, 7.625, 0.5], "texture": "#0"},
				"down": {"uv": [1, 7, 1.625, 7.375], "texture": "#0"}
			}
		},
		{
			"from": [7.69393, 15.75, 7.83536],
			"to": [8.49393, 16.55, 8.23536],
			"rotation": {"angle": -45, "axis": "z", "origin": [8.09393, 16.15, 8.03536]},
			"faces": {
				"north": {"uv": [9.875, 2.5, 9.5, 2.875], "texture": "#0"},
				"east": {"uv": [3.25, 10.5, 3, 10.875], "texture": "#0"},
				"south": {"uv": [3.375, 9.5, 3, 9.875], "texture": "#0"},
				"west": {"uv": [10.75, 2.5, 10.5, 2.875], "texture": "#0"},
				"up": {"uv": [10.5, 3.25, 10.875, 3], "texture": "#0"},
				"down": {"uv": [3.5, 10.5, 3.875, 10.75], "texture": "#0"}
			}
		},
		{
			"from": [6.12393, 16.055, 7.84036],
			"to": [10.51393, 16.245, 8.23036],
			"rotation": {"angle": 0, "axis": "z", "origin": [6.01893, 16.25, 8.03536]},
			"faces": {
				"north": {"uv": [7.75, 1, 5.5, 1.125], "texture": "#0"},
				"east": {"uv": [2.25, 11.5, 2, 11.625], "texture": "#0"},
				"south": {"uv": [7.75, 1.5, 5.5, 1.625], "texture": "#0"},
				"west": {"uv": [11.75, 1.5, 11.5, 1.625], "texture": "#0"},
				"up": {"uv": [2, 0.25, 4.25, 0], "texture": "#0"},
				"down": {"uv": [2, 0.5, 4.25, 0.75], "texture": "#0"}
			}
		},
		{
			"from": [8.00193, 14.158, 7.84336],
			"to": [8.18593, 17.342, 8.22736],
			"rotation": {"angle": 0, "axis": "z", "origin": [8.19393, 14.95, 8.03536]},
			"faces": {
				"north": {"uv": [0.125, 7, 0, 8.625], "texture": "#0"},
				"east": {"uv": [2.25, 4, 2, 5.625], "texture": "#0"},
				"south": {"uv": [4.625, 7, 4.5, 8.625], "texture": "#0"},
				"west": {"uv": [4.25, 1, 4, 2.625], "texture": "#0"},
				"up": {"uv": [11.5, 2.25, 11.625, 2], "texture": "#0"},
				"down": {"uv": [2.5, 11.5, 2.625, 11.75], "texture": "#0"}
			}
		},
		{
			"from": [7.49393, 14.65, 7.63536],
			"to": [8.69393, 14.95, 8.43536],
			"rotation": {"angle": 0, "axis": "z", "origin": [8.19393, 14.95, 8.03536]},
			"faces": {
				"north": {"uv": [10.125, 10.5, 9.5, 10.625], "texture": "#0"},
				"east": {"uv": [9.875, 11, 9.5, 11.125], "texture": "#0"},
				"south": {"uv": [11.125, 9.5, 10.5, 9.625], "texture": "#0"},
				"west": {"uv": [9.375, 11, 9, 11.125], "texture": "#0"},
				"up": {"uv": [2, 7.375, 2.625, 7], "texture": "#0"},
				"down": {"uv": [7, 2, 7.625, 2.375], "texture": "#0"}
			}
		},
		{
			"from": [8.09393, 13.925, 7.53536],
			"to": [9.49393, 14.525, 8.53536],
			"rotation": {"angle": 22.5, "axis": "z", "origin": [8.99393, 14.225, 8.03536]},
			"faces": {
				"north": {"uv": [9.25, 5, 8.5, 5.25], "texture": "#0"},
				"east": {"uv": [10.5, 8.5, 10, 8.75], "texture": "#0"},
				"south": {"uv": [9.25, 5.5, 8.5, 5.75], "texture": "#0"},
				"west": {"uv": [9, 10, 8.5, 10.25], "texture": "#0"},
				"up": {"uv": [5, 3, 5.75, 2.5], "texture": "#0"},
				"down": {"uv": [5, 3, 5.75, 3.5], "texture": "#0"}
			}
		},
		{
			"from": [7.6, 13.55, 7.45],
			"to": [8.6, 14.15, 8.45],
			"rotation": {"angle": 45, "axis": "y", "origin": [8.2, 8.95, 8]},
			"faces": {
				"north": {"uv": [9.5, 10, 9, 10.25], "texture": "#0"},
				"east": {"uv": [10.5, 9.5, 10, 9.75], "texture": "#0"},
				"south": {"uv": [10, 10, 9.5, 10.25], "texture": "#0"},
				"west": {"uv": [10.5, 9, 10, 9.25], "texture": "#0"},
				"up": {"uv": [6, 6.5, 6.5, 6], "texture": "#0"},
				"down": {"uv": [0, 6.5, 0.5, 7], "texture": "#0"}
			}
		},
		{
			"from": [7.7, 1.15, 7.55],
			"to": [8.5, 13.55, 8.35],
			"rotation": {"angle": 45, "axis": "y", "origin": [8.2, 2.15, 8]},
			"faces": {
				"north": {"uv": [0.375, 0, 0, 6.25], "texture": "#0"},
				"east": {"uv": [1.875, 0, 1.5, 6.25], "texture": "#0"},
				"south": {"uv": [1, 6.25, 1.375, 0], "texture": "#0"},
				"west": {"uv": [0.875, 0, 0.5, 6.25], "texture": "#0"},
				"up": {"uv": [9.5, 3.375, 9.875, 3], "texture": "#0"},
				"down": {"uv": [3.5, 9.5, 3.875, 9.875], "texture": "#0"}
			}
		},
		{
			"from": [11.50825, 14.54282, 7.53736],
			"to": [12.22925, 16.63882, 8.53336],
			"rotation": {"angle": 0, "axis": "y", "origin": [11.86875, 15.59082, 8.03536]},
			"faces": {
				"north": {"uv": [3.875, 5, 3.5, 6], "texture": "#0"},
				"east": {"uv": [4, 1, 3.5, 2], "texture": "#0"},
				"south": {"uv": [5.375, 3.5, 5, 4.5], "texture": "#0"},
				"west": {"uv": [3.5, 3, 3, 4], "texture": "#0"},
				"up": {"uv": [6, 9, 6.375, 8.5], "texture": "#0"},
				"down": {"uv": [8.5, 6, 8.875, 6.5], "texture": "#0"}
			}
		},
		{
			"from": [10.99826, 14.63519, 7.53836],
			"to": [11.79226, 15.42919, 8.53236],
			"rotation": {"angle": 22.5, "axis": "z", "origin": [11.39526, 15.03219, 8.03536]},
			"faces": {
				"north": {"uv": [4.375, 9.5, 4, 9.875], "texture": "#0"},
				"east": {"uv": [9, 6.5, 8.5, 6.875], "texture": "#0"},
				"south": {"uv": [4.875, 9.5, 4.5, 9.875], "texture": "#0"},
				"west": {"uv": [7, 8.5, 6.5, 8.875], "texture": "#0"},
				"up": {"uv": [7, 9, 7.375, 8.5], "texture": "#0"},
				"down": {"uv": [8.5, 7, 8.875, 7.5], "texture": "#0"}
			}
		},
		{
			"from": [11.06416, 14.03, 7.54036],
			"to": [11.85416, 14.82, 8.53036],
			"rotation": {"angle": 0, "axis": "y", "origin": [11.50431, 15.4643, 8.03536]},
			"faces": {
				"north": {"uv": [9.875, 4.5, 9.5, 4.875], "texture": "#0"},
				"east": {"uv": [9, 7.5, 8.5, 7.875], "texture": "#0"},
				"south": {"uv": [5.375, 9.5, 5, 9.875], "texture": "#0"},
				"west": {"uv": [8, 8.5, 7.5, 8.875], "texture": "#0"},
				"up": {"uv": [8, 9, 8.375, 8.5], "texture": "#0"},
				"down": {"uv": [8.5, 8, 8.875, 8.5], "texture": "#0"}
			}
		},
		{
			"from": [10.64973, 13.20858, 7.54136],
			"to": [11.43773, 13.99658, 8.52936],
			"rotation": {"angle": -45, "axis": "z", "origin": [11.04373, 13.60258, 8.03536]},
			"faces": {
				"north": {"uv": [9.875, 5, 9.5, 5.375], "texture": "#0"},
				"east": {"uv": [0.5, 9, 0, 9.375], "texture": "#0"},
				"south": {"uv": [5.875, 9.5, 5.5, 9.875], "texture": "#0"},
				"west": {"uv": [9, 8.5, 8.5, 8.875], "texture": "#0"},
				"up": {"uv": [9, 0.5, 9.375, 0], "texture": "#0"},
				"down": {"uv": [0.5, 9, 0.875, 9.5], "texture": "#0"}
			}
		},
		{
			"from": [10.39921, 11.62021, 7.53536],
			"to": [10.99921, 13.02021, 8.53536],
			"rotation": {"angle": -45, "axis": "z", "origin": [10.69921, 12.32021, 8.03536]},
			"faces": {
				"north": {"uv": [9.25, 0.5, 9, 1.25], "texture": "#0"},
				"east": {"uv": [5, 5, 4.5, 5.75], "texture": "#0"},
				"south": {"uv": [1.25, 9, 1, 9.75], "texture": "#0"},
				"west": {"uv": [4.5, 5, 4, 5.75], "texture": "#0"},
				"up": {"uv": [10, 10.5, 10.25, 10], "texture": "#0"},
				"down": {"uv": [0, 10.5, 0.25, 11], "texture": "#0"}
			}
		},
		{
			"from": [11.24927, 12.64942, 7.53636],
			"to": [11.84727, 14.74742, 8.53436],
			"rotation": {"angle": -22.5, "axis": "z", "origin": [11.54827, 13.69842, 8.03536]},
			"faces": {
				"north": {"uv": [6.75, 0, 6.5, 1], "texture": "#0"},
				"east": {"uv": [4, 3, 3.5, 4], "texture": "#0"},
				"south": {"uv": [0.75, 6.5, 0.5, 7.5], "texture": "#0"},
				"west": {"uv": [4, 2, 3.5, 3], "texture": "#0"},
				"up": {"uv": [10.5, 0.5, 10.75, 0], "texture": "#0"},
				"down": {"uv": [0.5, 10.5, 0.75, 11], "texture": "#0"}
			}
		},
		{
			"from": [10.68432, 12.61658, 7.54336],
			"to": [11.16832, 13.50058, 8.52736],
			"rotation": {"angle": 0, "axis": "y", "origin": [10.60431, 15.4643, 8.03536]},
			"faces": {
				"north": {"uv": [10.75, 0.5, 10.5, 1], "texture": "#0"},
				"east": {"uv": [2, 6.5, 1.5, 7], "texture": "#0"},
				"south": {"uv": [1.25, 10.5, 1, 11], "texture": "#0"},
				"west": {"uv": [1.5, 6.5, 1, 7], "texture": "#0"},
				"up": {"uv": [10.5, 1.5, 10.75, 1], "texture": "#0"},
				"down": {"uv": [1.5, 10.5, 1.75, 11], "texture": "#0"}
			}
		},
		{
			"from": [10.88332, 13.71558, 7.54236],
			"to": [11.66932, 14.50158, 8.52836],
			"rotation": {"angle": -22.5, "axis": "z", "origin": [11.27632, 14.10858, 8.03536]},
			"faces": {
				"north": {"uv": [9.875, 5.5, 9.5, 5.875], "texture": "#0"},
				"east": {"uv": [9.5, 1.5, 9, 1.875], "texture": "#0"},
				"south": {"uv": [6.375, 9.5, 6, 9.875], "texture": "#0"},
				"west": {"uv": [2, 9, 1.5, 9.375], "texture": "#0"},
				"up": {"uv": [2, 9.5, 2.375, 9], "texture": "#0"},
				"down": {"uv": [9, 2, 9.375, 2.5], "texture": "#0"}
			}
		},
		{
			"from": [7.6, 0.45, 7.45],
			"to": [8.6, 1.15, 8.45],
			"rotation": {"angle": 45, "axis": "y", "origin": [8.2, 1.75, 8]},
			"faces": {
				"north": {"uv": [3, 9, 2.5, 9.375], "texture": "#0"},
				"east": {"uv": [9.5, 3, 9, 3.375], "texture": "#0"},
				"south": {"uv": [3.5, 9, 3, 9.375], "texture": "#0"},
				"west": {"uv": [9.5, 2.5, 9, 2.875], "texture": "#0"},
				"up": {"uv": [2, 7, 2.5, 6.5], "texture": "#0"},
				"down": {"uv": [6.5, 2, 7, 2.5], "texture": "#0"}
			}
		},
		{
			"from": [7.7, 0.375, 7.55],
			"to": [8.5, 0.95, 8.35],
			"rotation": {"angle": 45, "axis": "y", "origin": [8.2, 1.55, 8]},
			"faces": {
				"north": {"uv": [10.875, 3.5, 10.5, 3.75], "texture": "#0"},
				"east": {"uv": [4.875, 10.5, 4.5, 10.75], "texture": "#0"},
				"south": {"uv": [10.875, 4, 10.5, 4.25], "texture": "#0"},
				"west": {"uv": [4.375, 10.5, 4, 10.75], "texture": "#0"},
				"up": {"uv": [9.5, 6.375, 9.875, 6], "texture": "#0"},
				"down": {"uv": [6.5, 9.5, 6.875, 9.875], "texture": "#0"}
			}
		},
		{
			"from": [7.29393, 0.675, 7.3864],
			"to": [8.34393, 0.925, 8.4364],
			"rotation": {"angle": -45, "axis": "y", "origin": [7.79393, 0.8, 8.3114]},
			"faces": {
				"north": {"uv": [1, 11, 0.5, 11.125], "texture": "#0"},
				"east": {"uv": [11.5, 1, 11, 1.125], "texture": "#0"},
				"south": {"uv": [1.5, 11, 1, 11.125], "texture": "#0"},
				"west": {"uv": [11.5, 0.5, 11, 0.625], "texture": "#0"},
				"up": {"uv": [2.5, 7, 3, 6.5], "texture": "#0"},
				"down": {"uv": [6.5, 2.5, 7, 3], "texture": "#0"}
			}
		},
		{
			"from": [7.55, 0.4, 8.25],
			"to": [7.8, 1.2, 8.5],
			"rotation": {"angle": 45, "axis": "y", "origin": [8.2, 1.75, 8]},
			"faces": {
				"north": {"uv": [10.125, 11, 10, 11.375], "texture": "#0"},
				"east": {"uv": [11.125, 10.5, 11, 10.875], "texture": "#0"},
				"south": {"uv": [10.625, 11, 10.5, 11.375], "texture": "#0"},
				"west": {"uv": [11.125, 10, 11, 10.375], "texture": "#0"},
				"up": {"uv": [11.5, 3.125, 11.625, 3], "texture": "#0"},
				"down": {"uv": [3.5, 11.5, 3.625, 11.625], "texture": "#0"}
			}
		},
		{
			"from": [7.55, 0.4, 7.05],
			"to": [7.8, 1.2, 7.3],
			"rotation": {"angle": 45, "axis": "y", "origin": [8.2, 1.75, 6.8]},
			"faces": {
				"north": {"uv": [11.125, 11, 11, 11.375], "texture": "#0"},
				"east": {"uv": [0.625, 11.5, 0.5, 11.875], "texture": "#0"},
				"south": {"uv": [11.625, 0, 11.5, 0.375], "texture": "#0"},
				"west": {"uv": [0.125, 11.5, 0, 11.875], "texture": "#0"},
				"up": {"uv": [11.5, 3.625, 11.625, 3.5], "texture": "#0"},
				"down": {"uv": [4, 11.5, 4.125, 11.625], "texture": "#0"}
			}
		},
		{
			"from": [6.95, 0.4, 7.65],
			"to": [7.2, 1.2, 7.9],
			"rotation": {"angle": 45, "axis": "y", "origin": [7.6, 1.75, 7.4]},
			"faces": {
				"north": {"uv": [11.625, 0.5, 11.5, 0.875], "texture": "#0"},
				"east": {"uv": [1.625, 11.5, 1.5, 11.875], "texture": "#0"},
				"south": {"uv": [11.625, 1, 11.5, 1.375], "texture": "#0"},
				"west": {"uv": [1.125, 11.5, 1, 11.875], "texture": "#0"},
				"up": {"uv": [11.5, 4.125, 11.625, 4], "texture": "#0"},
				"down": {"uv": [4.5, 11.5, 4.625, 11.625], "texture": "#0"}
			}
		}
	],
	"display": {
		"thirdperson_righthand": {
			"rotation": [0, 90, 0],
			"translation": [0, 2.5, -0.5],
			"scale": [1.25, 1.25, 1.25]
		},
		"thirdperson_lefthand": {
			"rotation": [0, 90, 0],
			"translation": [0, 2.5, -0.5],
			"scale": [1.25, 1.25, 1.25]
		},
		"firstperson_righthand": {
			"rotation": [0, 105, 0],
			"translation": [-0.25, 1.75, 0.5]
		},
		"firstperson_lefthand": {
			"rotation": [0, 100, 0],
			"translation": [-0.25, 1.75, 0.25]
		},
		"ground": {
			"rotation": [0, 0, 45],
			"translation": [0, 3.5, 0]
		},
		"gui": {
			"rotation": [0, 0, -45],
			"translation": [-1.5, -0.5, 0],
			"scale": [1.25, 1.25, 1]
		},
		"head": {
			"translation": [0, 13.75, 0]
		},
		"fixed": {
			"rotation": [0, 0, 45],
			"translation": [0.5, -0.5, 0],
			"scale": [1.5, 1.5, 1.5]
		}
	}
}