{
	"credit": "Made with Blockbench",
	"texture_size": [28, 28],
	"textures": {
		"0": "item/custom/machados/nanamiblunt",
		"particle": "item/custom/machados/nanamiblunt"
	},
	"elements": [
		{
			"from": [7.5, -9, 9],
			"to": [9, -5.45, 11],
			"rotation": {"angle": 0, "axis": "y", "origin": [8.125, -3.625, 8.92341], "rescale": true},
			"faces": {
				"north": {"uv": [9.14286, 9.14286, 10, 11.14286], "texture": "#0"},
				"east": {"uv": [8, 8, 9.14286, 10], "texture": "#0"},
				"south": {"uv": [9.71429, 2.28571, 10.57143, 4.28571], "texture": "#0"},
				"west": {"uv": [9.14286, 0, 10.28571, 2], "texture": "#0"},
				"up": {"uv": [11.14286, 10.28571, 10.28571, 9.14286], "texture": "#0"},
				"down": {"uv": [11.14286, 10.28571, 10.28571, 11.42857], "texture": "#0"}
			}
		},
		{
			"from": [7.525, -6.64074, 9.92921],
			"to": [8.975, -4.61574, 10.92921],
			"rotation": {"angle": -45, "axis": "x", "origin": [8.25, -6.61554, 9.72814], "rescale": true},
			"faces": {
				"north": {"uv": [10.85714, 2.28571, 11.71429, 3.42857], "texture": "#0"},
				"east": {"uv": [11.42857, 9.14286, 12, 10.28571], "texture": "#0"},
				"south": {"uv": [10.85714, 3.42857, 11.71429, 4.57143], "texture": "#0"},
				"west": {"uv": [10.28571, 11.42857, 10.85714, 12.57143], "texture": "#0"},
				"up": {"uv": [12.85714, 5.14286, 12, 4.57143], "texture": "#0"},
				"down": {"uv": [12.85714, 5.14286, 12, 5.71429], "texture": "#0"}
			}
		},
		{
			"from": [7.5, -10.25, 8.05],
			"to": [9, -9, 10.5],
			"rotation": {"angle": 0, "axis": "y", "origin": [8.125, -3.625, 8.92341], "rescale": true},
			"faces": {
				"north": {"uv": [11.42857, 10.28571, 12.28571, 11], "texture": "#0"},
				"east": {"uv": [9.71429, 8, 11.14286, 8.71429], "texture": "#0"},
				"south": {"uv": [10.85714, 11.42857, 11.71429, 12.14286], "texture": "#0"},
				"west": {"uv": [10.28571, 0, 11.71429, 0.71429], "texture": "#0"},
				"up": {"uv": [10.57143, 6, 9.71429, 4.57143], "texture": "#0"},
				"down": {"uv": [10.57143, 6.28571, 9.71429, 7.71429], "texture": "#0"}
			}
		},
		{
			"from": [7.5, -11.5, 8.5],
			"to": [9, -10.25, 10.25],
			"rotation": {"angle": 0, "axis": "y", "origin": [8.125, -3.625, 8.92341], "rescale": true},
			"faces": {
				"north": {"uv": [12, 0, 12.85714, 0.71429], "texture": "#0"},
				"east": {"uv": [11.42857, 8, 12.42857, 8.71429], "texture": "#0"},
				"south": {"uv": [12, 2.28571, 12.85714, 3], "texture": "#0"},
				"west": {"uv": [9.14286, 11.42857, 10.14286, 12.14286], "texture": "#0"},
				"up": {"uv": [11.71429, 5.57143, 10.85714, 4.57143], "texture": "#0"},
				"down": {"uv": [11.71429, 5.71429, 10.85714, 6.71429], "texture": "#0"}
			}
		},
		{
			"from": [7.5, -9, 7.925],
			"to": [9, -2.975, 9],
			"rotation": {"angle": 0, "axis": "y", "origin": [8.125, -1.625, 8.92341], "rescale": true},
			"faces": {
				"north": {"uv": [5.71429, 8, 6.57143, 11.42857], "texture": "#0"},
				"east": {"uv": [9.14286, 2.28571, 9.71429, 5.71429], "texture": "#0"},
				"south": {"uv": [6.85714, 8, 7.71429, 11.42857], "texture": "#0"},
				"west": {"uv": [9.14286, 5.71429, 9.71429, 9.14286], "texture": "#0"},
				"up": {"uv": [12.85714, 4, 12, 3.42857], "texture": "#0"},
				"down": {"uv": [12.85714, 4, 12, 4.57143], "texture": "#0"}
			}
		},
		{
			"from": [7.525, -11.28211, 8.03579],
			"to": [8.95, -9.88211, 8.76079],
			"rotation": {"angle": -22.5, "axis": "x", "origin": [8.25, -10.18211, 8.53579], "rescale": true},
			"faces": {
				"north": {"uv": [6.85714, 11.42857, 7.71429, 12.28571], "texture": "#0"},
				"east": {"uv": [12, 5.71429, 12.42857, 6.57143], "texture": "#0"},
				"south": {"uv": [8, 11.42857, 8.85714, 12.28571], "texture": "#0"},
				"west": {"uv": [12, 6.85714, 12.42857, 7.71429], "texture": "#0"},
				"up": {"uv": [12.85714, 9.57143, 12, 9.14286], "texture": "#0"},
				"down": {"uv": [12.85714, 9.71429, 12, 10.14286], "texture": "#0"}
			}
		},
		{
			"from": [7.5, -11, 9.825],
			"to": [8.925, -10.25, 10.55],
			"rotation": {"angle": 45, "axis": "x", "origin": [8.225, -10.7, 10.05], "rescale": true},
			"faces": {
				"north": {"uv": [12, 11.42857, 12.85714, 11.85714], "texture": "#0"},
				"east": {"uv": [12.57143, 7.42857, 13, 7.85714], "texture": "#0"},
				"south": {"uv": [12, 12, 12.85714, 12.42857], "texture": "#0"},
				"west": {"uv": [8, 12.57143, 8.42857, 13], "texture": "#0"},
				"up": {"uv": [13.42857, 1.57143, 12.57143, 1.14286], "texture": "#0"},
				"down": {"uv": [13.42857, 1.71429, 12.57143, 2.14286], "texture": "#0"}
			}
		},
		{
			"from": [7.5, -9.275, 9.825],
			"to": [8.925, -8.525, 10.55],
			"rotation": {"angle": 45, "axis": "x", "origin": [8.225, -8.975, 10.05], "rescale": true},
			"faces": {
				"north": {"uv": [12.57143, 5.71429, 13.42857, 6.14286], "texture": "#0"},
				"east": {"uv": [12.57143, 8, 13, 8.42857], "texture": "#0"},
				"south": {"uv": [12.57143, 6.28571, 13.42857, 6.71429], "texture": "#0"},
				"west": {"uv": [8.57143, 12.57143, 9, 13], "texture": "#0"},
				"up": {"uv": [7.71429, 13, 6.85714, 12.57143], "texture": "#0"},
				"down": {"uv": [13.42857, 6.85714, 12.57143, 7.28571], "texture": "#0"}
			}
		},
		{
			"from": [7.425, -3, 7.9],
			"to": [9.075, 10.25, 9.525],
			"rotation": {"angle": 0, "axis": "y", "origin": [8.125, -3.625, 9.82341], "rescale": true},
			"faces": {
				"north": {"uv": [6.85714, 0, 7.85714, 7.57143], "texture": "#0"},
				"east": {"uv": [0, 8, 1, 15.57143], "texture": "#0"},
				"south": {"uv": [8, 0, 9, 7.57143], "texture": "#0"},
				"west": {"uv": [1.14286, 8, 2.14286, 15.57143], "texture": "#0"},
				"up": {"uv": [11.28571, 2.14286, 10.28571, 1.14286], "texture": "#0"},
				"down": {"uv": [9, 10.28571, 8, 11.28571], "texture": "#0"}
			}
		},
		{
			"from": [7.625, -3, 9.525],
			"to": [8.925, 10.25, 11.425],
			"rotation": {"angle": 0, "axis": "y", "origin": [8.125, -3.625, 11.44841], "rescale": true},
			"faces": {
				"north": {"uv": [2.28571, 8, 3, 15.57143], "texture": "#0"},
				"east": {"uv": [4.57143, 0, 5.71429, 7.57143], "texture": "#0"},
				"south": {"uv": [3.42857, 8, 4.14286, 15.57143], "texture": "#0"},
				"west": {"uv": [5.71429, 0, 6.85714, 7.57143], "texture": "#0"},
				"up": {"uv": [11.57143, 8, 10.85714, 6.85714], "texture": "#0"},
				"down": {"uv": [12.14286, 1.14286, 11.42857, 2.28571], "texture": "#0"}
			}
		},
		{
			"from": [7.875, -3, 11.425],
			"to": [8.675, 10.25, 14.625],
			"rotation": {"angle": 0, "axis": "y", "origin": [8.125, -3.625, 13.34841], "rescale": true},
			"faces": {
				"north": {"uv": [4.57143, 8, 5, 15.57143], "texture": "#0"},
				"east": {"uv": [0, 0, 1.85714, 7.57143], "texture": "#0"},
				"south": {"uv": [5.14286, 8, 5.57143, 15.57143], "texture": "#0"},
				"west": {"uv": [2.28571, 0, 4.14286, 7.57143], "texture": "#0"},
				"up": {"uv": [6.14286, 13.28571, 5.71429, 11.42857], "texture": "#0"},
				"down": {"uv": [6.71429, 11.42857, 6.28571, 13.28571], "texture": "#0"}
			}
		}
	],
	"display": {
		"thirdperson_righthand": {
			"rotation": [0, -156, 0],
			"translation": [0.5, 12.5, 2.5]
		},
		"thirdperson_lefthand": {
			"rotation": [0, -172, 0],
			"translation": [0, 15.25, 2.75]
		},
		"firstperson_righthand": {
			"rotation": [-17, -180, 0],
			"translation": [10, 14, -19],
			"scale": [2.12, 2.14, 1.99]
		},
		"firstperson_lefthand": {
			"rotation": [-17, -146, 0],
			"translation": [3.25, 12, -3.75]
		},
		"ground": {
			"rotation": [-74, -75, 5],
			"translation": [-0.5, -3, 0]
		},
		"gui": {
			"rotation": [63, 67, -71],
			"translation": [0, 7.5, 0]
		},
		"head": {
			"rotation": [0, 94, 0],
			"translation": [-5.5, -9.5, 4.25]
		},
		"fixed": {
			"rotation": [0, -89, 0],
			"translation": [2.25, 12.5, -2.5],
			"scale": [1.5, 1.5, 1.5]
		}
	}
}