{
	"credit": "Made with Blockbench",
	"texture_size": [64, 64],
	"textures": {
		"0": "item/custom/item_magico/Alaude",
		"particle": "item/custom/item_magico/Alaude"
	},
	"elements": [
		{
			"from": [8.5, -5.25, 6],
			"to": [9.5, -4, 10],
			"rotation": {"angle": 0, "axis": "y", "origin": [9, 1, 8]},
			"faces": {
				"north": {"uv": [1.75, 7.75, 2, 8.0625], "texture": "#0"},
				"east": {"uv": [7.25, 7.25, 8.25, 7.5625], "texture": "#0"},
				"south": {"uv": [5.25, 7.75, 5.5, 8.0625], "texture": "#0"},
				"west": {"uv": [7.5, 0, 8.5, 0.3125], "texture": "#0"},
				"up": {"uv": [2.25, 8.25, 2, 7.25], "texture": "#0"},
				"down": {"uv": [7.75, 0.5, 7.5, 1.5], "texture": "#0"}
			}
		},
		{
			"from": [8.25, -4, 4],
			"to": [9.75, -2, 12],
			"rotation": {"angle": 0, "axis": "y", "origin": [9, 1, 8]},
			"faces": {
				"north": {"uv": [7.5, 2.5, 7.875, 3], "texture": "#0"},
				"east": {"uv": [5.5, 4.75, 7.5, 5.25], "texture": "#0"},
				"south": {"uv": [7.5, 3, 7.875, 3.5], "texture": "#0"},
				"west": {"uv": [5.5, 5.25, 7.5, 5.75], "texture": "#0"},
				"up": {"uv": [6.375, 8.25, 6, 6.25], "texture": "#0"},
				"down": {"uv": [6.875, 2.25, 6.5, 4.25], "texture": "#0"}
			}
		},
		{
			"from": [7.75, -3.75, 4.25],
			"to": [8.25, -2, 11.75],
			"rotation": {"angle": 0, "axis": "y", "origin": [9, 1, 8]},
			"faces": {
				"north": {"uv": [5.5, 7.75, 5.625, 8.1875], "texture": "#0"},
				"east": {"uv": [6, 4.25, 7.875, 4.6875], "texture": "#0"},
				"south": {"uv": [5.75, 7.75, 5.875, 8.1875], "texture": "#0"},
				"west": {"uv": [6, 5.75, 7.875, 6.1875], "texture": "#0"},
				"up": {"uv": [3.375, 9.375, 3.25, 7.5], "texture": "#0"},
				"down": {"uv": [3.625, 7.5, 3.5, 9.375], "texture": "#0"}
			}
		},
		{
			"from": [8, -2, 3.25],
			"to": [10, 8, 12.75],
			"rotation": {"angle": 0, "axis": "y", "origin": [9, 1, 8]},
			"faces": {
				"north": {"uv": [3.25, 5, 3.75, 7.5], "texture": "#0"},
				"east": {"uv": [0, 0, 2.375, 2.5], "texture": "#0"},
				"south": {"uv": [3.75, 5, 4.25, 7.5], "texture": "#0"},
				"west": {"uv": [0, 2.5, 2.375, 5], "texture": "#0"},
				"up": {"uv": [4.75, 7.375, 4.25, 5], "texture": "#0"},
				"down": {"uv": [6, 2.25, 5.5, 4.625], "texture": "#0"}
			}
		},
		{
			"from": [6.5, -1.5, 3.75],
			"to": [7.25, 7.5, 12.25],
			"rotation": {"angle": 0, "axis": "y", "origin": [9, 1, 8]},
			"faces": {
				"north": {"uv": [7.25, 0, 7.4375, 2.25], "texture": "#0"},
				"east": {"uv": [0, 5, 2.125, 7.25], "texture": "#0"},
				"south": {"uv": [0.5, 7.25, 0.6875, 9.5], "texture": "#0"},
				"west": {"uv": [5, 0, 7.125, 2.25], "texture": "#0"},
				"up": {"uv": [0.9375, 9.375, 0.75, 7.25], "texture": "#0"},
				"down": {"uv": [1.1875, 7.25, 1, 9.375], "texture": "#0"}
			}
		},
		{
			"from": [7.25, -2, 3.25],
			"to": [8, 8, 12.75],
			"rotation": {"angle": 0, "axis": "y", "origin": [9, 1, 8]},
			"faces": {
				"north": {"uv": [4.75, 5, 4.9375, 7.5], "texture": "#0"},
				"east": {"uv": [2.5, 0, 4.875, 2.5], "texture": "#0"},
				"south": {"uv": [7, 6.25, 7.1875, 8.75], "texture": "#0"},
				"west": {"uv": [2.5, 2.5, 4.875, 5], "texture": "#0"},
				"up": {"uv": [0.1875, 9.625, 0, 7.25], "texture": "#0"},
				"down": {"uv": [0.4375, 7.25, 0.25, 9.625], "texture": "#0"}
			}
		},
		{
			"from": [8, 8, 4],
			"to": [10, 9, 12],
			"rotation": {"angle": 0, "axis": "y", "origin": [9, 1, 8]},
			"faces": {
				"north": {"uv": [4.5, 7.5, 5, 7.75], "texture": "#0"},
				"east": {"uv": [7, 3.75, 9, 4], "texture": "#0"},
				"south": {"uv": [7.5, 4.75, 8, 5], "texture": "#0"},
				"west": {"uv": [7, 4, 9, 4.25], "texture": "#0"},
				"up": {"uv": [6, 7.75, 5.5, 5.75], "texture": "#0"},
				"down": {"uv": [6.5, 2.25, 6, 4.25], "texture": "#0"}
			}
		},
		{
			"from": [8.25, 9, 5],
			"to": [9.75, 10, 11],
			"rotation": {"angle": 0, "axis": "y", "origin": [9, 1, 8]},
			"faces": {
				"north": {"uv": [4.75, 7.75, 5.125, 8], "texture": "#0"},
				"east": {"uv": [7.25, 6.25, 8.75, 6.5], "texture": "#0"},
				"south": {"uv": [7.75, 5, 8.125, 5.25], "texture": "#0"},
				"west": {"uv": [7.25, 6.5, 8.75, 6.75], "texture": "#0"},
				"up": {"uv": [6.875, 7.75, 6.5, 6.25], "texture": "#0"},
				"down": {"uv": [7.375, 2.25, 7, 3.75], "texture": "#0"}
			}
		},
		{
			"from": [8.5, 10, 7],
			"to": [9.5, 32, 9],
			"rotation": {"angle": 0, "axis": "y", "origin": [9, 1, 8]},
			"faces": {
				"north": {"uv": [2.75, 5, 3, 10.5], "texture": "#0"},
				"east": {"uv": [2.25, 5, 2.75, 10.5], "texture": "#0"},
				"south": {"uv": [3, 5, 3.25, 10.5], "texture": "#0"},
				"west": {"uv": [5, 2.25, 5.5, 7.75], "texture": "#0"},
				"up": {"uv": [7.75, 5.5, 7.5, 5], "texture": "#0"},
				"down": {"uv": [8, 0.5, 7.75, 1], "texture": "#0"}
			}
		},
		{
			"from": [6.5, 31, 7],
			"to": [8.5, 32, 9],
			"rotation": {"angle": 0, "axis": "y", "origin": [9, 1, 8]},
			"faces": {
				"north": {"uv": [7.5, 5.5, 8, 5.75], "texture": "#0"},
				"east": {"uv": [7.75, 1, 8.25, 1.25], "texture": "#0"},
				"south": {"uv": [1.25, 7.75, 1.75, 8], "texture": "#0"},
				"west": {"uv": [7.75, 1.25, 8.25, 1.5], "texture": "#0"},
				"up": {"uv": [8, 2, 7.5, 1.5], "texture": "#0"},
				"down": {"uv": [8, 2, 7.5, 2.5], "texture": "#0"}
			}
		},
		{
			"from": [4.5, 30, 7],
			"to": [7.5, 31, 9],
			"rotation": {"angle": 0, "axis": "y", "origin": [9, 1, 8]},
			"faces": {
				"north": {"uv": [7.5, 3.5, 8.25, 3.75], "texture": "#0"},
				"east": {"uv": [3.75, 7.75, 4.25, 8], "texture": "#0"},
				"south": {"uv": [3.75, 7.5, 4.5, 7.75], "texture": "#0"},
				"west": {"uv": [4.25, 7.75, 4.75, 8], "texture": "#0"},
				"up": {"uv": [2, 7.75, 1.25, 7.25], "texture": "#0"},
				"down": {"uv": [8, 6.75, 7.25, 7.25], "texture": "#0"}
			}
		}
	],
	"display": {
		"thirdperson_righthand": {
			"rotation": [48, 30, 59],
			"translation": [-7.25, 2.25, 2.75],
			"scale": [1.09, 0.87, 0.8]
		},
		"thirdperson_lefthand": {
			"rotation": [30, 0, 0],
			"translation": [1.25, -7.25, -1.75],
			"scale": [1.2, 0.51, 0.75]
		},
		"firstperson_righthand": {
			"rotation": [-38, 180, -4],
			"translation": [3.25, -0.25, 0]
		},
		"firstperson_lefthand": {
			"rotation": [-35, -9, 0],
			"translation": [5, -13, 1.75]
		},
		"ground": {
			"rotation": [-87, 0, 0]
		},
		"gui": {
			"rotation": [0, -94, 0],
			"translation": [0, -1.5, 0],
			"scale": [0.57, 0.5, 0.6]
		},
		"head": {
			"rotation": [50, -58, 52],
			"translation": [0, -17.25, 3.5]
		},
		"fixed": {
			"rotation": [4, 85, 0],
			"scale": [0.61, 0.62, 0.6]
		}
	}
}