{
	"credit": "Made with Blockbench",
	"texture_size": [32, 32],
	"textures": {
		"0": "item/custom/item_magico/cajadogelo",
		"particle": "item/custom/item_magico/cajadogelo"
	},
	"elements": [
		{
			"from": [5.75, 1.075, 7.85],
			"to": [6.5, 1.25, 8.1],
			"rotation": {"angle": 0, "axis": "y", "origin": [6.1, 7.45, 7.975]},
			"faces": {
				"north": {"uv": [8.5, 0.5, 8.875, 0.5625], "texture": "#0"},
				"east": {"uv": [2.5, 11, 2.625, 11.0625], "texture": "#0"},
				"south": {"uv": [1, 8.5, 1.375, 8.5625], "texture": "#0"},
				"west": {"uv": [11, 2.5, 11.125, 2.5625], "texture": "#0"},
				"up": {"uv": [2.875, 4.125, 2.5, 4], "texture": "#0"},
				"down": {"uv": [3.375, 4, 3, 4.125], "texture": "#0"}
			}
		},
		{
			"from": [8.73393, 0.58066, 7.85],
			"to": [8.98393, 1.28066, 8.1],
			"rotation": {"angle": -22.5, "axis": "z", "origin": [7.22501, 7.4216, 7.975]},
			"faces": {
				"north": {"uv": [4, 3, 4.125, 3.375], "texture": "#0"},
				"east": {"uv": [3.5, 4, 3.625, 4.375], "texture": "#0"},
				"south": {"uv": [4, 3.5, 4.125, 3.875], "texture": "#0"},
				"west": {"uv": [4, 4, 4.125, 4.375], "texture": "#0"},
				"up": {"uv": [9.625, 8.625, 9.5, 8.5], "texture": "#0"},
				"down": {"uv": [9.125, 9.5, 9, 9.625], "texture": "#0"}
			}
		},
		{
			"from": [3.36373, 1.25675, 7.85],
			"to": [3.61373, 1.95675, 8.1],
			"rotation": {"angle": 22.5, "axis": "z", "origin": [5.07383, 8.50851, 7.975]},
			"faces": {
				"north": {"uv": [4.5, 0, 4.625, 0.375], "texture": "#0"},
				"east": {"uv": [4.5, 0.5, 4.625, 0.875], "texture": "#0"},
				"south": {"uv": [4.5, 1, 4.625, 1.375], "texture": "#0"},
				"west": {"uv": [4.5, 1.5, 4.625, 1.875], "texture": "#0"},
				"up": {"uv": [9.625, 9.125, 9.5, 9], "texture": "#0"},
				"down": {"uv": [9.625, 9.5, 9.5, 9.625], "texture": "#0"}
			}
		},
		{
			"from": [6, 0.57091, 5.11586],
			"to": [6.25, 1.27091, 5.36586],
			"rotation": {"angle": -22.5, "axis": "x", "origin": [6.1, 7.41726, 6.85037]},
			"faces": {
				"north": {"uv": [4.5, 2, 4.625, 2.375], "texture": "#0"},
				"east": {"uv": [2.5, 4.5, 2.625, 4.875], "texture": "#0"},
				"south": {"uv": [4.5, 2.5, 4.625, 2.875], "texture": "#0"},
				"west": {"uv": [3, 4.5, 3.125, 4.875], "texture": "#0"},
				"up": {"uv": [0.125, 10.125, 0, 10], "texture": "#0"},
				"down": {"uv": [10.125, 0, 10, 0.125], "texture": "#0"}
			}
		},
		{
			"from": [6, 1.2665, 10.48606],
			"to": [6.25, 1.9665, 10.73606],
			"rotation": {"angle": 22.5, "axis": "x", "origin": [6.1, 8.51285, 9.00155]},
			"faces": {
				"north": {"uv": [4.5, 3, 4.625, 3.375], "texture": "#0"},
				"east": {"uv": [3.5, 4.5, 3.625, 4.875], "texture": "#0"},
				"south": {"uv": [4.5, 3.5, 4.625, 3.875], "texture": "#0"},
				"west": {"uv": [4, 4.5, 4.125, 4.875], "texture": "#0"},
				"up": {"uv": [0.625, 10.125, 0.5, 10], "texture": "#0"},
				"down": {"uv": [10.125, 0.5, 10, 0.625], "texture": "#0"}
			}
		},
		{
			"from": [6, 1.075, 7.6],
			"to": [6.25, 1.25, 8.35],
			"rotation": {"angle": 0, "axis": "y", "origin": [6.1, 7.45, 7.975]},
			"faces": {
				"north": {"uv": [3, 11, 3.125, 11.0625], "texture": "#0"},
				"east": {"uv": [8.5, 1, 8.875, 1.0625], "texture": "#0"},
				"south": {"uv": [11, 3, 11.125, 3.0625], "texture": "#0"},
				"west": {"uv": [1.5, 8.5, 1.875, 8.5625], "texture": "#0"},
				"up": {"uv": [4.625, 4.375, 4.5, 4], "texture": "#0"},
				"down": {"uv": [4.625, 4.5, 4.5, 4.875], "texture": "#0"}
			}
		},
		{
			"from": [6, 0.46317, 10.11816],
			"to": [6.25, 1.16317, 10.36816],
			"rotation": {"angle": 22.5, "axis": "x", "origin": [6.1, 6.19207, 9.13745]},
			"faces": {
				"north": {"uv": [0, 5, 0.125, 5.375], "texture": "#0"},
				"east": {"uv": [5, 0, 5.125, 0.375], "texture": "#0"},
				"south": {"uv": [0.5, 5, 0.625, 5.375], "texture": "#0"},
				"west": {"uv": [5, 0.5, 5.125, 0.875], "texture": "#0"},
				"up": {"uv": [1.125, 10.125, 1, 10], "texture": "#0"},
				"down": {"uv": [10.125, 1, 10, 1.125], "texture": "#0"}
			}
		},
		{
			"from": [6, 1.15877, 5.67992],
			"to": [6.25, 1.85877, 5.92992],
			"rotation": {"angle": -22.5, "axis": "x", "origin": [6.1, 7.28767, 6.91063]},
			"faces": {
				"north": {"uv": [1, 5, 1.125, 5.375], "texture": "#0"},
				"east": {"uv": [5, 1, 5.125, 1.375], "texture": "#0"},
				"south": {"uv": [1.5, 5, 1.625, 5.375], "texture": "#0"},
				"west": {"uv": [5, 1.5, 5.125, 1.875], "texture": "#0"},
				"up": {"uv": [1.625, 10.125, 1.5, 10], "texture": "#0"},
				"down": {"uv": [10.125, 1.5, 10, 1.625], "texture": "#0"}
			}
		},
		{
			"from": [8.16987, 1.16852, 7.85],
			"to": [8.41987, 1.86852, 8.1],
			"rotation": {"angle": -22.5, "axis": "z", "origin": [7.16475, 7.29201, 7.975]},
			"faces": {
				"north": {"uv": [2, 5, 2.125, 5.375], "texture": "#0"},
				"east": {"uv": [5, 2, 5.125, 2.375], "texture": "#0"},
				"south": {"uv": [2.5, 5, 2.625, 5.375], "texture": "#0"},
				"west": {"uv": [5, 2.5, 5.125, 2.875], "texture": "#0"},
				"up": {"uv": [2.125, 10.125, 2, 10], "texture": "#0"},
				"down": {"uv": [10.125, 2, 10, 2.125], "texture": "#0"}
			}
		},
		{
			"from": [3.72997, 0.45114, 7.85],
			"to": [3.97997, 1.15114, 8.1],
			"rotation": {"angle": 22.5, "axis": "z", "origin": [4.93138, 6.19075, 7.975]},
			"faces": {
				"north": {"uv": [3, 5, 3.125, 5.375], "texture": "#0"},
				"east": {"uv": [5, 3, 5.125, 3.375], "texture": "#0"},
				"south": {"uv": [3.5, 5, 3.625, 5.375], "texture": "#0"},
				"west": {"uv": [5, 3.5, 5.125, 3.875], "texture": "#0"},
				"up": {"uv": [2.625, 10.125, 2.5, 10], "texture": "#0"},
				"down": {"uv": [10.125, 2.5, 10, 2.625], "texture": "#0"}
			}
		},
		{
			"from": [6, 0.5, 7.85],
			"to": [6.25, 10, 8.1],
			"rotation": {"angle": 0, "axis": "y", "origin": [12.01538, 6.41345, 16.49893]},
			"faces": {
				"north": {"uv": [0, 0, 0.125, 4.75], "texture": "#0"},
				"east": {"uv": [0.5, 0, 0.625, 4.75], "texture": "#0"},
				"south": {"uv": [1, 0, 1.125, 4.75], "texture": "#0"},
				"west": {"uv": [1.5, 0, 1.625, 4.75], "texture": "#0"},
				"up": {"uv": [3.125, 10.125, 3, 10], "texture": "#0"},
				"down": {"uv": [10.125, 3, 10, 3.125], "texture": "#0"}
			}
		},
		{
			"from": [5.9, 7.29571, 7.85],
			"to": [6.3, 7.69571, 8.1],
			"rotation": {"angle": -45, "axis": "z", "origin": [6.1, 7.45, 7.975]},
			"faces": {
				"north": {"uv": [2, 7, 2.1875, 7.1875], "texture": "#0"},
				"east": {"uv": [8.5, 1.5, 8.625, 1.6875], "texture": "#0"},
				"south": {"uv": [7, 2, 7.1875, 2.1875], "texture": "#0"},
				"west": {"uv": [2, 8.5, 2.125, 8.6875], "texture": "#0"},
				"up": {"uv": [8.6875, 2.125, 8.5, 2], "texture": "#0"},
				"down": {"uv": [2.6875, 8.5, 2.5, 8.625], "texture": "#0"}
			}
		},
		{
			"from": [5.925, 7.32071, 7.825],
			"to": [6.275, 7.67071, 8.125],
			"rotation": {"angle": -45, "axis": "z", "origin": [6.1, 7.45, 7.975]},
			"faces": {
				"north": {"uv": [2.5, 7, 2.6875, 7.1875], "texture": "#0"},
				"east": {"uv": [8.5, 2.5, 8.625, 2.6875], "texture": "#0"},
				"south": {"uv": [7, 2.5, 7.1875, 2.6875], "texture": "#0"},
				"west": {"uv": [8.5, 3, 8.625, 3.1875], "texture": "#0"},
				"up": {"uv": [8.6875, 3.625, 8.5, 3.5], "texture": "#0"},
				"down": {"uv": [8.6875, 4, 8.5, 4.125], "texture": "#0"}
			}
		},
		{
			"from": [6.43271, 10.27744, 7.85],
			"to": [6.68271, 10.87744, 8.1],
			"rotation": {"angle": -22.5, "axis": "z", "origin": [6.56658, 10.46775, 7.975]},
			"faces": {
				"north": {"uv": [4, 5, 4.125, 5.3125], "texture": "#0"},
				"east": {"uv": [5, 4, 5.125, 4.3125], "texture": "#0"},
				"south": {"uv": [4.5, 5, 4.625, 5.3125], "texture": "#0"},
				"west": {"uv": [5, 4.5, 5.125, 4.8125], "texture": "#0"},
				"up": {"uv": [3.625, 10.125, 3.5, 10], "texture": "#0"},
				"down": {"uv": [10.125, 3.5, 10, 3.625], "texture": "#0"}
			}
		},
		{
			"from": [6.58065, 10.80181, 7.85],
			"to": [6.83065, 11.40181, 8.1],
			"rotation": {"angle": 0, "axis": "z", "origin": [6.71452, 10.99213, 7.975]},
			"faces": {
				"north": {"uv": [5.5, 0.5, 5.625, 0.8125], "texture": "#0"},
				"east": {"uv": [1, 5.5, 1.125, 5.8125], "texture": "#0"},
				"south": {"uv": [5.5, 1, 5.625, 1.3125], "texture": "#0"},
				"west": {"uv": [1.5, 5.5, 1.625, 5.8125], "texture": "#0"},
				"up": {"uv": [4.625, 10.125, 4.5, 10], "texture": "#0"},
				"down": {"uv": [10.125, 4.5, 10, 4.625], "texture": "#0"}
			}
		},
		{
			"from": [6.51666, 11.34289, 7.85],
			"to": [6.76666, 11.94289, 8.1],
			"rotation": {"angle": 22.5, "axis": "z", "origin": [6.65053, 11.5332, 7.975]},
			"faces": {
				"north": {"uv": [5.5, 1.5, 5.625, 1.8125], "texture": "#0"},
				"east": {"uv": [2, 5.5, 2.125, 5.8125], "texture": "#0"},
				"south": {"uv": [5.5, 2, 5.625, 2.3125], "texture": "#0"},
				"west": {"uv": [2.5, 5.5, 2.625, 5.8125], "texture": "#0"},
				"up": {"uv": [5.125, 10.125, 5, 10], "texture": "#0"},
				"down": {"uv": [10.125, 5, 10, 5.125], "texture": "#0"}
			}
		},
		{
			"from": [6.43271, 11.79476, 7.85],
			"to": [6.68271, 12.39476, 8.1],
			"rotation": {"angle": -22.5, "axis": "z", "origin": [6.56658, 11.98507, 7.975]},
			"faces": {
				"north": {"uv": [5.5, 2.5, 5.625, 2.8125], "texture": "#0"},
				"east": {"uv": [3, 5.5, 3.125, 5.8125], "texture": "#0"},
				"south": {"uv": [5.5, 3, 5.625, 3.3125], "texture": "#0"},
				"west": {"uv": [3.5, 5.5, 3.625, 5.8125], "texture": "#0"},
				"up": {"uv": [5.625, 10.125, 5.5, 10], "texture": "#0"},
				"down": {"uv": [10.125, 5.5, 10, 5.625], "texture": "#0"}
			}
		},
		{
			"from": [6.51666, 12.2602, 7.85],
			"to": [6.76666, 12.8602, 8.1],
			"rotation": {"angle": 22.5, "axis": "z", "origin": [6.65053, 12.45051, 7.975]},
			"faces": {
				"north": {"uv": [5.5, 3.5, 5.625, 3.8125], "texture": "#0"},
				"east": {"uv": [4, 5.5, 4.125, 5.8125], "texture": "#0"},
				"south": {"uv": [5.5, 4, 5.625, 4.3125], "texture": "#0"},
				"west": {"uv": [4.5, 5.5, 4.625, 5.8125], "texture": "#0"},
				"up": {"uv": [6.125, 10.125, 6, 10], "texture": "#0"},
				"down": {"uv": [10.125, 6, 10, 6.125], "texture": "#0"}
			}
		},
		{
			"from": [6.25048, 12.7356, 7.85],
			"to": [6.50048, 13.3356, 8.1],
			"rotation": {"angle": 45, "axis": "z", "origin": [6.38435, 12.92591, 7.975]},
			"faces": {
				"north": {"uv": [1, 7, 1.125, 7.3125], "texture": "#0"},
				"east": {"uv": [7, 1, 7.125, 1.3125], "texture": "#0"},
				"south": {"uv": [1.5, 7, 1.625, 7.3125], "texture": "#0"},
				"west": {"uv": [7, 1.5, 7.125, 1.8125], "texture": "#0"},
				"up": {"uv": [10.625, 7.625, 10.5, 7.5], "texture": "#0"},
				"down": {"uv": [8.125, 10.5, 8, 10.625], "texture": "#0"}
			}
		},
		{
			"from": [5.54682, 13.12939, 7.85],
			"to": [6.14682, 13.37939, 8.1],
			"rotation": {"angle": -22.5, "axis": "z", "origin": [5.95651, 13.26326, 7.975]},
			"faces": {
				"north": {"uv": [5.5, 4.5, 5.8125, 4.625], "texture": "#0"},
				"east": {"uv": [6.5, 10, 6.625, 10.125], "texture": "#0"},
				"south": {"uv": [5, 5.5, 5.3125, 5.625], "texture": "#0"},
				"west": {"uv": [10, 6.5, 10.125, 6.625], "texture": "#0"},
				"up": {"uv": [5.8125, 5.125, 5.5, 5], "texture": "#0"},
				"down": {"uv": [5.8125, 5.5, 5.5, 5.625], "texture": "#0"}
			}
		},
		{
			"from": [4.66078, 13.50256, 7.925],
			"to": [4.76078, 14.10256, 8.025],
			"rotation": {"angle": 22.5, "axis": "z", "origin": [4.71964, 13.69287, 7.975]},
			"faces": {
				"north": {"uv": [9.5, 3.5, 9.5625, 3.8125], "texture": "#0"},
				"east": {"uv": [4, 9.5, 4.0625, 9.8125], "texture": "#0"},
				"south": {"uv": [9.5, 4, 9.5625, 4.3125], "texture": "#0"},
				"west": {"uv": [4.5, 9.5, 4.5625, 9.8125], "texture": "#0"},
				"up": {"uv": [11.5625, 10.5625, 11.5, 10.5], "texture": "#0"},
				"down": {"uv": [11.0625, 11.5, 11, 11.5625], "texture": "#0"}
			}
		},
		{
			"from": [4.75996, 13.609, 7.9],
			"to": [5.35996, 13.759, 8.05],
			"rotation": {"angle": -45, "axis": "z", "origin": [4.66964, 13.69287, 7.975]},
			"faces": {
				"north": {"uv": [9.5, 2.5, 9.8125, 2.5625], "texture": "#0"},
				"east": {"uv": [11.5, 10, 11.5625, 10.0625], "texture": "#0"},
				"south": {"uv": [3, 9.5, 3.3125, 9.5625], "texture": "#0"},
				"west": {"uv": [10.5, 11.5, 10.5625, 11.5625], "texture": "#0"},
				"up": {"uv": [9.8125, 3.0625, 9.5, 3], "texture": "#0"},
				"down": {"uv": [3.8125, 9.5, 3.5, 9.5625], "texture": "#0"}
			}
		},
		{
			"from": [5.00996, 13.359, 7.85],
			"to": [5.35996, 13.609, 8.1],
			"rotation": {"angle": -22.5, "axis": "z", "origin": [4.66964, 13.49287, 7.975]},
			"faces": {
				"north": {"uv": [8.5, 6.5, 8.6875, 6.625], "texture": "#0"},
				"east": {"uv": [10.5, 5, 10.625, 5.125], "texture": "#0"},
				"south": {"uv": [7, 8.5, 7.1875, 8.625], "texture": "#0"},
				"west": {"uv": [5.5, 10.5, 5.625, 10.625], "texture": "#0"},
				"up": {"uv": [8.6875, 7.125, 8.5, 7], "texture": "#0"},
				"down": {"uv": [7.6875, 8.5, 7.5, 8.625], "texture": "#0"}
			}
		},
		{
			"from": [6.19764, 10.57295, 7.925],
			"to": [6.29764, 11.27295, 8.025],
			"rotation": {"angle": 0, "axis": "z", "origin": [6.25651, 10.76326, 7.975]},
			"faces": {
				"north": {"uv": [8.5, 5.5, 8.5625, 5.875], "texture": "#0"},
				"east": {"uv": [6, 8.5, 6.0625, 8.875], "texture": "#0"},
				"south": {"uv": [8.5, 6, 8.5625, 6.375], "texture": "#0"},
				"west": {"uv": [6.5, 8.5, 6.5625, 8.875], "texture": "#0"},
				"up": {"uv": [11.5625, 8.5625, 11.5, 8.5], "texture": "#0"},
				"down": {"uv": [9.0625, 11.5, 9, 11.5625], "texture": "#0"}
			}
		},
		{
			"from": [6.17264, 10.57295, 7.9],
			"to": [6.32264, 10.97295, 8.05],
			"rotation": {"angle": 0, "axis": "z", "origin": [6.25651, 10.76326, 7.975]},
			"faces": {
				"north": {"uv": [0.5, 11, 0.5625, 11.1875], "texture": "#0"},
				"east": {"uv": [11, 0.5, 11.0625, 0.6875], "texture": "#0"},
				"south": {"uv": [1, 11, 1.0625, 11.1875], "texture": "#0"},
				"west": {"uv": [11, 1, 11.0625, 1.1875], "texture": "#0"},
				"up": {"uv": [11.5625, 8.0625, 11.5, 8], "texture": "#0"},
				"down": {"uv": [8.5625, 11.5, 8.5, 11.5625], "texture": "#0"}
			}
		},
		{
			"from": [6.12264, 10.07295, 7.85],
			"to": [6.37264, 10.57295, 8.1],
			"rotation": {"angle": 0, "axis": "z", "origin": [6.25651, 10.76326, 7.975]},
			"faces": {
				"north": {"uv": [5, 8, 5.125, 8.25], "texture": "#0"},
				"east": {"uv": [8, 5, 8.125, 5.25], "texture": "#0"},
				"south": {"uv": [5.5, 8, 5.625, 8.25], "texture": "#0"},
				"west": {"uv": [8, 5.5, 8.125, 5.75], "texture": "#0"},
				"up": {"uv": [10.625, 3.125, 10.5, 3], "texture": "#0"},
				"down": {"uv": [3.625, 10.5, 3.5, 10.625], "texture": "#0"}
			}
		},
		{
			"from": [4.91944, 13.047, 7.9],
			"to": [5.31944, 13.197, 8.05],
			"rotation": {"angle": 45, "axis": "z", "origin": [5.12913, 13.13087, 7.975]},
			"faces": {
				"north": {"uv": [1.5, 11, 1.6875, 11.0625], "texture": "#0"},
				"east": {"uv": [11.5, 9.5, 11.5625, 9.5625], "texture": "#0"},
				"south": {"uv": [11, 1.5, 11.1875, 1.5625], "texture": "#0"},
				"west": {"uv": [10, 11.5, 10.0625, 11.5625], "texture": "#0"},
				"up": {"uv": [2.1875, 11.0625, 2, 11], "texture": "#0"},
				"down": {"uv": [11.1875, 2, 11, 2.0625], "texture": "#0"}
			}
		},
		{
			"from": [4.98799, 12.52118, 7.925],
			"to": [5.08799, 12.97118, 8.025],
			"rotation": {"angle": -22.5, "axis": "z", "origin": [5.02913, 13.03087, 7.975]},
			"faces": {
				"north": {"uv": [10.5, 4, 10.5625, 4.25], "texture": "#0"},
				"east": {"uv": [4.5, 10.5, 4.5625, 10.75], "texture": "#0"},
				"south": {"uv": [10.5, 4.5, 10.5625, 4.75], "texture": "#0"},
				"west": {"uv": [5, 10.5, 5.0625, 10.75], "texture": "#0"},
				"up": {"uv": [11.5625, 9.0625, 11.5, 9], "texture": "#0"},
				"down": {"uv": [9.5625, 11.5, 9.5, 11.5625], "texture": "#0"}
			}
		},
		{
			"from": [5.21944, 13.022, 7.85],
			"to": [5.71944, 13.272, 8.1],
			"rotation": {"angle": 22.5, "axis": "z", "origin": [5.02913, 13.15587, 7.975]},
			"faces": {
				"north": {"uv": [6, 8, 6.25, 8.125], "texture": "#0"},
				"east": {"uv": [10.5, 3.5, 10.625, 3.625], "texture": "#0"},
				"south": {"uv": [8, 6, 8.25, 6.125], "texture": "#0"},
				"west": {"uv": [4, 10.5, 4.125, 10.625], "texture": "#0"},
				"up": {"uv": [6.75, 8.125, 6.5, 8], "texture": "#0"},
				"down": {"uv": [8.25, 6.5, 8, 6.625], "texture": "#0"}
			}
		},
		{
			"from": [5.79764, 7.57295, 7.925],
			"to": [5.89764, 8.67295, 8.025],
			"rotation": {"angle": 22.5, "axis": "z", "origin": [5.85651, 7.76326, 7.975]},
			"faces": {
				"north": {"uv": [7, 6, 7.0625, 6.5625], "texture": "#0"},
				"east": {"uv": [6.5, 7, 6.5625, 7.5625], "texture": "#0"},
				"south": {"uv": [7, 7, 7.0625, 7.5625], "texture": "#0"},
				"west": {"uv": [0, 7.5, 0.0625, 8.0625], "texture": "#0"},
				"up": {"uv": [11.5625, 2.5625, 11.5, 2.5], "texture": "#0"},
				"down": {"uv": [3.0625, 11.5, 3, 11.5625], "texture": "#0"}
			}
		},
		{
			"from": [5.454, 8.58117, 7.925],
			"to": [5.554, 9.08117, 8.025],
			"rotation": {"angle": 0, "axis": "z", "origin": [5.51287, 8.77148, 7.975]},
			"faces": {
				"north": {"uv": [10.5, 5.5, 10.5625, 5.75], "texture": "#0"},
				"east": {"uv": [6, 10.5, 6.0625, 10.75], "texture": "#0"},
				"south": {"uv": [10.5, 6, 10.5625, 6.25], "texture": "#0"},
				"west": {"uv": [6.5, 10.5, 6.5625, 10.75], "texture": "#0"},
				"up": {"uv": [3.5625, 12.0625, 3.5, 12], "texture": "#0"},
				"down": {"uv": [12.0625, 3.5, 12, 3.5625], "texture": "#0"}
			}
		},
		{
			"from": [6.69263, 8.58796, 7.925],
			"to": [6.79263, 9.08796, 8.025],
			"rotation": {"angle": 0, "axis": "y", "origin": [6.7515, 8.77827, 7.975]},
			"faces": {
				"north": {"uv": [10.5, 6.5, 10.5625, 6.75], "texture": "#0"},
				"east": {"uv": [7, 10.5, 7.0625, 10.75], "texture": "#0"},
				"south": {"uv": [10.5, 7, 10.5625, 7.25], "texture": "#0"},
				"west": {"uv": [7.5, 10.5, 7.5625, 10.75], "texture": "#0"},
				"up": {"uv": [4.0625, 12.0625, 4, 12], "texture": "#0"},
				"down": {"uv": [12.0625, 4, 12, 4.0625], "texture": "#0"}
			}
		},
		{
			"from": [5.77264, 7.57295, 7.9],
			"to": [5.92264, 8.17295, 8.05],
			"rotation": {"angle": 22.5, "axis": "z", "origin": [5.85651, 7.76326, 7.975]},
			"faces": {
				"north": {"uv": [6, 9, 6.0625, 9.3125], "texture": "#0"},
				"east": {"uv": [9, 6, 9.0625, 6.3125], "texture": "#0"},
				"south": {"uv": [6.5, 9, 6.5625, 9.3125], "texture": "#0"},
				"west": {"uv": [9, 6.5, 9.0625, 6.8125], "texture": "#0"},
				"up": {"uv": [11.5625, 2.0625, 11.5, 2], "texture": "#0"},
				"down": {"uv": [2.5625, 11.5, 2.5, 11.5625], "texture": "#0"}
			}
		},
		{
			"from": [5.72264, 7.07295, 7.85],
			"to": [5.97264, 7.67295, 8.1],
			"rotation": {"angle": 22.5, "axis": "z", "origin": [5.85651, 7.76326, 7.975]},
			"faces": {
				"north": {"uv": [6.5, 1, 6.625, 1.3125], "texture": "#0"},
				"east": {"uv": [1.5, 6.5, 1.625, 6.8125], "texture": "#0"},
				"south": {"uv": [6.5, 1.5, 6.625, 1.8125], "texture": "#0"},
				"west": {"uv": [2, 6.5, 2.125, 6.8125], "texture": "#0"},
				"up": {"uv": [10.625, 0.125, 10.5, 0], "texture": "#0"},
				"down": {"uv": [0.625, 10.5, 0.5, 10.625], "texture": "#0"}
			}
		},
		{
			"from": [6.34764, 7.57295, 7.925],
			"to": [6.44764, 8.67295, 8.025],
			"rotation": {"angle": -22.5, "axis": "z", "origin": [6.40651, 7.76326, 7.975]},
			"faces": {
				"north": {"uv": [7.5, 0, 7.5625, 0.5625], "texture": "#0"},
				"east": {"uv": [0.5, 7.5, 0.5625, 8.0625], "texture": "#0"},
				"south": {"uv": [1, 7.5, 1.0625, 8.0625], "texture": "#0"},
				"west": {"uv": [7.5, 1, 7.5625, 1.5625], "texture": "#0"},
				"up": {"uv": [11.5625, 3.5625, 11.5, 3.5], "texture": "#0"},
				"down": {"uv": [4.0625, 11.5, 4, 11.5625], "texture": "#0"}
			}
		},
		{
			"from": [6.32264, 7.57295, 7.9],
			"to": [6.47264, 8.17295, 8.05],
			"rotation": {"angle": -22.5, "axis": "z", "origin": [6.40651, 7.76326, 7.975]},
			"faces": {
				"north": {"uv": [7, 9, 7.0625, 9.3125], "texture": "#0"},
				"east": {"uv": [9, 7, 9.0625, 7.3125], "texture": "#0"},
				"south": {"uv": [7.5, 9, 7.5625, 9.3125], "texture": "#0"},
				"west": {"uv": [9, 7.5, 9.0625, 7.8125], "texture": "#0"},
				"up": {"uv": [11.5625, 3.0625, 11.5, 3], "texture": "#0"},
				"down": {"uv": [3.5625, 11.5, 3.5, 11.5625], "texture": "#0"}
			}
		},
		{
			"from": [6.27264, 7.07295, 7.85],
			"to": [6.52264, 7.67295, 8.1],
			"rotation": {"angle": -22.5, "axis": "z", "origin": [6.40651, 7.76326, 7.975]},
			"faces": {
				"north": {"uv": [6.5, 2, 6.625, 2.3125], "texture": "#0"},
				"east": {"uv": [2.5, 6.5, 2.625, 6.8125], "texture": "#0"},
				"south": {"uv": [6.5, 2.5, 6.625, 2.8125], "texture": "#0"},
				"west": {"uv": [3, 6.5, 3.125, 6.8125], "texture": "#0"},
				"up": {"uv": [10.625, 0.625, 10.5, 0.5], "texture": "#0"},
				"down": {"uv": [1.125, 10.5, 1, 10.625], "texture": "#0"}
			}
		},
		{
			"from": [6.19038, 4.00357, 7.925],
			"to": [6.29038, 5.60357, 8.025],
			"rotation": {"angle": 22.5, "axis": "z", "origin": [6.23151, 5.41326, 7.975]},
			"faces": {
				"north": {"uv": [2, 2, 2.0625, 2.8125], "texture": "#0"},
				"east": {"uv": [2.5, 0, 2.5625, 0.8125], "texture": "#0"},
				"south": {"uv": [2.5, 1, 2.5625, 1.8125], "texture": "#0"},
				"west": {"uv": [2.5, 2, 2.5625, 2.8125], "texture": "#0"},
				"up": {"uv": [11.5625, 4.5625, 11.5, 4.5], "texture": "#0"},
				"down": {"uv": [5.0625, 11.5, 5, 11.5625], "texture": "#0"}
			}
		},
		{
			"from": [6.04038, 5.00357, 7.775],
			"to": [6.19038, 5.60357, 7.925],
			"rotation": {"angle": 22.5, "axis": "x", "origin": [6.10651, 5.41326, 7.85]},
			"faces": {
				"north": {"uv": [9.5, 6.5, 9.5625, 6.8125], "texture": "#0"},
				"east": {"uv": [7, 9.5, 7.0625, 9.8125], "texture": "#0"},
				"south": {"uv": [9.5, 7, 9.5625, 7.3125], "texture": "#0"},
				"west": {"uv": [7.5, 9.5, 7.5625, 9.8125], "texture": "#0"},
				"up": {"uv": [2.0625, 12.0625, 2, 12], "texture": "#0"},
				"down": {"uv": [12.0625, 2, 12, 2.0625], "texture": "#0"}
			}
		},
		{
			"from": [6.06538, 4.00357, 7.8],
			"to": [6.16538, 5.60357, 7.9],
			"rotation": {"angle": 22.5, "axis": "x", "origin": [6.10651, 5.41326, 7.85]},
			"faces": {
				"north": {"uv": [3.5, 0, 3.5625, 0.8125], "texture": "#0"},
				"east": {"uv": [3.5, 1, 3.5625, 1.8125], "texture": "#0"},
				"south": {"uv": [3.5, 2, 3.5625, 2.8125], "texture": "#0"},
				"west": {"uv": [3.5, 3, 3.5625, 3.8125], "texture": "#0"},
				"up": {"uv": [1.5625, 12.0625, 1.5, 12], "texture": "#0"},
				"down": {"uv": [12.0625, 1.5, 12, 1.5625], "texture": "#0"}
			}
		},
		{
			"from": [6.04038, 5.00357, 8.025],
			"to": [6.19038, 5.60357, 8.175],
			"rotation": {"angle": -22.5, "axis": "x", "origin": [6.10651, 5.41326, 8.1]},
			"faces": {
				"north": {"uv": [9.5, 7.5, 9.5625, 7.8125], "texture": "#0"},
				"east": {"uv": [8, 9.5, 8.0625, 9.8125], "texture": "#0"},
				"south": {"uv": [9.5, 8, 9.5625, 8.3125], "texture": "#0"},
				"west": {"uv": [8.5, 9.5, 8.5625, 9.8125], "texture": "#0"},
				"up": {"uv": [3.0625, 12.0625, 3, 12], "texture": "#0"},
				"down": {"uv": [12.0625, 3, 12, 3.0625], "texture": "#0"}
			}
		},
		{
			"from": [6.06538, 4.00357, 8.05],
			"to": [6.16538, 5.60357, 8.15],
			"rotation": {"angle": -22.5, "axis": "x", "origin": [6.10651, 5.41326, 8.1]},
			"faces": {
				"north": {"uv": [4, 0, 4.0625, 0.8125], "texture": "#0"},
				"east": {"uv": [4, 1, 4.0625, 1.8125], "texture": "#0"},
				"south": {"uv": [2, 4, 2.0625, 4.8125], "texture": "#0"},
				"west": {"uv": [4, 2, 4.0625, 2.8125], "texture": "#0"},
				"up": {"uv": [2.5625, 12.0625, 2.5, 12], "texture": "#0"},
				"down": {"uv": [12.0625, 2.5, 12, 2.5625], "texture": "#0"}
			}
		},
		{
			"from": [6.16538, 5.00357, 7.9],
			"to": [6.31538, 5.60357, 8.05],
			"rotation": {"angle": 22.5, "axis": "z", "origin": [6.23151, 5.41326, 7.975]},
			"faces": {
				"north": {"uv": [8, 9, 8.0625, 9.3125], "texture": "#0"},
				"east": {"uv": [9, 8, 9.0625, 8.3125], "texture": "#0"},
				"south": {"uv": [8.5, 9, 8.5625, 9.3125], "texture": "#0"},
				"west": {"uv": [9, 8.5, 9.0625, 8.8125], "texture": "#0"},
				"up": {"uv": [11.5625, 4.0625, 11.5, 4], "texture": "#0"},
				"down": {"uv": [4.5625, 11.5, 4.5, 11.5625], "texture": "#0"}
			}
		},
		{
			"from": [5.94038, 4.00357, 7.925],
			"to": [6.04038, 5.60357, 8.025],
			"rotation": {"angle": -22.5, "axis": "z", "origin": [5.98151, 5.41326, 7.975]},
			"faces": {
				"north": {"uv": [2, 3, 2.0625, 3.8125], "texture": "#0"},
				"east": {"uv": [3, 2, 3.0625, 2.8125], "texture": "#0"},
				"south": {"uv": [2.5, 3, 2.5625, 3.8125], "texture": "#0"},
				"west": {"uv": [3, 3, 3.0625, 3.8125], "texture": "#0"},
				"up": {"uv": [1.0625, 12.0625, 1, 12], "texture": "#0"},
				"down": {"uv": [12.0625, 1, 12, 1.0625], "texture": "#0"}
			}
		},
		{
			"from": [5.91538, 5.00357, 7.9],
			"to": [6.06538, 5.60357, 8.05],
			"rotation": {"angle": -22.5, "axis": "z", "origin": [5.98151, 5.41326, 7.975]},
			"faces": {
				"north": {"uv": [9.5, 5.5, 9.5625, 5.8125], "texture": "#0"},
				"east": {"uv": [6, 9.5, 6.0625, 9.8125], "texture": "#0"},
				"south": {"uv": [9.5, 6, 9.5625, 6.3125], "texture": "#0"},
				"west": {"uv": [6.5, 9.5, 6.5625, 9.8125], "texture": "#0"},
				"up": {"uv": [0.5625, 12.0625, 0.5, 12], "texture": "#0"},
				"down": {"uv": [12.0625, 0.5, 12, 0.5625], "texture": "#0"}
			}
		},
		{
			"from": [6.34038, 4.85357, 7.925],
			"to": [6.44038, 5.95357, 8.025],
			"rotation": {"angle": 22.5, "axis": "z", "origin": [6.38151, 5.76326, 7.975]},
			"faces": {
				"north": {"uv": [3.5, 8, 3.5625, 8.5625], "texture": "#0"},
				"east": {"uv": [4, 8, 4.0625, 8.5625], "texture": "#0"},
				"south": {"uv": [8, 4, 8.0625, 4.5625], "texture": "#0"},
				"west": {"uv": [4.5, 8, 4.5625, 8.5625], "texture": "#0"},
				"up": {"uv": [0.0625, 12.0625, 0, 12], "texture": "#0"},
				"down": {"uv": [12.0625, 0, 12, 0.0625], "texture": "#0"}
			}
		},
		{
			"from": [6.31538, 5.35357, 7.9],
			"to": [6.46538, 5.95357, 8.05],
			"rotation": {"angle": 22.5, "axis": "z", "origin": [6.38151, 5.76326, 7.975]},
			"faces": {
				"north": {"uv": [9.5, 4.5, 9.5625, 4.8125], "texture": "#0"},
				"east": {"uv": [5, 9.5, 5.0625, 9.8125], "texture": "#0"},
				"south": {"uv": [9.5, 5, 9.5625, 5.3125], "texture": "#0"},
				"west": {"uv": [5.5, 9.5, 5.5625, 9.8125], "texture": "#0"},
				"up": {"uv": [11.5625, 11.0625, 11.5, 11], "texture": "#0"},
				"down": {"uv": [11.5625, 11.5, 11.5, 11.5625], "texture": "#0"}
			}
		},
		{
			"from": [6.26538, 5.85357, 7.85],
			"to": [6.51538, 6.45357, 8.1],
			"rotation": {"angle": 22.5, "axis": "z", "origin": [6.38151, 5.76326, 7.975]},
			"faces": {
				"north": {"uv": [6.5, 3, 6.625, 3.3125], "texture": "#0"},
				"east": {"uv": [3.5, 6.5, 3.625, 6.8125], "texture": "#0"},
				"south": {"uv": [6.5, 3.5, 6.625, 3.8125], "texture": "#0"},
				"west": {"uv": [4, 6.5, 4.125, 6.8125], "texture": "#0"},
				"up": {"uv": [10.625, 1.125, 10.5, 1], "texture": "#0"},
				"down": {"uv": [1.625, 10.5, 1.5, 10.625], "texture": "#0"}
			}
		},
		{
			"from": [6.06538, 8.05979, 8.57909],
			"to": [6.16538, 9.15979, 8.67909],
			"rotation": {"angle": -22.5, "axis": "x", "origin": [12.04038, 6.41345, 16.49893]},
			"faces": {
				"north": {"uv": [7.5, 3, 7.5625, 3.5625], "texture": "#0"},
				"east": {"uv": [7.5, 4, 7.5625, 4.5625], "texture": "#0"},
				"south": {"uv": [7.5, 5, 7.5625, 5.5625], "texture": "#0"},
				"west": {"uv": [7.5, 6, 7.5625, 6.5625], "texture": "#0"},
				"up": {"uv": [11.5625, 6.5625, 11.5, 6.5], "texture": "#0"},
				"down": {"uv": [7.0625, 11.5, 7, 11.5625], "texture": "#0"}
			}
		},
		{
			"from": [6.04038, 8.55979, 8.55409],
			"to": [6.19038, 9.15979, 8.70409],
			"rotation": {"angle": -22.5, "axis": "x", "origin": [12.04038, 6.41345, 16.49893]},
			"faces": {
				"north": {"uv": [9.5, 0.5, 9.5625, 0.8125], "texture": "#0"},
				"east": {"uv": [1, 9.5, 1.0625, 9.8125], "texture": "#0"},
				"south": {"uv": [9.5, 1, 9.5625, 1.3125], "texture": "#0"},
				"west": {"uv": [1.5, 9.5, 1.5625, 9.8125], "texture": "#0"},
				"up": {"uv": [11.5625, 6.0625, 11.5, 6], "texture": "#0"},
				"down": {"uv": [6.5625, 11.5, 6.5, 11.5625], "texture": "#0"}
			}
		},
		{
			"from": [5.99038, 9.05979, 8.50409],
			"to": [6.24038, 9.65979, 8.75409],
			"rotation": {"angle": -22.5, "axis": "x", "origin": [12.04038, 6.41345, 16.49893]},
			"faces": {
				"north": {"uv": [6.5, 5, 6.625, 5.3125], "texture": "#0"},
				"east": {"uv": [5.5, 6.5, 5.625, 6.8125], "texture": "#0"},
				"south": {"uv": [6.5, 5.5, 6.625, 5.8125], "texture": "#0"},
				"west": {"uv": [6, 6.5, 6.125, 6.8125], "texture": "#0"},
				"up": {"uv": [10.625, 2.125, 10.5, 2], "texture": "#0"},
				"down": {"uv": [2.625, 10.5, 2.5, 10.625], "texture": "#0"}
			}
		},
		{
			"from": [6.06538, 4.85357, 7.675],
			"to": [6.16538, 5.95357, 7.775],
			"rotation": {"angle": 22.5, "axis": "x", "origin": [6.10651, 5.76326, 7.725]},
			"faces": {
				"north": {"uv": [7.5, 7, 7.5625, 7.5625], "texture": "#0"},
				"east": {"uv": [8, 0, 8.0625, 0.5625], "texture": "#0"},
				"south": {"uv": [8, 1, 8.0625, 1.5625], "texture": "#0"},
				"west": {"uv": [8, 2, 8.0625, 2.5625], "texture": "#0"},
				"up": {"uv": [11.5625, 7.5625, 11.5, 7.5], "texture": "#0"},
				"down": {"uv": [8.0625, 11.5, 8, 11.5625], "texture": "#0"}
			}
		},
		{
			"from": [6.04038, 5.35357, 7.65],
			"to": [6.19038, 5.95357, 7.8],
			"rotation": {"angle": 22.5, "axis": "x", "origin": [6.10651, 5.76326, 7.725]},
			"faces": {
				"north": {"uv": [9.5, 1.5, 9.5625, 1.8125], "texture": "#0"},
				"east": {"uv": [2, 9.5, 2.0625, 9.8125], "texture": "#0"},
				"south": {"uv": [9.5, 2, 9.5625, 2.3125], "texture": "#0"},
				"west": {"uv": [2.5, 9.5, 2.5625, 9.8125], "texture": "#0"},
				"up": {"uv": [11.5625, 7.0625, 11.5, 7], "texture": "#0"},
				"down": {"uv": [7.5625, 11.5, 7.5, 11.5625], "texture": "#0"}
			}
		},
		{
			"from": [5.99038, 2.54542, 8.5167],
			"to": [6.24038, 3.14542, 8.7667],
			"rotation": {"angle": 22.5, "axis": "x", "origin": [12.04038, 6.41345, 16.49893]},
			"faces": {
				"north": {"uv": [6.5, 6, 6.625, 6.3125], "texture": "#0"},
				"east": {"uv": [6.5, 6.5, 6.625, 6.8125], "texture": "#0"},
				"south": {"uv": [0, 7, 0.125, 7.3125], "texture": "#0"},
				"west": {"uv": [7, 0, 7.125, 0.3125], "texture": "#0"},
				"up": {"uv": [10.625, 2.625, 10.5, 2.5], "texture": "#0"},
				"down": {"uv": [3.125, 10.5, 3, 10.625], "texture": "#0"}
			}
		},
		{
			"from": [5.84038, 4.85357, 7.925],
			"to": [5.94038, 5.95357, 8.025],
			"rotation": {"angle": -22.5, "axis": "z", "origin": [5.88151, 5.76326, 7.975]},
			"faces": {
				"north": {"uv": [1.5, 7.5, 1.5625, 8.0625], "texture": "#0"},
				"east": {"uv": [2, 7.5, 2.0625, 8.0625], "texture": "#0"},
				"south": {"uv": [7.5, 2, 7.5625, 2.5625], "texture": "#0"},
				"west": {"uv": [2.5, 7.5, 2.5625, 8.0625], "texture": "#0"},
				"up": {"uv": [11.5625, 5.5625, 11.5, 5.5], "texture": "#0"},
				"down": {"uv": [6.0625, 11.5, 6, 11.5625], "texture": "#0"}
			}
		},
		{
			"from": [5.81538, 5.35357, 7.9],
			"to": [5.96538, 5.95357, 8.05],
			"rotation": {"angle": -22.5, "axis": "z", "origin": [5.88151, 5.76326, 7.975]},
			"faces": {
				"north": {"uv": [9, 9, 9.0625, 9.3125], "texture": "#0"},
				"east": {"uv": [0, 9.5, 0.0625, 9.8125], "texture": "#0"},
				"south": {"uv": [9.5, 0, 9.5625, 0.3125], "texture": "#0"},
				"west": {"uv": [0.5, 9.5, 0.5625, 9.8125], "texture": "#0"},
				"up": {"uv": [11.5625, 5.0625, 11.5, 5], "texture": "#0"},
				"down": {"uv": [5.5625, 11.5, 5.5, 11.5625], "texture": "#0"}
			}
		},
		{
			"from": [5.76538, 5.85357, 7.85],
			"to": [6.01538, 6.45357, 8.1],
			"rotation": {"angle": -22.5, "axis": "z", "origin": [5.88151, 5.76326, 7.975]},
			"faces": {
				"north": {"uv": [6.5, 4, 6.625, 4.3125], "texture": "#0"},
				"east": {"uv": [4.5, 6.5, 4.625, 6.8125], "texture": "#0"},
				"south": {"uv": [6.5, 4.5, 6.625, 4.8125], "texture": "#0"},
				"west": {"uv": [5, 6.5, 5.125, 6.8125], "texture": "#0"},
				"up": {"uv": [10.625, 1.625, 10.5, 1.5], "texture": "#0"},
				"down": {"uv": [2.125, 10.5, 2, 10.625], "texture": "#0"}
			}
		},
		{
			"from": [5.79764, 9.97295, 7.925],
			"to": [5.89764, 10.82295, 8.025],
			"rotation": {"angle": 22.5, "axis": "z", "origin": [5.85651, 10.16326, 7.975]},
			"faces": {
				"north": {"uv": [8, 8, 8.0625, 8.4375], "texture": "#0"},
				"east": {"uv": [0, 8.5, 0.0625, 8.9375], "texture": "#0"},
				"south": {"uv": [8.5, 0, 8.5625, 0.4375], "texture": "#0"},
				"west": {"uv": [0.5, 8.5, 0.5625, 8.9375], "texture": "#0"},
				"up": {"uv": [11.5625, 1.5625, 11.5, 1.5], "texture": "#0"},
				"down": {"uv": [2.0625, 11.5, 2, 11.5625], "texture": "#0"}
			}
		},
		{
			"from": [5.77264, 9.97295, 7.9],
			"to": [5.92264, 10.32295, 8.05],
			"rotation": {"angle": 22.5, "axis": "z", "origin": [5.85651, 10.16326, 7.975]},
			"faces": {
				"north": {"uv": [10.5, 10, 10.5625, 10.1875], "texture": "#0"},
				"east": {"uv": [10.5, 10.5, 10.5625, 10.6875], "texture": "#0"},
				"south": {"uv": [0, 11, 0.0625, 11.1875], "texture": "#0"},
				"west": {"uv": [11, 0, 11.0625, 0.1875], "texture": "#0"},
				"up": {"uv": [11.5625, 1.0625, 11.5, 1], "texture": "#0"},
				"down": {"uv": [1.5625, 11.5, 1.5, 11.5625], "texture": "#0"}
			}
		},
		{
			"from": [5.72264, 9.47295, 7.85],
			"to": [5.97264, 10.07295, 8.1],
			"rotation": {"angle": 22.5, "axis": "z", "origin": [5.85651, 10.16326, 7.975]},
			"faces": {
				"north": {"uv": [6.5, 0, 6.625, 0.3125], "texture": "#0"},
				"east": {"uv": [0.5, 6.5, 0.625, 6.8125], "texture": "#0"},
				"south": {"uv": [6.5, 0.5, 6.625, 0.8125], "texture": "#0"},
				"west": {"uv": [1, 6.5, 1.125, 6.8125], "texture": "#0"},
				"up": {"uv": [10.125, 10.125, 10, 10], "texture": "#0"},
				"down": {"uv": [0.125, 10.5, 0, 10.625], "texture": "#0"}
			}
		},
		{
			"from": [5.59764, 11.27295, 8.05],
			"to": [5.69764, 12.87295, 8.05],
			"rotation": {"angle": 22.5, "axis": "z", "origin": [5.65651, 12.46326, 8]},
			"faces": {
				"north": {"uv": [2, 0, 2.0625, 0.8125], "texture": "#0"},
				"east": {"uv": [0, 0, 0, 0.8125], "texture": "#0"},
				"south": {"uv": [2, 1, 2.0625, 1.8125], "texture": "#0"},
				"west": {"uv": [0, 0, 0, 0.8125], "texture": "#0"},
				"up": {"uv": [0.0625, 0, 0, 0], "texture": "#0"},
				"down": {"uv": [0.0625, 0, 0, 0], "texture": "#0"}
			}
		},
		{
			"from": [5.57264, 11.52295, 8.05],
			"to": [5.72264, 12.62295, 8.05],
			"rotation": {"angle": 22.5, "axis": "z", "origin": [5.65651, 12.46326, 7.975]},
			"faces": {
				"north": {"uv": [5.5, 7, 5.5625, 7.5625], "texture": "#0"},
				"east": {"uv": [0, 0, 0, 0.5625], "texture": "#0"},
				"south": {"uv": [6, 7, 6.0625, 7.5625], "texture": "#0"},
				"west": {"uv": [0, 0, 0, 0.5625], "texture": "#0"},
				"up": {"uv": [0.0625, 0, 0, 0], "texture": "#0"},
				"down": {"uv": [0.0625, 0, 0, 0], "texture": "#0"}
			}
		},
		{
			"from": [5.52264, 11.77295, 8.05],
			"to": [5.77264, 12.37295, 8.05],
			"rotation": {"angle": 22.5, "axis": "z", "origin": [5.65651, 12.46326, 7.925]},
			"faces": {
				"north": {"uv": [6, 6, 6.125, 6.3125], "texture": "#0"},
				"east": {"uv": [0, 0, 0, 0.3125], "texture": "#0"},
				"south": {"uv": [0, 6.5, 0.125, 6.8125], "texture": "#0"},
				"west": {"uv": [0, 0, 0, 0.3125], "texture": "#0"},
				"up": {"uv": [0.125, 0, 0, 0], "texture": "#0"},
				"down": {"uv": [0.125, 0, 0, 0], "texture": "#0"}
			}
		},
		{
			"from": [4.57264, 11.77295, 8.05],
			"to": [4.67264, 13.37295, 8.05],
			"rotation": {"angle": -22.5, "axis": "z", "origin": [4.63151, 12.96326, 8]},
			"faces": {
				"north": {"uv": [3, 0, 3.0625, 0.8125], "texture": "#0"},
				"east": {"uv": [0, 0, 0, 0.8125], "texture": "#0"},
				"south": {"uv": [3, 1, 3.0625, 1.8125], "texture": "#0"},
				"west": {"uv": [0, 0, 0, 0.8125], "texture": "#0"},
				"up": {"uv": [0.0625, 0, 0, 0], "texture": "#0"},
				"down": {"uv": [0.0625, 0, 0, 0], "texture": "#0"}
			}
		},
		{
			"from": [4.54764, 12.02295, 8.05],
			"to": [4.69764, 13.12295, 8.05],
			"rotation": {"angle": -22.5, "axis": "z", "origin": [4.63151, 12.96326, 7.975]},
			"faces": {
				"north": {"uv": [3, 8, 3.0625, 8.5625], "texture": "#0"},
				"east": {"uv": [0, 0, 0, 0.5625], "texture": "#0"},
				"south": {"uv": [8, 3, 8.0625, 3.5625], "texture": "#0"},
				"west": {"uv": [0, 0, 0, 0.5625], "texture": "#0"},
				"up": {"uv": [0.0625, 0, 0, 0], "texture": "#0"},
				"down": {"uv": [0.0625, 0, 0, 0], "texture": "#0"}
			}
		},
		{
			"from": [4.49764, 12.27295, 8.05],
			"to": [4.74764, 12.87295, 8.05],
			"rotation": {"angle": -22.5, "axis": "z", "origin": [4.63151, 12.96326, 7.925]},
			"faces": {
				"north": {"uv": [0.5, 7, 0.625, 7.3125], "texture": "#0"},
				"east": {"uv": [0, 0, 0, 0.3125], "texture": "#0"},
				"south": {"uv": [7, 0.5, 7.125, 0.8125], "texture": "#0"},
				"west": {"uv": [0, 0, 0, 0.3125], "texture": "#0"},
				"up": {"uv": [0.125, 0, 0, 0], "texture": "#0"},
				"down": {"uv": [0.125, 0, 0, 0], "texture": "#0"}
			}
		},
		{
			"from": [5.93151, 14.02295, 7.93387],
			"to": [6.03151, 14.74795, 8.03387],
			"rotation": {"angle": -22.5, "axis": "z", "origin": [5.98151, 14.13826, 7.975]},
			"faces": {
				"north": {"uv": [8.5, 4.5, 8.5625, 4.875], "texture": "#0"},
				"east": {"uv": [5, 8.5, 5.0625, 8.875], "texture": "#0"},
				"south": {"uv": [8.5, 5, 8.5625, 5.375], "texture": "#0"},
				"west": {"uv": [5.5, 8.5, 5.5625, 8.875], "texture": "#0"},
				"up": {"uv": [11.5625, 0.5625, 11.5, 0.5], "texture": "#0"},
				"down": {"uv": [1.0625, 11.5, 1, 11.5625], "texture": "#0"}
			}
		},
		{
			"from": [5.87264, 13.77295, 7.9],
			"to": [6.02264, 14.07295, 8.05],
			"rotation": {"angle": 0, "axis": "y", "origin": [5.95651, 13.96326, 7.975]},
			"faces": {
				"north": {"uv": [5.5, 11, 5.5625, 11.125], "texture": "#0"},
				"east": {"uv": [11, 5.5, 11.0625, 5.625], "texture": "#0"},
				"south": {"uv": [6, 11, 6.0625, 11.125], "texture": "#0"},
				"west": {"uv": [11, 6, 11.0625, 6.125], "texture": "#0"},
				"up": {"uv": [11.5625, 0.0625, 11.5, 0], "texture": "#0"},
				"down": {"uv": [0.5625, 11.5, 0.5, 11.5625], "texture": "#0"}
			}
		},
		{
			"from": [5.82264, 13.27295, 7.85],
			"to": [6.07264, 13.87295, 8.1],
			"rotation": {"angle": 0, "axis": "y", "origin": [5.95651, 13.96326, 7.975]},
			"faces": {
				"north": {"uv": [5, 6, 5.125, 6.3125], "texture": "#0"},
				"east": {"uv": [6, 5, 6.125, 5.3125], "texture": "#0"},
				"south": {"uv": [5.5, 6, 5.625, 6.3125], "texture": "#0"},
				"west": {"uv": [6, 5.5, 6.125, 5.8125], "texture": "#0"},
				"up": {"uv": [9.625, 10.125, 9.5, 10], "texture": "#0"},
				"down": {"uv": [10.125, 9.5, 10, 9.625], "texture": "#0"}
			}
		},
		{
			"from": [6.72264, 13.17295, 7.925],
			"to": [6.82264, 13.77295, 8.025],
			"rotation": {"angle": 22.5, "axis": "z", "origin": [6.78151, 12.86326, 7.975]},
			"faces": {
				"north": {"uv": [4, 9, 4.0625, 9.3125], "texture": "#0"},
				"east": {"uv": [9, 4, 9.0625, 4.3125], "texture": "#0"},
				"south": {"uv": [4.5, 9, 4.5625, 9.3125], "texture": "#0"},
				"west": {"uv": [9, 4.5, 9.0625, 4.8125], "texture": "#0"},
				"up": {"uv": [10.0625, 11.0625, 10, 11], "texture": "#0"},
				"down": {"uv": [11.0625, 10, 11, 10.0625], "texture": "#0"}
			}
		},
		{
			"from": [6.57264, 12.57295, 7.9],
			"to": [6.72264, 13.17295, 8.05],
			"rotation": {"angle": 0, "axis": "y", "origin": [6.65651, 12.76326, 7.975]},
			"faces": {
				"north": {"uv": [3, 9, 3.0625, 9.3125], "texture": "#0"},
				"east": {"uv": [9, 3, 9.0625, 3.3125], "texture": "#0"},
				"south": {"uv": [3.5, 9, 3.5625, 9.3125], "texture": "#0"},
				"west": {"uv": [9, 3.5, 9.0625, 3.8125], "texture": "#0"},
				"up": {"uv": [9.5625, 11.0625, 9.5, 11], "texture": "#0"},
				"down": {"uv": [11.0625, 9.5, 11, 9.5625], "texture": "#0"}
			}
		},
		{
			"from": [6.52264, 12.07295, 7.85],
			"to": [6.77264, 12.67295, 8.1],
			"rotation": {"angle": 0, "axis": "y", "origin": [6.65651, 12.76326, 7.975]},
			"faces": {
				"north": {"uv": [3, 6, 3.125, 6.3125], "texture": "#0"},
				"east": {"uv": [6, 3, 6.125, 3.3125], "texture": "#0"},
				"south": {"uv": [3.5, 6, 3.625, 6.3125], "texture": "#0"},
				"west": {"uv": [6, 3.5, 6.125, 3.8125], "texture": "#0"},
				"up": {"uv": [8.625, 10.125, 8.5, 10], "texture": "#0"},
				"down": {"uv": [10.125, 8.5, 10, 8.625], "texture": "#0"}
			}
		},
		{
			"from": [5.32809, 13.79165, 7.925],
			"to": [5.42809, 14.89165, 8.025],
			"rotation": {"angle": 22.5, "axis": "z", "origin": [5.37809, 13.98196, 7.96613]},
			"faces": {
				"north": {"uv": [7, 4, 7.0625, 4.5625], "texture": "#0"},
				"east": {"uv": [4.5, 7, 4.5625, 7.5625], "texture": "#0"},
				"south": {"uv": [5, 7, 5.0625, 7.5625], "texture": "#0"},
				"west": {"uv": [7, 5, 7.0625, 5.5625], "texture": "#0"},
				"up": {"uv": [11.0625, 11.0625, 11, 11], "texture": "#0"},
				"down": {"uv": [0.0625, 11.5, 0, 11.5625], "texture": "#0"}
			}
		},
		{
			"from": [5.30309, 13.79165, 7.9],
			"to": [5.45309, 14.39165, 8.05],
			"rotation": {"angle": 22.5, "axis": "z", "origin": [5.37809, 13.98196, 7.96613]},
			"faces": {
				"north": {"uv": [5, 9, 5.0625, 9.3125], "texture": "#0"},
				"east": {"uv": [9, 5, 9.0625, 5.3125], "texture": "#0"},
				"south": {"uv": [5.5, 9, 5.5625, 9.3125], "texture": "#0"},
				"west": {"uv": [9, 5.5, 9.0625, 5.8125], "texture": "#0"},
				"up": {"uv": [10.5625, 11.0625, 10.5, 11], "texture": "#0"},
				"down": {"uv": [11.0625, 10.5, 11, 10.5625], "texture": "#0"}
			}
		},
		{
			"from": [5.25309, 13.29165, 7.85],
			"to": [5.50309, 13.89165, 8.1],
			"rotation": {"angle": 22.5, "axis": "z", "origin": [5.37809, 13.98196, 7.96613]},
			"faces": {
				"north": {"uv": [4, 6, 4.125, 6.3125], "texture": "#0"},
				"east": {"uv": [6, 4, 6.125, 4.3125], "texture": "#0"},
				"south": {"uv": [4.5, 6, 4.625, 6.3125], "texture": "#0"},
				"west": {"uv": [6, 4.5, 6.125, 4.8125], "texture": "#0"},
				"up": {"uv": [9.125, 10.125, 9, 10], "texture": "#0"},
				"down": {"uv": [10.125, 9, 10, 9.125], "texture": "#0"}
			}
		},
		{
			"from": [6.89764, 10.57295, 7.925],
			"to": [6.99764, 11.67295, 8.025],
			"rotation": {"angle": -45, "axis": "z", "origin": [6.95651, 10.76326, 7.975]},
			"faces": {
				"north": {"uv": [3, 7, 3.0625, 7.5625], "texture": "#0"},
				"east": {"uv": [7, 3, 7.0625, 3.5625], "texture": "#0"},
				"south": {"uv": [3.5, 7, 3.5625, 7.5625], "texture": "#0"},
				"west": {"uv": [4, 7, 4.0625, 7.5625], "texture": "#0"},
				"up": {"uv": [7.0625, 11.0625, 7, 11], "texture": "#0"},
				"down": {"uv": [11.0625, 7, 11, 7.0625], "texture": "#0"}
			}
		},
		{
			"from": [6.87264, 10.57295, 7.9],
			"to": [7.02264, 11.17295, 8.05],
			"rotation": {"angle": -45, "axis": "z", "origin": [6.95651, 10.76326, 7.975]},
			"faces": {
				"north": {"uv": [0, 9, 0.0625, 9.3125], "texture": "#0"},
				"east": {"uv": [9, 0, 9.0625, 0.3125], "texture": "#0"},
				"south": {"uv": [0.5, 9, 0.5625, 9.3125], "texture": "#0"},
				"west": {"uv": [9, 0.5, 9.0625, 0.8125], "texture": "#0"},
				"up": {"uv": [6.5625, 11.0625, 6.5, 11], "texture": "#0"},
				"down": {"uv": [11.0625, 6.5, 11, 6.5625], "texture": "#0"}
			}
		},
		{
			"from": [6.82264, 10.07295, 7.85],
			"to": [7.07264, 10.67295, 8.1],
			"rotation": {"angle": -45, "axis": "z", "origin": [6.95651, 10.76326, 7.975]},
			"faces": {
				"north": {"uv": [0, 6, 0.125, 6.3125], "texture": "#0"},
				"east": {"uv": [6, 0, 6.125, 0.3125], "texture": "#0"},
				"south": {"uv": [0.5, 6, 0.625, 6.3125], "texture": "#0"},
				"west": {"uv": [6, 0.5, 6.125, 0.8125], "texture": "#0"},
				"up": {"uv": [7.125, 10.125, 7, 10], "texture": "#0"},
				"down": {"uv": [10.125, 7, 10, 7.125], "texture": "#0"}
			}
		},
		{
			"from": [6.89764, 11.32295, 7.925],
			"to": [6.99764, 12.17295, 8.025],
			"rotation": {"angle": -22.5, "axis": "z", "origin": [6.95651, 11.51326, 7.975]},
			"faces": {
				"north": {"uv": [7, 8, 7.0625, 8.4375], "texture": "#0"},
				"east": {"uv": [8, 7, 8.0625, 7.4375], "texture": "#0"},
				"south": {"uv": [7.5, 8, 7.5625, 8.4375], "texture": "#0"},
				"west": {"uv": [8, 7.5, 8.0625, 7.9375], "texture": "#0"},
				"up": {"uv": [8.0625, 11.0625, 8, 11], "texture": "#0"},
				"down": {"uv": [11.0625, 8, 11, 8.0625], "texture": "#0"}
			}
		},
		{
			"from": [6.87264, 11.32295, 7.9],
			"to": [7.02264, 11.67295, 8.05],
			"rotation": {"angle": -22.5, "axis": "z", "origin": [6.95651, 11.51326, 7.975]},
			"faces": {
				"north": {"uv": [10.5, 9, 10.5625, 9.1875], "texture": "#0"},
				"east": {"uv": [9.5, 10.5, 9.5625, 10.6875], "texture": "#0"},
				"south": {"uv": [10.5, 9.5, 10.5625, 9.6875], "texture": "#0"},
				"west": {"uv": [10, 10.5, 10.0625, 10.6875], "texture": "#0"},
				"up": {"uv": [7.5625, 11.0625, 7.5, 11], "texture": "#0"},
				"down": {"uv": [11.0625, 7.5, 11, 7.5625], "texture": "#0"}
			}
		},
		{
			"from": [6.82264, 10.82295, 7.85],
			"to": [7.07264, 11.42295, 8.1],
			"rotation": {"angle": -22.5, "axis": "z", "origin": [6.95651, 11.51326, 7.975]},
			"faces": {
				"north": {"uv": [1, 6, 1.125, 6.3125], "texture": "#0"},
				"east": {"uv": [6, 1, 6.125, 1.3125], "texture": "#0"},
				"south": {"uv": [1.5, 6, 1.625, 6.3125], "texture": "#0"},
				"west": {"uv": [6, 1.5, 6.125, 1.8125], "texture": "#0"},
				"up": {"uv": [7.625, 10.125, 7.5, 10], "texture": "#0"},
				"down": {"uv": [10.125, 7.5, 10, 7.625], "texture": "#0"}
			}
		},
		{
			"from": [7.04764, 12.47295, 7.925],
			"to": [7.14764, 13.07295, 8.025],
			"rotation": {"angle": -22.5, "axis": "z", "origin": [7.10651, 12.16326, 7.975]},
			"faces": {
				"north": {"uv": [2, 9, 2.0625, 9.3125], "texture": "#0"},
				"east": {"uv": [9, 2, 9.0625, 2.3125], "texture": "#0"},
				"south": {"uv": [2.5, 9, 2.5625, 9.3125], "texture": "#0"},
				"west": {"uv": [9, 2.5, 9.0625, 2.8125], "texture": "#0"},
				"up": {"uv": [9.0625, 11.0625, 9, 11], "texture": "#0"},
				"down": {"uv": [11.0625, 9, 11, 9.0625], "texture": "#0"}
			}
		},
		{
			"from": [6.7662, 12.14712, 7.9],
			"to": [7.3662, 12.29712, 8.05],
			"rotation": {"angle": 45, "axis": "z", "origin": [6.95651, 12.21326, 7.975]},
			"faces": {
				"north": {"uv": [1, 9, 1.3125, 9.0625], "texture": "#0"},
				"east": {"uv": [8.5, 11, 8.5625, 11.0625], "texture": "#0"},
				"south": {"uv": [9, 1, 9.3125, 1.0625], "texture": "#0"},
				"west": {"uv": [11, 8.5, 11.0625, 8.5625], "texture": "#0"},
				"up": {"uv": [1.8125, 9.0625, 1.5, 9], "texture": "#0"},
				"down": {"uv": [9.3125, 1.5, 9, 1.5625], "texture": "#0"}
			}
		},
		{
			"from": [6.2662, 12.09712, 7.85],
			"to": [6.8662, 12.34712, 8.1],
			"rotation": {"angle": 45, "axis": "z", "origin": [6.95651, 12.21326, 7.975]},
			"faces": {
				"north": {"uv": [2, 6, 2.3125, 6.125], "texture": "#0"},
				"east": {"uv": [8, 10, 8.125, 10.125], "texture": "#0"},
				"south": {"uv": [6, 2, 6.3125, 2.125], "texture": "#0"},
				"west": {"uv": [10, 8, 10.125, 8.125], "texture": "#0"},
				"up": {"uv": [2.8125, 6.125, 2.5, 6], "texture": "#0"},
				"down": {"uv": [6.3125, 2.5, 6, 2.625], "texture": "#0"}
			}
		},
		{
			"from": [3.0912, 9.10229, 7.85],
			"to": [3.3412, 9.70229, 8.1],
			"rotation": {"angle": -45, "axis": "z", "origin": [5.62923, 6.03991, 7.975]},
			"faces": {
				"north": {"uv": [5, 5, 5.125, 5.3125], "texture": "#0"},
				"east": {"uv": [0, 5.5, 0.125, 5.8125], "texture": "#0"},
				"south": {"uv": [5.5, 0, 5.625, 0.3125], "texture": "#0"},
				"west": {"uv": [0.5, 5.5, 0.625, 5.8125], "texture": "#0"},
				"up": {"uv": [4.125, 10.125, 4, 10], "texture": "#0"},
				"down": {"uv": [10.125, 4, 10, 4.125], "texture": "#0"}
			}
		},
		{
			"from": [6.07182, 7.28807, 7.8],
			"to": [6.17182, 7.68807, 7.8],
			"rotation": {"angle": 0, "axis": "y", "origin": [6.1, 7.45, 7.975]},
			"faces": {
				"north": {"uv": [10.5, 8, 10.5625, 8.1875], "texture": "#0"},
				"east": {"uv": [0, 0, 0, 0.1875], "texture": "#0"},
				"south": {"uv": [8.5, 10.5, 8.5625, 10.6875], "texture": "#0"},
				"west": {"uv": [0, 0, 0, 0.1875], "texture": "#0"},
				"up": {"uv": [0.0625, 0, 0, 0], "texture": "#0"},
				"down": {"uv": [0.0625, 0, 0, 0], "texture": "#0"}
			}
		},
		{
			"from": [6.09682, 7.21307, 7.8],
			"to": [6.14682, 7.78807, 7.8],
			"rotation": {"angle": 0, "axis": "y", "origin": [6.1, 7.45, 7.975]},
			"faces": {
				"north": {"uv": [8.5, 7.5, 8.5625, 7.8125], "texture": "#0"},
				"east": {"uv": [0, 0, 0, 0.3125], "texture": "#0"},
				"south": {"uv": [8, 8.5, 8.0625, 8.8125], "texture": "#0"},
				"west": {"uv": [0, 0, 0, 0.3125], "texture": "#0"},
				"up": {"uv": [0.0625, 0, 0, 0], "texture": "#0"},
				"down": {"uv": [0.0625, 0, 0, 0], "texture": "#0"}
			}
		},
		{
			"from": [6.04682, 7.33807, 7.8],
			"to": [6.19682, 7.61307, 7.8],
			"rotation": {"angle": 0, "axis": "y", "origin": [6.1, 7.45, 7.975]},
			"faces": {
				"north": {"uv": [3.5, 11, 3.5625, 11.125], "texture": "#0"},
				"east": {"uv": [0, 0, 0, 0.125], "texture": "#0"},
				"south": {"uv": [11, 3.5, 11.0625, 3.625], "texture": "#0"},
				"west": {"uv": [0, 0, 0, 0.125], "texture": "#0"},
				"up": {"uv": [0.0625, 0, 0, 0], "texture": "#0"},
				"down": {"uv": [0.0625, 0, 0, 0], "texture": "#0"}
			}
		},
		{
			"from": [6.02182, 7.38807, 7.8],
			"to": [6.22182, 7.56307, 7.8],
			"rotation": {"angle": 0, "axis": "y", "origin": [6.1, 7.45, 7.975]},
			"faces": {
				"north": {"uv": [4, 11, 4.125, 11.0625], "texture": "#0"},
				"east": {"uv": [0, 0, 0, 0.0625], "texture": "#0"},
				"south": {"uv": [11, 4, 11.125, 4.0625], "texture": "#0"},
				"west": {"uv": [0, 0, 0, 0.0625], "texture": "#0"},
				"up": {"uv": [0.125, 0, 0, 0], "texture": "#0"},
				"down": {"uv": [0.125, 0, 0, 0], "texture": "#0"}
			}
		},
		{
			"from": [6.09682, 7.21307, 8.15],
			"to": [6.14682, 7.78807, 8.15],
			"rotation": {"angle": 0, "axis": "y", "origin": [6.1, 7.45, 7.975]},
			"faces": {
				"north": {"uv": [8.5, 8, 8.5625, 8.3125], "texture": "#0"},
				"east": {"uv": [0, 0, 0, 0.3125], "texture": "#0"},
				"south": {"uv": [8.5, 8.5, 8.5625, 8.8125], "texture": "#0"},
				"west": {"uv": [0, 0, 0, 0.3125], "texture": "#0"},
				"up": {"uv": [0.0625, 0, 0, 0], "texture": "#0"},
				"down": {"uv": [0.0625, 0, 0, 0], "texture": "#0"}
			}
		},
		{
			"from": [6.07182, 7.28807, 8.15],
			"to": [6.17182, 7.68807, 8.15],
			"rotation": {"angle": 0, "axis": "y", "origin": [6.1, 7.45, 7.975]},
			"faces": {
				"north": {"uv": [10.5, 8.5, 10.5625, 8.6875], "texture": "#0"},
				"east": {"uv": [0, 0, 0, 0.1875], "texture": "#0"},
				"south": {"uv": [9, 10.5, 9.0625, 10.6875], "texture": "#0"},
				"west": {"uv": [0, 0, 0, 0.1875], "texture": "#0"},
				"up": {"uv": [0.0625, 0, 0, 0], "texture": "#0"},
				"down": {"uv": [0.0625, 0, 0, 0], "texture": "#0"}
			}
		},
		{
			"from": [6.04682, 7.33807, 8.15],
			"to": [6.19682, 7.61307, 8.15],
			"rotation": {"angle": 0, "axis": "y", "origin": [6.1, 7.45, 7.975]},
			"faces": {
				"north": {"uv": [4.5, 11, 4.5625, 11.125], "texture": "#0"},
				"east": {"uv": [0, 0, 0, 0.125], "texture": "#0"},
				"south": {"uv": [11, 4.5, 11.0625, 4.625], "texture": "#0"},
				"west": {"uv": [0, 0, 0, 0.125], "texture": "#0"},
				"up": {"uv": [0.0625, 0, 0, 0], "texture": "#0"},
				"down": {"uv": [0.0625, 0, 0, 0], "texture": "#0"}
			}
		},
		{
			"from": [6.02182, 7.38807, 8.15],
			"to": [6.22182, 7.56307, 8.15],
			"rotation": {"angle": 0, "axis": "y", "origin": [6.1, 7.45, 7.975]},
			"faces": {
				"north": {"uv": [5, 11, 5.125, 11.0625], "texture": "#0"},
				"east": {"uv": [0, 0, 0, 0.0625], "texture": "#0"},
				"south": {"uv": [11, 5, 11.125, 5.0625], "texture": "#0"},
				"west": {"uv": [0, 0, 0, 0.0625], "texture": "#0"},
				"up": {"uv": [0.125, 0, 0, 0], "texture": "#0"},
				"down": {"uv": [0.125, 0, 0, 0], "texture": "#0"}
			}
		}
	],
	"display": {
		"thirdperson_righthand": {
			"rotation": [1, -81, 0],
			"translation": [1, 4.25, 8.5],
			"scale": [4, 4, 4]
		},
		"thirdperson_lefthand": {
			"rotation": [-3, 103, 0],
			"translation": [1.75, 3.75, 8],
			"scale": [4, 4, 4]
		},
		"firstperson_righthand": {
			"rotation": [-32, -36, -1],
			"translation": [6.5, 0.25, 6.5],
			"scale": [4, 4, 4]
		},
		"firstperson_lefthand": {
			"rotation": [-32, 125, -1],
			"translation": [0, 0.25, 8.25],
			"scale": [4, 4, 4]
		},
		"ground": {
			"rotation": [-95, 0, 0],
			"translation": [8, -14, -3.5],
			"scale": [4, 4, 4]
		},
		"gui": {
			"rotation": [0, 0, 44],
			"translation": [0.75, 2.5, 0],
			"scale": [1.5, 1.5, 1.5]
		},
		"head": {
			"rotation": [30, -3, 87],
			"translation": [-4.25, 2.25, -3.5],
			"scale": [4, 4, 4]
		},
		"fixed": {
			"translation": [6.75, 2.25, 0.5],
			"scale": [4, 4, 4]
		},
		"on_shelf": {
			"rotation": [0, 0, 35],
			"translation": [6, -75, -3.5],
			"scale": [4, 4, 4]
		}
	},
	"groups": [
		{
			"name": "cajado",
			"origin": [6, 1, 9],
			"color": 0,
			"children": [
				0,
				1,
				2,
				3,
				4,
				5,
				6,
				7,
				8,
				9,
				10,
				11,
				12,
				13,
				14,
				15,
				16,
				17,
				18,
				19,
				20,
				21,
				22,
				23,
				24,
				25,
				26,
				27,
				28,
				29,
				30,
				31,
				32,
				33,
				34,
				35,
				36,
				37,
				38,
				39,
				40,
				41,
				42,
				43,
				44,
				45,
				46,
				47,
				48,
				49,
				50,
				51,
				52,
				53,
				54,
				55,
				56,
				57,
				58,
				59,
				60,
				61,
				62,
				63,
				64,
				65,
				66,
				67,
				68,
				69,
				70,
				71,
				72,
				73,
				74,
				75,
				76,
				77,
				78,
				79,
				80,
				81,
				82,
				83,
				84,
				{
					"name": "gelo",
					"origin": [8.30946, 10.85635, 9.15],
					"color": 0,
					"children": [85, 86, 87, 88, 89, 90, 91, 92]
				}
			]
		}
	]
}