{
	"credit": "Made with Blockbench",
	"texture_size": [32, 32],
	"textures": {
		"1": "item/custom/item_magico/animados/cajado/cajado"
	},
	"elements": [
		{
			"from": [0, 0, 7.5],
			"to": [2, 2, 8.5],
			"rotation": {"angle": 0, "axis": "y", "origin": [0, 0, 6.5]},
			"faces": {
				"north": {"uv": [4, 4, 5, 5], "texture": "#1"},
				"east": {"uv": [2.5, 7, 3, 8], "texture": "#1"},
				"south": {"uv": [5, 0, 6, 1], "texture": "#1"},
				"west": {"uv": [7, 7, 7.5, 8], "texture": "#1"},
				"up": {"uv": [8.5, 0.5, 7.5, 0], "texture": "#1"},
				"down": {"uv": [8.5, 0.5, 7.5, 1], "texture": "#1"}
			}
		},
		{
			"from": [0.9999, 0.9999, 7.4999],
			"to": [3.0001, 3.0001, 8.5001],
			"rotation": {"angle": 0, "axis": "y", "origin": [1, 1, 6.5]},
			"faces": {
				"north": {"uv": [5, 1, 6, 2], "texture": "#1"},
				"east": {"uv": [7.5, 1, 8, 2], "texture": "#1"},
				"south": {"uv": [2, 5, 3, 6], "texture": "#1"},
				"west": {"uv": [5, 7.5, 5.5, 8.5], "texture": "#1"},
				"up": {"uv": [8.5, 7.5, 7.5, 7], "texture": "#1"},
				"down": {"uv": [8.5, 7.5, 7.5, 8], "texture": "#1"}
			}
		},
		{
			"from": [2, 2, 7.5],
			"to": [4, 4, 8.5],
			"rotation": {"angle": 0, "axis": "y", "origin": [2, 2, 6.5]},
			"faces": {
				"north": {"uv": [3, 5, 4, 6], "texture": "#1"},
				"east": {"uv": [5.5, 7.5, 6, 8.5], "texture": "#1"},
				"south": {"uv": [4, 5, 5, 6], "texture": "#1"},
				"west": {"uv": [0.5, 8, 1, 9], "texture": "#1"},
				"up": {"uv": [2, 8.5, 1, 8], "texture": "#1"},
				"down": {"uv": [9, 1, 8, 1.5], "texture": "#1"}
			}
		},
		{
			"from": [2.9999, 2.9999, 7.4999],
			"to": [5.0001, 5.0001, 8.5001],
			"rotation": {"angle": 0, "axis": "y", "origin": [3, 3, 6.5]},
			"faces": {
				"north": {"uv": [5, 4, 6, 5], "texture": "#1"},
				"east": {"uv": [8, 1.5, 8.5, 2.5], "texture": "#1"},
				"south": {"uv": [5, 5, 6, 6], "texture": "#1"},
				"west": {"uv": [2, 8, 2.5, 9], "texture": "#1"},
				"up": {"uv": [9, 3, 8, 2.5], "texture": "#1"},
				"down": {"uv": [9, 3, 8, 3.5], "texture": "#1"}
			}
		},
		{
			"from": [4, 4, 7.5],
			"to": [6, 6, 8.5],
			"rotation": {"angle": 0, "axis": "y", "origin": [4, 4, 6.5]},
			"faces": {
				"north": {"uv": [0, 6, 1, 7], "texture": "#1"},
				"east": {"uv": [2.5, 8, 3, 9], "texture": "#1"},
				"south": {"uv": [6, 0, 7, 1], "texture": "#1"},
				"west": {"uv": [8, 3.5, 8.5, 4.5], "texture": "#1"},
				"up": {"uv": [9, 5, 8, 4.5], "texture": "#1"},
				"down": {"uv": [9, 5, 8, 5.5], "texture": "#1"}
			}
		},
		{
			"from": [4.9999, 4.9999, 7.4999],
			"to": [7.0001, 7.0001, 8.5001],
			"rotation": {"angle": 0, "axis": "y", "origin": [5, 5, 6.5]},
			"faces": {
				"north": {"uv": [6, 1, 7, 2], "texture": "#1"},
				"east": {"uv": [8, 5.5, 8.5, 6.5], "texture": "#1"},
				"south": {"uv": [2, 6, 3, 7], "texture": "#1"},
				"west": {"uv": [7, 8, 7.5, 9], "texture": "#1"},
				"up": {"uv": [9, 7, 8, 6.5], "texture": "#1"},
				"down": {"uv": [8.5, 8, 7.5, 8.5], "texture": "#1"}
			}
		},
		{
			"from": [7.9999, 12.9999, 7.4999],
			"to": [12.0001, 14.0001, 8.5001],
			"rotation": {"angle": 0, "axis": "y", "origin": [9, 12, 6.5]},
			"faces": {
				"north": {"uv": [3, 6, 5, 6.5], "texture": "#1"},
				"east": {"uv": [3, 8.5, 3.5, 9], "texture": "#1"},
				"south": {"uv": [6, 4, 8, 4.5], "texture": "#1"},
				"west": {"uv": [3.5, 8.5, 4, 9], "texture": "#1"},
				"up": {"uv": [8, 5, 6, 4.5], "texture": "#1"},
				"down": {"uv": [7, 6, 5, 6.5], "texture": "#1"}
			}
		},
		{
			"from": [12.9999, 7.9999, 7.4999],
			"to": [14.0001, 12.0001, 8.5001],
			"rotation": {"angle": 0, "axis": "y", "origin": [14, 10, 6.5]},
			"faces": {
				"north": {"uv": [3, 6.5, 3.5, 8.5], "texture": "#1"},
				"east": {"uv": [3.5, 6.5, 4, 8.5], "texture": "#1"},
				"south": {"uv": [4, 6.5, 4.5, 8.5], "texture": "#1"},
				"west": {"uv": [4.5, 6.5, 5, 8.5], "texture": "#1"},
				"up": {"uv": [9, 4, 8.5, 3.5], "texture": "#1"},
				"down": {"uv": [4.5, 8.5, 4, 9], "texture": "#1"}
			}
		},
		{
			"from": [10.9999, 5.9999, 7.4999],
			"to": [13.0001, 8.0001, 8.5001],
			"rotation": {"angle": 0, "axis": "y", "origin": [12, 5, 6.5]},
			"faces": {
				"north": {"uv": [6, 5, 7, 6], "texture": "#1"},
				"east": {"uv": [1, 8.5, 1.5, 9.5], "texture": "#1"},
				"south": {"uv": [5, 6.5, 6, 7.5], "texture": "#1"},
				"west": {"uv": [1.5, 8.5, 2, 9.5], "texture": "#1"},
				"up": {"uv": [9.5, 2, 8.5, 1.5], "texture": "#1"},
				"down": {"uv": [9.5, 2, 8.5, 2.5], "texture": "#1"}
			}
		},
		{
			"from": [8.9999, 8.9999, 7.1999],
			"to": [11.0001, 11.0001, 8.8001],
			"rotation": {"angle": 0, "axis": "y", "origin": [10, 8, 6.5]},
			"faces": {
				"north": {"uv": [0.5, 7, 1.5, 8], "texture": "#1"},
				"east": {"uv": [7, 2, 7.75, 3], "texture": "#1"},
				"south": {"uv": [1.5, 7, 2.5, 8], "texture": "#1"},
				"west": {"uv": [7, 3, 7.75, 4], "texture": "#1"},
				"up": {"uv": [8, 5.75, 7, 5], "texture": "#1"},
				"down": {"uv": [8, 6, 7, 6.75], "texture": "#1"}
			}
		},
		{
			"from": [6, 6, 7.5],
			"to": [8, 12, 8.5],
			"rotation": {"angle": 0, "axis": "y", "origin": [6, 6, 6.5]},
			"faces": {
				"north": {"uv": [2, 0, 3, 3], "texture": "#1"},
				"east": {"uv": [1, 4, 1.5, 7], "texture": "#1"},
				"south": {"uv": [3, 0, 4, 3], "texture": "#1"},
				"west": {"uv": [1.5, 4, 2, 7], "texture": "#1"},
				"up": {"uv": [9.5, 0.5, 8.5, 0], "texture": "#1"},
				"down": {"uv": [9.5, 0.5, 8.5, 1], "texture": "#1"}
			}
		},
		{
			"from": [6.9999, 11.9999, 7.4999],
			"to": [13.0001, 13.0001, 8.5001],
			"rotation": {"angle": 0, "axis": "y", "origin": [7, 7, 6.5]},
			"faces": {
				"north": {"uv": [4, 2, 7, 2.5], "texture": "#1"},
				"east": {"uv": [8.5, 4, 9, 4.5], "texture": "#1"},
				"south": {"uv": [4, 2.5, 7, 3], "texture": "#1"},
				"west": {"uv": [4.5, 8.5, 5, 9], "texture": "#1"},
				"up": {"uv": [7, 3.5, 4, 3], "texture": "#1"},
				"down": {"uv": [7, 3.5, 4, 4], "texture": "#1"}
			}
		},
		{
			"from": [11.9999, 7.9999, 7.4999],
			"to": [13.0001, 12.0001, 8.5001],
			"rotation": {"angle": 0, "axis": "y", "origin": [12, 6, 6.5]},
			"faces": {
				"north": {"uv": [6, 6.5, 6.5, 8.5], "texture": "#1"},
				"east": {"uv": [6.5, 6.5, 7, 8.5], "texture": "#1"},
				"south": {"uv": [0, 7, 0.5, 9], "texture": "#1"},
				"west": {"uv": [7, 0, 7.5, 2], "texture": "#1"},
				"up": {"uv": [5.5, 9, 5, 8.5], "texture": "#1"},
				"down": {"uv": [6, 8.5, 5.5, 9], "texture": "#1"}
			}
		},
		{
			"from": [9, 8, 6],
			"to": [11, 12, 10],
			"rotation": {"angle": 0, "axis": "y", "origin": [9, 9, 7]},
			"faces": {
				"north": {"uv": [2, 3, 3, 5], "texture": "#1"},
				"east": {"uv": [0, 0, 2, 2], "texture": "#1"},
				"south": {"uv": [3, 3, 4, 5], "texture": "#1"},
				"west": {"uv": [0, 2, 2, 4], "texture": "#1"},
				"up": {"uv": [1, 6, 0, 4], "texture": "#1"},
				"down": {"uv": [5, 0, 4, 2], "texture": "#1"}
			}
		}
	],
	"display": {
		"thirdperson_righthand": {
			"rotation": [14.31, 90, 12.19],
			"translation": [0, 3.25, 0]
		},
		"thirdperson_lefthand": {
			"rotation": [40.38, -90, 0],
			"translation": [0, 2.5, 0]
		},
		"firstperson_righthand": {
			"rotation": [0, 90, 0],
			"translation": [0, 5, 0]
		},
		"firstperson_lefthand": {
			"rotation": [0, -90, 0],
			"translation": [0, 5, 0]
		},
		"ground": {
			"rotation": [0, 0, -49.75],
			"translation": [3.5, 2, 0.5]
		},
		"gui": {
			"translation": [0.75, 0.75, 0],
			"scale": [1.1, 1.1, 1]
		},
		"head": {
			"rotation": [0, 0, 45],
			"translation": [0.25, 18.75, 0],
			"scale": [1.12109, 1.0957, 1]
		},
		"fixed": {
			"rotation": [-90, 0, 45],
			"translation": [0, 0, -22],
			"scale": [2, 2, 2]
		}
	}
}