{
	"credit": "Made with Blockbench",
	"texture_size": [64, 64],
	"textures": {
		"0": "item/custom/comidas/animados/canecapudim/canecapudim",
		"particle": "item/custom/comidas/animados/canecapudim/canecapudim"
	},
	"elements": [
		{
			"from": [4.5, 0, 4.5],
			"to": [11.5, 0.4, 11.5],
			"rotation": {"angle": 0, "axis": "y", "origin": [7, 0, 7]},
			"faces": {
				"north": {"uv": [7, 3.5, 8.75, 3.625], "texture": "#0"},
				"east": {"uv": [7, 3.75, 8.75, 3.875], "texture": "#0"},
				"south": {"uv": [7, 4, 8.75, 4.125], "texture": "#0"},
				"west": {"uv": [7, 4.25, 8.75, 4.375], "texture": "#0"},
				"up": {"uv": [1.75, 1.75, 0, 0], "texture": "#0"},
				"down": {"uv": [1.75, 1.75, 0, 3.5], "texture": "#0"}
			}
		},
		{
			"from": [4.5, 0.4, 4.5],
			"to": [5.1, 6.8, 11.5],
			"rotation": {"angle": 0, "axis": "y", "origin": [3.1, 0, 7]},
			"faces": {
				"north": {"uv": [2.5, 7, 2.625, 8.625], "texture": "#0"},
				"east": {"uv": [1.75, 0, 3.5, 1.625], "texture": "#0"},
				"south": {"uv": [2.75, 7, 2.875, 8.625], "texture": "#0"},
				"west": {"uv": [1.75, 1.75, 3.5, 3.375], "texture": "#0"},
				"up": {"uv": [2.125, 8.75, 2, 7], "texture": "#0"},
				"down": {"uv": [2.375, 7, 2.25, 8.75], "texture": "#0"}
			}
		},
		{
			"from": [4.499, 0.399, 4.499],
			"to": [11.401, 6.801, 5.001],
			"rotation": {"angle": 0, "axis": "y", "origin": [7, 0, 3]},
			"faces": {
				"north": {"uv": [0, 3.5, 1.625, 5.125], "texture": "#0"},
				"east": {"uv": [7, 4.5, 7.125, 6.125], "texture": "#0"},
				"south": {"uv": [3.5, 0, 5.125, 1.625], "texture": "#0"},
				"west": {"uv": [7, 6.25, 7.125, 7.875], "texture": "#0"},
				"up": {"uv": [8.875, 0.125, 7.25, 0], "texture": "#0"},
				"down": {"uv": [8.875, 0.25, 7.25, 0.375], "texture": "#0"}
			}
		},
		{
			"from": [4.599, 0.399, 10.999],
			"to": [11.401, 6.801, 11.501],
			"rotation": {"angle": 0, "axis": "y", "origin": [7, 0, 11]},
			"faces": {
				"north": {"uv": [3.5, 3.5, 5, 5.125], "texture": "#0"},
				"east": {"uv": [6.5, 7, 6.625, 8.625], "texture": "#0"},
				"south": {"uv": [5, 3.5, 6.5, 5.125], "texture": "#0"},
				"west": {"uv": [6.75, 7, 6.875, 8.625], "texture": "#0"},
				"up": {"uv": [8.75, 2.375, 7.25, 2.25], "texture": "#0"},
				"down": {"uv": [8.75, 2.5, 7.25, 2.625], "texture": "#0"}
			}
		},
		{
			"from": [11, 0.4, 4.6],
			"to": [11.5, 6.8, 11.5],
			"rotation": {"angle": 0, "axis": "y", "origin": [11, 0, 7]},
			"faces": {
				"north": {"uv": [7.25, 0.5, 7.375, 2.125], "texture": "#0"},
				"east": {"uv": [1.75, 3.5, 3.375, 5.125], "texture": "#0"},
				"south": {"uv": [7.25, 4.5, 7.375, 6.125], "texture": "#0"},
				"west": {"uv": [3.5, 1.75, 5.125, 3.375], "texture": "#0"},
				"up": {"uv": [7.375, 7.875, 7.25, 6.25], "texture": "#0"},
				"down": {"uv": [0.625, 7.5, 0.5, 9.125], "texture": "#0"}
			}
		},
		{
			"from": [5, 0.2, 5],
			"to": [11, 6.4, 11],
			"rotation": {"angle": 0, "axis": "y", "origin": [7, 0, 7]},
			"faces": {
				"north": {"uv": [0, 5.25, 1.5, 6.8125], "texture": "#0"},
				"east": {"uv": [5.25, 0, 6.75, 1.5625], "texture": "#0"},
				"south": {"uv": [1.5, 5.25, 3, 6.8125], "texture": "#0"},
				"west": {"uv": [5.25, 1.75, 6.75, 3.3125], "texture": "#0"},
				"up": {"uv": [4.5, 6.75, 3, 5.25], "texture": "#0"},
				"down": {"uv": [6, 5.25, 4.5, 6.75], "texture": "#0"}
			}
		},
		{
			"from": [7, 1, 11.5],
			"to": [9, 1.5, 14.1],
			"rotation": {"angle": 0, "axis": "x", "origin": [7, 2, 13.5]},
			"faces": {
				"north": {"uv": [7.5, 0.75, 8, 0.9375], "rotation": 180, "texture": "#0"},
				"east": {"uv": [7.25, 2.75, 7.875, 2.9375], "rotation": 180, "texture": "#0"},
				"south": {"uv": [0.75, 7.5, 1.25, 7.6875], "rotation": 180, "texture": "#0"},
				"west": {"uv": [7.25, 3, 7.875, 3.1875], "rotation": 180, "texture": "#0"},
				"up": {"uv": [5.5, 6.75, 5, 7.375], "texture": "#0"},
				"down": {"uv": [5, 7.375, 4.5, 6.75], "texture": "#0"}
			}
		},
		{
			"from": [7, 1, 14],
			"to": [9, 6.7, 14.5],
			"rotation": {"angle": 0, "axis": "x", "origin": [7, 6.7, 15.8]},
			"faces": {
				"north": {"uv": [6.5, 3.5, 7, 4.9375], "rotation": 180, "texture": "#0"},
				"east": {"uv": [0, 7, 0.1875, 8.4375], "rotation": 180, "texture": "#0"},
				"south": {"uv": [6, 5.25, 6.5, 6.6875], "rotation": 180, "texture": "#0"},
				"west": {"uv": [0.25, 7, 0.4375, 8.4375], "rotation": 180, "texture": "#0"},
				"up": {"uv": [1.75, 7.5, 1.25, 7.6875], "texture": "#0"},
				"down": {"uv": [8, 1.1875, 7.5, 1], "texture": "#0"}
			}
		},
		{
			"from": [7, 6.2, 11.5],
			"to": [9, 6.7, 14.1],
			"rotation": {"angle": 0, "axis": "x", "origin": [7, 7.4, 13.5]},
			"faces": {
				"north": {"uv": [7.5, 1.5, 8, 1.6875], "rotation": 180, "texture": "#0"},
				"east": {"uv": [7.25, 3.25, 7.875, 3.4375], "rotation": 180, "texture": "#0"},
				"south": {"uv": [7.5, 1.25, 8, 1.4375], "rotation": 180, "texture": "#0"},
				"west": {"uv": [7.5, 0.5, 8.125, 0.6875], "rotation": 180, "texture": "#0"},
				"up": {"uv": [6.5, 6.75, 6, 7.375], "texture": "#0"},
				"down": {"uv": [6, 7.375, 5.5, 6.75], "texture": "#0"}
			}
		},
		{
			"from": [8, 8, 7],
			"to": [11, 12, 11],
			"rotation": {"angle": 0, "axis": "y", "origin": [9, 8, 9]},
			"faces": {
				"north": {"uv": [6.5, 5, 7, 6], "texture": "#0"},
				"east": {"uv": [6.5, 6, 7, 7], "texture": "#0"},
				"south": {"uv": [6.75, 0, 7.25, 1], "texture": "#0"},
				"west": {"uv": [6.75, 1, 7.25, 2], "texture": "#0"},
				"up": {"uv": [7.25, 3.5, 6.75, 3], "texture": "#0"},
				"down": {"uv": [1, 7, 0.5, 7.5], "texture": "#0"}
			}
		},
		{
			"from": [5, 8, 5],
			"to": [8, 12, 9],
			"rotation": {"angle": 0, "axis": "y", "origin": [5, 8, 5]},
			"faces": {
				"north": {"uv": [6.75, 2, 7.25, 3], "texture": "#0"},
				"east": {"uv": [3, 6.75, 3.5, 7.75], "texture": "#0"},
				"south": {"uv": [3.5, 6.75, 4, 7.75], "texture": "#0"},
				"west": {"uv": [4, 6.75, 4.5, 7.75], "texture": "#0"},
				"up": {"uv": [1.5, 7.5, 1, 7], "texture": "#0"},
				"down": {"uv": [2, 7, 1.5, 7.5], "texture": "#0"}
			}
		}
	],
	"display": {
		"thirdperson_righthand": {
			"rotation": [69, 0, 0],
			"translation": [-0.25, 2.5, 2.25],
			"scale": [0.5, 0.5, 0.5]
		},
		"thirdperson_lefthand": {
			"rotation": [69, 0, 0],
			"translation": [-0.25, 2.5, 2.25],
			"scale": [0.5, 0.5, 0.5]
		},
		"firstperson_righthand": {
			"rotation": [0, 16, 0],
			"translation": [0, 7.25, -0.5],
			"scale": [0.7, 0.7, 0.7]
		},
		"firstperson_lefthand": {
			"rotation": [0, 12, 0],
			"translation": [0, 7.25, -0.5],
			"scale": [0.7, 0.7, 0.7]
		},
		"ground": {
			"translation": [0, 3.25, 0],
			"scale": [0.7, 0.7, 0.7]
		},
		"head": {
			"rotation": [0, -55, 0],
			"translation": [0, 12.25, -0.25],
			"scale": [0.7, 0.7, 0.7]
		},
		"fixed": {
			"rotation": [-90, 0, 0],
			"translation": [0, 0, -8]
		}
	}
}