{
	"credit": "Made with Blockbench",
	"texture_size": [64, 64],
	"textures": {
		"0": "item/custom/capacetes/cogumelohelmet",
		"particle": "item/custom/capacetes/cogumelohelmet"
	},
	"elements": [
		{
			"from": [-3, 14, -3],
			"to": [19, 23, 19],
			"rotation": {"angle": 0, "axis": "y", "origin": [7, 14, 7]},
			"faces": {
				"north": {"uv": [5.5, 9, 11, 11.25], "texture": "#0"},
				"east": {"uv": [10, 0, 15.5, 2.25], "texture": "#0"},
				"south": {"uv": [10, 2.25, 15.5, 4.5], "texture": "#0"},
				"west": {"uv": [10, 4.5, 15.5, 6.75], "texture": "#0"},
				"up": {"uv": [5.5, 5.5, 0, 0], "texture": "#0"},
				"down": {"uv": [5.5, 5.5, 0, 11], "texture": "#0"}
			}
		},
		{
			"from": [-1, 23, -1],
			"to": [17, 25, 17],
			"rotation": {"angle": 0, "axis": "y", "origin": [7, 23, 7]},
			"faces": {
				"north": {"uv": [10, 6.75, 14.5, 7.25], "texture": "#0"},
				"east": {"uv": [10, 7.25, 14.5, 7.75], "texture": "#0"},
				"south": {"uv": [10, 7.75, 14.5, 8.25], "texture": "#0"},
				"west": {"uv": [10, 8.25, 14.5, 8.75], "texture": "#0"},
				"up": {"uv": [10, 4.5, 5.5, 0], "texture": "#0"},
				"down": {"uv": [10, 4.5, 5.5, 9], "texture": "#0"}
			}
		}
	],
	"display": {
		"thirdperson_righthand": {
			"translation": [0, -4.5, 0],
			"scale": [0.5, 0.5, 0.5]
		},
		"thirdperson_lefthand": {
			"translation": [0, -4.5, 0],
			"scale": [0.5, 0.5, 0.5]
		},
		"firstperson_righthand": {
			"translation": [0, -3, -5],
			"scale": [0.5, 0.5, 0.5]
		},
		"firstperson_lefthand": {
			"translation": [0, -3, -5],
			"scale": [0.5, 0.5, 0.5]
		},
		"ground": {
			"translation": [0, -2, 0],
			"scale": [0.5, 0.5, 0.5]
		},
		"gui": {
			"rotation": [23.25, 0, 22.5],
			"translation": [2, -5, 0],
			"scale": [0.5, 0.5, 0.5]
		},
		"head": {
			"translation": [0, -2, 0]
		},
		"fixed": {
			"rotation": [-90, 0, 0],
			"translation": [0, 0, 6.25]
		},
		"on_shelf": {
			"scale": [0.5, 0.5, 0.5]
		}
	}
}