{
	"credit": "Made with Blockbench",
	"texture_size": [32, 32],
	"textures": {
		"0": "item/custom/capacetes/nanamiglasses",
		"particle": "item/custom/capacetes/nanamiglasses"
	},
	"elements": [
		{
			"from": [7, 0, 6],
			"to": [9, 2, 8],
			"rotation": {"angle": 0, "axis": "y", "origin": [7, 0, 6]},
			"faces": {
				"north": {"uv": [8, 5, 9, 6], "texture": "#0"},
				"east": {"uv": [6, 8, 7, 9], "texture": "#0"},
				"south": {"uv": [8, 6, 9, 7], "texture": "#0"},
				"west": {"uv": [8.5, 3.5, 9.5, 4.5], "texture": "#0"},
				"up": {"uv": [9.5, 8, 8.5, 7], "texture": "#0"},
				"down": {"uv": [8.5, 8.5, 7.5, 9.5], "texture": "#0"}
			}
		},
		{
			"from": [4.275, 0, 6],
			"to": [7, 2, 8],
			"rotation": {"angle": 22.5, "axis": "y", "origin": [7, 0, 6]},
			"faces": {
				"north": {"uv": [8.5, 8, 9.5, 9], "texture": "#0"},
				"east": {"uv": [0, 9, 1, 10], "texture": "#0"},
				"south": {"uv": [9, 0, 10, 1], "texture": "#0"},
				"west": {"uv": [1, 9, 2, 10], "texture": "#0"},
				"up": {"uv": [10, 2, 9, 1], "texture": "#0"},
				"down": {"uv": [3, 9, 2, 10], "texture": "#0"}
			}
		},
		{
			"from": [9, 0, 6],
			"to": [11.775, 2, 8],
			"rotation": {"angle": -22.5, "axis": "y", "origin": [9, 0, 6]},
			"faces": {
				"north": {"uv": [7.5, 7.5, 8.5, 8.5], "texture": "#0"},
				"east": {"uv": [0, 8, 1, 9], "texture": "#0"},
				"south": {"uv": [8, 0, 9, 1], "texture": "#0"},
				"west": {"uv": [1, 8, 2, 9], "texture": "#0"},
				"up": {"uv": [9, 2, 8, 1], "texture": "#0"},
				"down": {"uv": [6, 8, 5, 9], "texture": "#0"}
			}
		},
		{
			"from": [11.6, -0.85, 7.25],
			"to": [16, 3.6, 8.25],
			"rotation": {"angle": 0, "axis": "x", "origin": [13.6, 0.625, 7.75]},
			"faces": {
				"north": {"uv": [0, 0, 2.25, 2.25], "texture": "#0"},
				"east": {"uv": [7, 5, 7.5, 7.25], "texture": "#0"},
				"south": {"uv": [0, 2.5, 2.25, 4.75], "texture": "#0"},
				"west": {"uv": [7.5, 0, 8, 2.25], "texture": "#0"},
				"up": {"uv": [9.75, 3, 7.5, 2.5], "texture": "#0"},
				"down": {"uv": [9.75, 3, 7.5, 3.5], "texture": "#0"}
			}
		},
		{
			"from": [0.15, -0.85, 7.25],
			"to": [4.225, 3.575, 8.25],
			"rotation": {"angle": 0, "axis": "x", "origin": [2.15, 0.625, 7.75]},
			"faces": {
				"north": {"uv": [2.5, 0, 4.5, 2.25], "texture": "#0"},
				"east": {"uv": [7.5, 5, 8, 7.25], "texture": "#0"},
				"south": {"uv": [2.5, 2.5, 4.5, 4.75], "texture": "#0"},
				"west": {"uv": [7, 7.5, 7.5, 9.75], "texture": "#0"},
				"up": {"uv": [10.5, 10, 8.5, 9.5], "texture": "#0"},
				"down": {"uv": [11.5, 8.5, 9.5, 9], "texture": "#0"}
			}
		},
		{
			"from": [11.6, -1.875, 6.75],
			"to": [15.6, -0.875, 8.75],
			"rotation": {"angle": 0, "axis": "y", "origin": [11.6, -0.875, 6.75]},
			"faces": {
				"north": {"uv": [9.5, 7.5, 11.5, 8], "texture": "#0"},
				"east": {"uv": [11.5, 6.5, 12.5, 7], "texture": "#0"},
				"south": {"uv": [9.5, 8, 11.5, 8.5], "texture": "#0"},
				"west": {"uv": [11.5, 8.5, 12.5, 9], "texture": "#0"},
				"up": {"uv": [8.5, 5, 6.5, 4], "texture": "#0"},
				"down": {"uv": [7, 7, 5, 8], "texture": "#0"}
			}
		},
		{
			"from": [11.6, 3.5, 6.75],
			"to": [15.6, 4.5, 8.75],
			"rotation": {"angle": 0, "axis": "y", "origin": [11.6, 4.5, 6.75]},
			"faces": {
				"north": {"uv": [8, 2, 10, 2.5], "texture": "#0"},
				"east": {"uv": [10, 6.5, 11, 7], "texture": "#0"},
				"south": {"uv": [8.5, 4.5, 10.5, 5], "texture": "#0"},
				"west": {"uv": [10, 7, 11, 7.5], "texture": "#0"},
				"up": {"uv": [6.5, 5, 4.5, 4], "texture": "#0"},
				"down": {"uv": [2, 5, 0, 6], "texture": "#0"}
			}
		},
		{
			"from": [15.85, -0.625, 6.75],
			"to": [16.85, 3.375, 8.75],
			"rotation": {"angle": 0, "axis": "z", "origin": [15.85, -0.625, 6.75]},
			"faces": {
				"north": {"uv": [3, 9, 3.5, 11], "texture": "#0"},
				"east": {"uv": [4.5, 0, 5.5, 2], "texture": "#0"},
				"south": {"uv": [3.5, 9, 4, 11], "texture": "#0"},
				"west": {"uv": [4.5, 2, 5.5, 4], "texture": "#0"},
				"up": {"uv": [10.5, 2, 10, 1], "texture": "#0"},
				"down": {"uv": [2, 10, 1.5, 11], "texture": "#0"}
			}
		},
		{
			"from": [15.85, -0.625, 8.75],
			"to": [16.85, 3.375, 10.75],
			"rotation": {"angle": 0, "axis": "z", "origin": [15.85, -0.625, 8.75]},
			"faces": {
				"north": {"uv": [6.5, 9, 7, 11], "texture": "#0"},
				"east": {"uv": [6, 5, 7, 7], "texture": "#0"},
				"south": {"uv": [9.5, 5.5, 10, 7.5], "texture": "#0"},
				"west": {"uv": [2, 7, 3, 9], "texture": "#0"},
				"up": {"uv": [9, 12, 8.5, 11], "texture": "#0"},
				"down": {"uv": [9.5, 11, 9, 12], "texture": "#0"}
			}
		},
		{
			"from": [10.75, -0.625, 6.75],
			"to": [11.75, 3.375, 8.75],
			"rotation": {"angle": 0, "axis": "z", "origin": [10.75, -0.625, 6.75]},
			"faces": {
				"north": {"uv": [4, 9, 4.5, 11], "texture": "#0"},
				"east": {"uv": [2, 5, 3, 7], "texture": "#0"},
				"south": {"uv": [4.5, 9, 5, 11], "texture": "#0"},
				"west": {"uv": [3, 5, 4, 7], "texture": "#0"},
				"up": {"uv": [11, 1, 10.5, 0], "texture": "#0"},
				"down": {"uv": [1, 10.5, 0.5, 11.5], "texture": "#0"}
			}
		},
		{
			"from": [15.6, -2.875, 6.75],
			"to": [16.6, -1.875, 8.75],
			"rotation": {"angle": 22.5, "axis": "z", "origin": [12.6, -1.875, 6.75]},
			"faces": {
				"north": {"uv": [8, 7, 8.5, 7.5], "texture": "#0"},
				"east": {"uv": [7.5, 3.5, 8.5, 4], "texture": "#0"},
				"south": {"uv": [11.5, 10, 12, 10.5], "texture": "#0"},
				"west": {"uv": [0, 10, 1, 10.5], "texture": "#0"},
				"up": {"uv": [10.5, 1, 10, 0], "texture": "#0"},
				"down": {"uv": [1.5, 10, 1, 11], "texture": "#0"}
			}
		},
		{
			"from": [15.6, -2.875, 7.775],
			"to": [16.6, -1.875, 9.775],
			"rotation": {"angle": 22.5, "axis": "z", "origin": [12.6, -1.875, 7.775]},
			"faces": {
				"north": {"uv": [5, 12, 5.5, 12.5], "texture": "#0"},
				"east": {"uv": [11, 9.5, 12, 10], "texture": "#0"},
				"south": {"uv": [12, 5, 12.5, 5.5], "texture": "#0"},
				"west": {"uv": [11, 10.5, 12, 11], "texture": "#0"},
				"up": {"uv": [11.5, 12, 11, 11], "texture": "#0"},
				"down": {"uv": [0.5, 11.5, 0, 12.5], "texture": "#0"}
			}
		},
		{
			"from": [10.99992, 3.10245, 6.75],
			"to": [11.99992, 4.10245, 8.75],
			"rotation": {"angle": -22.5, "axis": "z", "origin": [11.49992, 3.60245, 7.75]},
			"faces": {
				"north": {"uv": [1.5, 12, 2, 12.5], "texture": "#0"},
				"east": {"uv": [8.5, 10, 9.5, 10.5], "texture": "#0"},
				"south": {"uv": [12, 1.5, 12.5, 2], "texture": "#0"},
				"west": {"uv": [9.5, 10, 10.5, 10.5], "texture": "#0"},
				"up": {"uv": [7.5, 11, 7, 10], "texture": "#0"},
				"down": {"uv": [0.5, 10.5, 0, 11.5], "texture": "#0"}
			}
		},
		{
			"from": [10.99992, -1.42255, 6.75],
			"to": [11.99992, -0.42255, 8.75],
			"rotation": {"angle": -22.5, "axis": "z", "origin": [11.49992, -0.92255, 7.75]},
			"faces": {
				"north": {"uv": [2, 12, 2.5, 12.5], "texture": "#0"},
				"east": {"uv": [10.5, 1, 11.5, 1.5], "texture": "#0"},
				"south": {"uv": [12, 2, 12.5, 2.5], "texture": "#0"},
				"west": {"uv": [10.5, 1.5, 11.5, 2], "texture": "#0"},
				"up": {"uv": [2.5, 11.5, 2, 10.5], "texture": "#0"},
				"down": {"uv": [3, 10.5, 2.5, 11.5], "texture": "#0"}
			}
		},
		{
			"from": [15.525, 1.775, 6.75],
			"to": [16.525, 2.775, 8.75],
			"rotation": {"angle": 22.5, "axis": "z", "origin": [12.525, 2.775, 6.75]},
			"faces": {
				"north": {"uv": [1, 12, 1.5, 12.5], "texture": "#0"},
				"east": {"uv": [2, 10, 3, 10.5], "texture": "#0"},
				"south": {"uv": [12, 1, 12.5, 1.5], "texture": "#0"},
				"west": {"uv": [10, 2, 11, 2.5], "texture": "#0"},
				"up": {"uv": [10.5, 3.5, 10, 2.5], "texture": "#0"},
				"down": {"uv": [10.5, 5.5, 10, 6.5], "texture": "#0"}
			}
		},
		{
			"from": [15.525, 1.775, 8.75],
			"to": [16.525, 2.775, 9.85],
			"rotation": {"angle": 22.5, "axis": "z", "origin": [12.525, 2.775, 7.85]},
			"faces": {
				"north": {"uv": [4.5, 12, 5, 12.5], "texture": "#0"},
				"east": {"uv": [11, 7, 12, 7.5], "texture": "#0"},
				"south": {"uv": [12, 4.5, 12.5, 5], "texture": "#0"},
				"west": {"uv": [11, 9, 12, 9.5], "texture": "#0"},
				"up": {"uv": [10.5, 12, 10, 11], "texture": "#0"},
				"down": {"uv": [11, 11, 10.5, 12], "texture": "#0"}
			}
		},
		{
			"from": [8.92492, -0.34755, 8.125],
			"to": [9.92492, 1.65245, 8.725],
			"rotation": {"angle": -22.5, "axis": "y", "origin": [9.42492, 0.65245, 8.625]},
			"faces": {
				"north": {"uv": [8, 11.5, 8.5, 12.5], "texture": "#0"},
				"east": {"uv": [7, 12, 7.25, 13], "texture": "#0"},
				"south": {"uv": [9.5, 11.5, 10, 12.5], "texture": "#0"},
				"west": {"uv": [12, 7, 12.25, 8], "texture": "#0"},
				"up": {"uv": [12.5, 8.25, 12, 8], "texture": "#0"},
				"down": {"uv": [12.5, 9, 12, 9.25], "texture": "#0"}
			}
		},
		{
			"from": [6.42492, -0.34755, 8.125],
			"to": [7.42492, 1.65245, 8.6],
			"rotation": {"angle": 22.5, "axis": "y", "origin": [6.92492, 0.65245, 8.625]},
			"faces": {
				"north": {"uv": [11.5, 11, 12, 12], "texture": "#0"},
				"east": {"uv": [8.5, 12, 8.75, 13], "texture": "#0"},
				"south": {"uv": [12, 0, 12.5, 1], "texture": "#0"},
				"west": {"uv": [9, 12, 9.25, 13], "texture": "#0"},
				"up": {"uv": [12.5, 9.75, 12, 9.5], "texture": "#0"},
				"down": {"uv": [10.5, 12, 10, 12.25], "texture": "#0"}
			}
		},
		{
			"from": [-0.60008, -1.42255, 6.75],
			"to": [0.39992, -0.42255, 8.75],
			"rotation": {"angle": -22.5, "axis": "z", "origin": [-0.10008, -0.92255, 7.75]},
			"faces": {
				"north": {"uv": [4, 12, 4.5, 12.5], "texture": "#0"},
				"east": {"uv": [11, 5.5, 12, 6], "texture": "#0"},
				"south": {"uv": [12, 4, 12.5, 4.5], "texture": "#0"},
				"west": {"uv": [6, 11, 7, 11.5], "texture": "#0"},
				"up": {"uv": [11.5, 7, 11, 6], "texture": "#0"},
				"down": {"uv": [7.5, 11, 7, 12], "texture": "#0"}
			}
		},
		{
			"from": [-0.60008, -1.42255, 7.75],
			"to": [0.39992, -0.42255, 9.75],
			"rotation": {"angle": -22.5, "axis": "z", "origin": [-0.10008, -0.92255, 8.75]},
			"faces": {
				"north": {"uv": [6, 12, 6.5, 12.5], "texture": "#0"},
				"east": {"uv": [6, 11.5, 7, 12], "texture": "#0"},
				"south": {"uv": [6.5, 12, 7, 12.5], "texture": "#0"},
				"west": {"uv": [11.5, 6, 12.5, 6.5], "texture": "#0"},
				"up": {"uv": [8, 12.5, 7.5, 11.5], "texture": "#0"},
				"down": {"uv": [12, 7.5, 11.5, 8.5], "texture": "#0"}
			}
		},
		{
			"from": [-0.85, -0.625, 6.75],
			"to": [0.15, 3.375, 8.75],
			"rotation": {"angle": 0, "axis": "z", "origin": [-0.85, -0.625, 6.75]},
			"faces": {
				"north": {"uv": [5.5, 9, 6, 11], "texture": "#0"},
				"east": {"uv": [0, 6, 1, 8], "texture": "#0"},
				"south": {"uv": [6, 9, 6.5, 11], "texture": "#0"},
				"west": {"uv": [1, 6, 2, 8], "texture": "#0"},
				"up": {"uv": [5.5, 12, 5, 11], "texture": "#0"},
				"down": {"uv": [6, 11, 5.5, 12], "texture": "#0"}
			}
		},
		{
			"from": [-0.85, -0.625, 8.75],
			"to": [0.15, 3.375, 10.75],
			"rotation": {"angle": 0, "axis": "z", "origin": [-0.85, -0.625, 8.75]},
			"faces": {
				"north": {"uv": [7.5, 9.5, 8, 11.5], "texture": "#0"},
				"east": {"uv": [3, 7, 4, 9], "texture": "#0"},
				"south": {"uv": [8, 9.5, 8.5, 11.5], "texture": "#0"},
				"west": {"uv": [4, 7, 5, 9], "texture": "#0"},
				"up": {"uv": [1, 12.5, 0.5, 11.5], "texture": "#0"},
				"down": {"uv": [12, 1, 11.5, 2], "texture": "#0"}
			}
		},
		{
			"from": [-0.60008, 3.10245, 6.75],
			"to": [0.39992, 4.10245, 8.75],
			"rotation": {"angle": -22.5, "axis": "z", "origin": [-0.10008, 3.60245, 7.75]},
			"faces": {
				"north": {"uv": [3.5, 12, 4, 12.5], "texture": "#0"},
				"east": {"uv": [3, 11, 4, 11.5], "texture": "#0"},
				"south": {"uv": [12, 3.5, 12.5, 4], "texture": "#0"},
				"west": {"uv": [11, 3, 12, 3.5], "texture": "#0"},
				"up": {"uv": [4.5, 12, 4, 11], "texture": "#0"},
				"down": {"uv": [5, 11, 4.5, 12], "texture": "#0"}
			}
		},
		{
			"from": [-0.60008, 3.10245, 8.775],
			"to": [0.39992, 4.10245, 9.55],
			"rotation": {"angle": -22.5, "axis": "z", "origin": [-0.10008, 3.60245, 8.55]},
			"faces": {
				"north": {"uv": [5.5, 12, 6, 12.5], "texture": "#0"},
				"east": {"uv": [2, 11.5, 3, 12], "texture": "#0"},
				"south": {"uv": [12, 5.5, 12.5, 6], "texture": "#0"},
				"west": {"uv": [3, 11.5, 4, 12], "texture": "#0"},
				"up": {"uv": [12, 4.5, 11.5, 3.5], "texture": "#0"},
				"down": {"uv": [12, 4.5, 11.5, 5.5], "texture": "#0"}
			}
		},
		{
			"from": [0, 3.5, 6.75],
			"to": [4, 4.5, 8.75],
			"rotation": {"angle": 0, "axis": "z", "origin": [0, 4.5, 6.75]},
			"faces": {
				"north": {"uv": [9.5, 4, 11.5, 4.5], "texture": "#0"},
				"east": {"uv": [11, 2, 12, 2.5], "texture": "#0"},
				"south": {"uv": [9.5, 5, 11.5, 5.5], "texture": "#0"},
				"west": {"uv": [11, 2.5, 12, 3], "texture": "#0"},
				"up": {"uv": [7.5, 3, 5.5, 2], "texture": "#0"},
				"down": {"uv": [7.5, 3, 5.5, 4], "texture": "#0"}
			}
		},
		{
			"from": [3.925, 1.775, 6.75],
			"to": [4.925, 2.775, 8.75],
			"rotation": {"angle": 22.5, "axis": "z", "origin": [0.925, 2.775, 6.75]},
			"faces": {
				"north": {"uv": [3, 12, 3.5, 12.5], "texture": "#0"},
				"east": {"uv": [11, 0, 12, 0.5], "texture": "#0"},
				"south": {"uv": [12, 3, 12.5, 3.5], "texture": "#0"},
				"west": {"uv": [11, 0.5, 12, 1], "texture": "#0"},
				"up": {"uv": [1.5, 12, 1, 11], "texture": "#0"},
				"down": {"uv": [2, 11, 1.5, 12], "texture": "#0"}
			}
		},
		{
			"from": [0, -1.875, 6.75],
			"to": [4, -0.875, 8.75],
			"rotation": {"angle": 0, "axis": "y", "origin": [0, -0.875, 6.75]},
			"faces": {
				"north": {"uv": [8.5, 9, 10.5, 9.5], "texture": "#0"},
				"east": {"uv": [10, 10.5, 11, 11], "texture": "#0"},
				"south": {"uv": [9.5, 3.5, 11.5, 4], "texture": "#0"},
				"west": {"uv": [10.5, 10, 11.5, 10.5], "texture": "#0"},
				"up": {"uv": [7.5, 1, 5.5, 0], "texture": "#0"},
				"down": {"uv": [7.5, 1, 5.5, 2], "texture": "#0"}
			}
		},
		{
			"from": [4, -2.875, 6.75],
			"to": [5, -1.875, 8.75],
			"rotation": {"angle": 22.5, "axis": "z", "origin": [1, -1.875, 6.75]},
			"faces": {
				"north": {"uv": [2.5, 12, 3, 12.5], "texture": "#0"},
				"east": {"uv": [10.5, 4.5, 11.5, 5], "texture": "#0"},
				"south": {"uv": [12, 2.5, 12.5, 3], "texture": "#0"},
				"west": {"uv": [8.5, 10.5, 9.5, 11], "texture": "#0"},
				"up": {"uv": [11, 10, 10.5, 9], "texture": "#0"},
				"down": {"uv": [10, 10.5, 9.5, 11.5], "texture": "#0"}
			}
		},
		{
			"from": [4.25, -0.625, 6.75],
			"to": [5.25, 3.375, 8.75],
			"rotation": {"angle": 0, "axis": "z", "origin": [4.25, -0.625, 6.75]},
			"faces": {
				"north": {"uv": [5, 9, 5.5, 11], "texture": "#0"},
				"east": {"uv": [4, 5, 5, 7], "texture": "#0"},
				"south": {"uv": [9, 5, 9.5, 7], "texture": "#0"},
				"west": {"uv": [5, 5, 6, 7], "texture": "#0"},
				"up": {"uv": [11, 3.5, 10.5, 2.5], "texture": "#0"},
				"down": {"uv": [11, 5.5, 10.5, 6.5], "texture": "#0"}
			}
		}
	],
	"display": {
		"thirdperson_righthand": {
			"translation": [0, 1.75, 0],
			"scale": [0.3, 0.3, 0.3]
		},
		"thirdperson_lefthand": {
			"translation": [0, 2, 0],
			"scale": [0.3, 0.3, 0.3]
		},
		"firstperson_righthand": {
			"rotation": [0, -1, 0],
			"translation": [0, 7.25, 0]
		},
		"ground": {
			"translation": [0, 7.25, 0]
		},
		"gui": {
			"translation": [0, 5.25, 0]
		},
		"head": {
			"translation": [0, 0.5, -7.25],
			"scale": [0.6, 0.6, 0.6]
		},
		"fixed": {
			"translation": [0, 6.75, 0]
		}
	}
}