{
	"credit": "Made with Blockbench",
	"texture_size": [32, 32],
	"textures": {
		"0": "item/custom/picaretas/animados/martelonokia/martelonokia",
		"particle": "item/custom/picaretas/animados/martelonokia/martelonokia"
	},
	"elements": [
		{
			"from": [7.5, 0, 7.5],
			"to": [8.5, 16, 8.5],
			"rotation": {"angle": 0, "axis": "y", "origin": [8, 1, 8]},
			"faces": {
				"north": {"uv": [3, 3, 3.5, 11], "texture": "#0"},
				"east": {"uv": [3.5, 3, 4, 11], "texture": "#0"},
				"south": {"uv": [0, 4, 0.5, 12], "texture": "#0"},
				"west": {"uv": [0.5, 4, 1, 12], "texture": "#0"},
				"up": {"uv": [6.5, 8, 6, 7.5], "texture": "#0"},
				"down": {"uv": [7, 7.5, 6.5, 8], "texture": "#0"}
			}
		},
		{
			"from": [7.3, -0.2, 7.3],
			"to": [8.7, 1, 8.7],
			"rotation": {"angle": 0, "axis": "y", "origin": [8, 1, 8]},
			"faces": {
				"north": {"uv": [7, 6.5, 7.75, 7.125], "texture": "#0"},
				"east": {"uv": [1, 7.5, 1.75, 8.125], "texture": "#0"},
				"south": {"uv": [7.5, 1, 8.25, 1.625], "texture": "#0"},
				"west": {"uv": [7.5, 2, 8.25, 2.625], "texture": "#0"},
				"up": {"uv": [7.75, 4.75, 7, 4], "texture": "#0"},
				"down": {"uv": [7.75, 5, 7, 5.75], "texture": "#0"}
			}
		},
		{
			"from": [4.7, 16, 7],
			"to": [10.5, 19, 9],
			"rotation": {"angle": 0, "axis": "y", "origin": [8, 9, 8]},
			"faces": {
				"north": {"uv": [3, 0, 5.875, 1.5], "texture": "#0"},
				"east": {"uv": [1, 6, 2, 7.5], "texture": "#0"},
				"south": {"uv": [3, 1.5, 5.875, 3], "texture": "#0"},
				"west": {"uv": [6, 1, 7, 2.5], "texture": "#0"},
				"up": {"uv": [6.875, 4, 4, 3], "texture": "#0"},
				"down": {"uv": [6.875, 4, 4, 5], "texture": "#0"}
			}
		},
		{
			"from": [4.6, 15.925, 7.1],
			"to": [10.6, 19.075, 8.9],
			"rotation": {"angle": 0, "axis": "y", "origin": [8, 9, 8]},
			"faces": {
				"north": {"uv": [0, 0, 3, 1.625], "texture": "#0"},
				"east": {"uv": [2, 6, 2.875, 7.625], "texture": "#0"},
				"south": {"uv": [0, 2, 3, 3.625], "texture": "#0"},
				"west": {"uv": [4, 6, 4.875, 7.625], "texture": "#0"},
				"up": {"uv": [7, 5.875, 4, 5], "texture": "#0"},
				"down": {"uv": [9, 0, 6, 0.875], "texture": "#0"}
			}
		},
		{
			"from": [4.8, 16.05, 8],
			"to": [8.1, 16.3, 9.1],
			"rotation": {"angle": 0, "axis": "y", "origin": [8, 9, 8]},
			"faces": {
				"north": {"uv": [7, 7.5, 8.625, 7.625], "texture": "#0"},
				"east": {"uv": [6.5, 8, 7.5, 8.125], "texture": "#0"},
				"south": {"uv": [8, 4, 9.625, 4.125], "texture": "#0"},
				"west": {"uv": [8, 7, 9, 7.125], "texture": "#0"},
				"up": {"uv": [2.625, 5, 1, 4], "texture": "#0"},
				"down": {"uv": [2.625, 5, 1, 6], "texture": "#0"}
			}
		},
		{
			"from": [7.99208, 18.42921, 8.4994],
			"to": [8.24328, 18.73041, 9.1006],
			"rotation": {"angle": 45, "axis": "z", "origin": [8.11768, 18.57981, 8.05]},
			"faces": {
				"north": {"uv": [9.5, 8.5, 9.625, 8.625], "texture": "#0"},
				"east": {"uv": [9, 9.5, 9.125, 9.625], "texture": "#0"},
				"south": {"uv": [9.5, 9, 9.625, 9.125], "texture": "#0"},
				"west": {"uv": [9.5, 9.5, 9.625, 9.625], "texture": "#0"},
				"up": {"uv": [10.125, 0.125, 10, 0], "texture": "#0"},
				"down": {"uv": [10.125, 0.5, 10, 0.625], "texture": "#0"}
			}
		},
		{
			"from": [4.8, 18.52426, 8.6],
			"to": [8.1, 18.77426, 9.1],
			"rotation": {"angle": 0, "axis": "y", "origin": [8, 25.82426, 8]},
			"faces": {
				"north": {"uv": [8, 4.5, 9.625, 4.625], "texture": "#0"},
				"east": {"uv": [1.5, 8.5, 1.75, 8.625], "texture": "#0"},
				"south": {"uv": [8, 5, 9.625, 5.125], "texture": "#0"},
				"west": {"uv": [8.5, 1.5, 8.75, 1.625], "texture": "#0"},
				"up": {"uv": [9.125, 3.25, 7.5, 3], "texture": "#0"},
				"down": {"uv": [9.125, 3.5, 7.5, 3.75], "texture": "#0"}
			}
		},
		{
			"from": [4.8, 16.29926, 8.6],
			"to": [5.1, 18.52426, 9.1],
			"rotation": {"angle": 0, "axis": "y", "origin": [8, 25.82426, 8]},
			"faces": {
				"north": {"uv": [8, 5.5, 8.125, 6.625], "texture": "#0"},
				"east": {"uv": [5, 7.5, 5.25, 8.625], "texture": "#0"},
				"south": {"uv": [6, 8, 6.125, 9.125], "texture": "#0"},
				"west": {"uv": [5.5, 7.5, 5.75, 8.625], "texture": "#0"},
				"up": {"uv": [8.625, 2.25, 8.5, 2], "texture": "#0"},
				"down": {"uv": [8.625, 2.5, 8.5, 2.75], "texture": "#0"}
			}
		},
		{
			"from": [5.2, 17.34926, 8.6],
			"to": [5.5, 17.47426, 9.05],
			"rotation": {"angle": 0, "axis": "y", "origin": [8.4, 25.82426, 8]},
			"faces": {
				"north": {"uv": [8, 10, 8.125, 10.125], "texture": "#0"},
				"east": {"uv": [9.5, 5.5, 9.75, 5.625], "texture": "#0"},
				"south": {"uv": [10, 8, 10.125, 8.125], "texture": "#0"},
				"west": {"uv": [6, 9.5, 6.25, 9.625], "texture": "#0"},
				"up": {"uv": [9.625, 6.25, 9.5, 6], "texture": "#0"},
				"down": {"uv": [6.625, 9.5, 6.5, 9.75], "texture": "#0"}
			}
		},
		{
			"from": [7.99218, 16.09395, 8.7495],
			"to": [8.24318, 16.39495, 9.1005],
			"rotation": {"angle": -45, "axis": "z", "origin": [8.11768, 16.24445, 8.05]},
			"faces": {
				"north": {"uv": [9.5, 6.5, 9.625, 6.625], "texture": "#0"},
				"east": {"uv": [7, 9.5, 7.125, 9.625], "texture": "#0"},
				"south": {"uv": [9.5, 7, 9.625, 7.125], "texture": "#0"},
				"west": {"uv": [7.5, 9.5, 7.625, 9.625], "texture": "#0"},
				"up": {"uv": [9.625, 7.625, 9.5, 7.5], "texture": "#0"},
				"down": {"uv": [8.125, 9.5, 8, 9.625], "texture": "#0"}
			}
		},
		{
			"from": [8.06213, 16.26213, 8.5],
			"to": [8.31213, 18.56213, 9.1],
			"rotation": {"angle": 0, "axis": "z", "origin": [8.18713, 16.41213, 8.05]},
			"faces": {
				"north": {"uv": [2, 8, 2.125, 9.125], "texture": "#0"},
				"east": {"uv": [2.5, 8, 2.625, 9.125], "texture": "#0"},
				"south": {"uv": [4, 8, 4.125, 9.125], "texture": "#0"},
				"west": {"uv": [4.5, 8, 4.625, 9.125], "texture": "#0"},
				"up": {"uv": [9.625, 8.125, 9.5, 8], "texture": "#0"},
				"down": {"uv": [8.625, 9.5, 8.5, 9.625], "texture": "#0"}
			}
		},
		{
			"from": [7.86213, 17.06213, 9],
			"to": [8.11213, 17.76213, 9.05],
			"rotation": {"angle": 0, "axis": "y", "origin": [8.18713, 16.41213, 8.05]},
			"faces": {
				"north": {"uv": [7.5, 8, 7.625, 8.375], "texture": "#0"},
				"east": {"uv": [8, 8, 8.125, 8.375], "texture": "#0"},
				"south": {"uv": [1, 8.5, 1.125, 8.875], "texture": "#0"},
				"west": {"uv": [8.5, 1, 8.625, 1.375], "texture": "#0"},
				"up": {"uv": [7.625, 10.125, 7.5, 10], "texture": "#0"},
				"down": {"uv": [10.125, 7.5, 10, 7.625], "texture": "#0"}
			}
		},
		{
			"from": [9.06213, 16.46213, 9],
			"to": [9.31213, 16.86213, 9.1],
			"rotation": {"angle": 0, "axis": "y", "origin": [9.18713, 16.61213, 8.05]},
			"faces": {
				"north": {"uv": [8.5, 5.5, 8.625, 5.75], "texture": "#0"},
				"east": {"uv": [8.5, 6, 8.625, 6.25], "texture": "#0"},
				"south": {"uv": [6.5, 8.5, 6.625, 8.75], "texture": "#0"},
				"west": {"uv": [8.5, 6.5, 8.625, 6.75], "texture": "#0"},
				"up": {"uv": [1.125, 10.125, 1, 10], "texture": "#0"},
				"down": {"uv": [10.125, 1, 10, 1.125], "texture": "#0"}
			}
		},
		{
			"from": [8.56213, 17.96213, 9],
			"to": [8.81213, 18.36213, 9.1],
			"rotation": {"angle": 0, "axis": "y", "origin": [8.68713, 18.11213, 8.05]},
			"faces": {
				"north": {"uv": [4, 9.5, 4.125, 9.75], "texture": "#0"},
				"east": {"uv": [4.5, 9.5, 4.625, 9.75], "texture": "#0"},
				"south": {"uv": [5, 9.5, 5.125, 9.75], "texture": "#0"},
				"west": {"uv": [5.5, 9.5, 5.625, 9.75], "texture": "#0"},
				"up": {"uv": [7.125, 10.125, 7, 10], "texture": "#0"},
				"down": {"uv": [10.125, 7, 10, 7.125], "texture": "#0"}
			}
		},
		{
			"from": [8.56213, 17.16213, 9],
			"to": [8.81213, 17.56213, 9.1],
			"rotation": {"angle": 0, "axis": "y", "origin": [8.68713, 17.31213, 8.05]},
			"faces": {
				"north": {"uv": [2.5, 9.5, 2.625, 9.75], "texture": "#0"},
				"east": {"uv": [9.5, 2.5, 9.625, 2.75], "texture": "#0"},
				"south": {"uv": [9.5, 3, 9.625, 3.25], "texture": "#0"},
				"west": {"uv": [9.5, 3.5, 9.625, 3.75], "texture": "#0"},
				"up": {"uv": [6.625, 10.125, 6.5, 10], "texture": "#0"},
				"down": {"uv": [10.125, 6.5, 10, 6.625], "texture": "#0"}
			}
		},
		{
			"from": [8.56213, 16.46213, 9],
			"to": [8.81213, 16.86213, 9.1],
			"rotation": {"angle": 0, "axis": "y", "origin": [8.68713, 16.61213, 8.05]},
			"faces": {
				"north": {"uv": [1.5, 9.5, 1.625, 9.75], "texture": "#0"},
				"east": {"uv": [9.5, 1.5, 9.625, 1.75], "texture": "#0"},
				"south": {"uv": [2, 9.5, 2.125, 9.75], "texture": "#0"},
				"west": {"uv": [9.5, 2, 9.625, 2.25], "texture": "#0"},
				"up": {"uv": [6.125, 10.125, 6, 10], "texture": "#0"},
				"down": {"uv": [10.125, 6, 10, 6.125], "texture": "#0"}
			}
		},
		{
			"from": [9.56213, 16.46213, 9],
			"to": [9.81213, 16.86213, 9.1],
			"rotation": {"angle": 0, "axis": "y", "origin": [9.68713, 16.61213, 8.05]},
			"faces": {
				"north": {"uv": [7, 8.5, 7.125, 8.75], "texture": "#0"},
				"east": {"uv": [7.5, 8.5, 7.625, 8.75], "texture": "#0"},
				"south": {"uv": [8, 8.5, 8.125, 8.75], "texture": "#0"},
				"west": {"uv": [8.5, 8, 8.625, 8.25], "texture": "#0"},
				"up": {"uv": [1.625, 10.125, 1.5, 10], "texture": "#0"},
				"down": {"uv": [10.125, 1.5, 10, 1.625], "texture": "#0"}
			}
		},
		{
			"from": [10.06213, 16.46213, 9],
			"to": [10.31213, 16.86213, 9.1],
			"rotation": {"angle": 0, "axis": "y", "origin": [10.18713, 16.61213, 8.05]},
			"faces": {
				"north": {"uv": [8.5, 8.5, 8.625, 8.75], "texture": "#0"},
				"east": {"uv": [9, 0, 9.125, 0.25], "texture": "#0"},
				"south": {"uv": [9, 0.5, 9.125, 0.75], "texture": "#0"},
				"west": {"uv": [1, 9, 1.125, 9.25], "texture": "#0"},
				"up": {"uv": [2.125, 10.125, 2, 10], "texture": "#0"},
				"down": {"uv": [10.125, 2, 10, 2.125], "texture": "#0"}
			}
		},
		{
			"from": [9.06213, 17.16213, 9],
			"to": [9.31213, 17.56213, 9.1],
			"rotation": {"angle": 0, "axis": "y", "origin": [9.18713, 17.31213, 8.05]},
			"faces": {
				"north": {"uv": [9, 6, 9.125, 6.25], "texture": "#0"},
				"east": {"uv": [6.5, 9, 6.625, 9.25], "texture": "#0"},
				"south": {"uv": [9, 6.5, 9.125, 6.75], "texture": "#0"},
				"west": {"uv": [7, 9, 7.125, 9.25], "texture": "#0"},
				"up": {"uv": [4.125, 10.125, 4, 10], "texture": "#0"},
				"down": {"uv": [10.125, 4, 10, 4.125], "texture": "#0"}
			}
		},
		{
			"from": [9.56213, 17.16213, 9],
			"to": [9.81213, 17.56213, 9.1],
			"rotation": {"angle": 0, "axis": "y", "origin": [9.68713, 17.31213, 8.05]},
			"faces": {
				"north": {"uv": [9, 2.5, 9.125, 2.75], "texture": "#0"},
				"east": {"uv": [5, 9, 5.125, 9.25], "texture": "#0"},
				"south": {"uv": [5.5, 9, 5.625, 9.25], "texture": "#0"},
				"west": {"uv": [9, 5.5, 9.125, 5.75], "texture": "#0"},
				"up": {"uv": [10.125, 3.125, 10, 3], "texture": "#0"},
				"down": {"uv": [10.125, 3.5, 10, 3.625], "texture": "#0"}
			}
		},
		{
			"from": [10.06213, 17.16213, 9],
			"to": [10.31213, 17.56213, 9.1],
			"rotation": {"angle": 0, "axis": "y", "origin": [10.18713, 17.31213, 8.05]},
			"faces": {
				"north": {"uv": [9, 1, 9.125, 1.25], "texture": "#0"},
				"east": {"uv": [1.5, 9, 1.625, 9.25], "texture": "#0"},
				"south": {"uv": [9, 1.5, 9.125, 1.75], "texture": "#0"},
				"west": {"uv": [9, 2, 9.125, 2.25], "texture": "#0"},
				"up": {"uv": [2.625, 10.125, 2.5, 10], "texture": "#0"},
				"down": {"uv": [10.125, 2.5, 10, 2.625], "texture": "#0"}
			}
		},
		{
			"from": [9.06213, 17.96213, 9],
			"to": [9.31213, 18.36213, 9.1],
			"rotation": {"angle": 0, "axis": "y", "origin": [9.18713, 18.11213, 8.05]},
			"faces": {
				"north": {"uv": [9.5, 0, 9.625, 0.25], "texture": "#0"},
				"east": {"uv": [9.5, 0.5, 9.625, 0.75], "texture": "#0"},
				"south": {"uv": [1, 9.5, 1.125, 9.75], "texture": "#0"},
				"west": {"uv": [9.5, 1, 9.625, 1.25], "texture": "#0"},
				"up": {"uv": [5.625, 10.125, 5.5, 10], "texture": "#0"},
				"down": {"uv": [10.125, 5.5, 10, 5.625], "texture": "#0"}
			}
		},
		{
			"from": [9.56213, 17.96213, 9],
			"to": [9.81213, 18.36213, 9.1],
			"rotation": {"angle": 0, "axis": "y", "origin": [9.68713, 18.11213, 8.05]},
			"faces": {
				"north": {"uv": [9, 8, 9.125, 8.25], "texture": "#0"},
				"east": {"uv": [8.5, 9, 8.625, 9.25], "texture": "#0"},
				"south": {"uv": [9, 8.5, 9.125, 8.75], "texture": "#0"},
				"west": {"uv": [9, 9, 9.125, 9.25], "texture": "#0"},
				"up": {"uv": [5.125, 10.125, 5, 10], "texture": "#0"},
				"down": {"uv": [10.125, 5, 10, 5.125], "texture": "#0"}
			}
		},
		{
			"from": [10.06213, 17.96213, 9],
			"to": [10.31213, 18.36213, 9.1],
			"rotation": {"angle": 0, "axis": "y", "origin": [10.18713, 18.11213, 8.05]},
			"faces": {
				"north": {"uv": [9, 7, 9.125, 7.25], "texture": "#0"},
				"east": {"uv": [7.5, 9, 7.625, 9.25], "texture": "#0"},
				"south": {"uv": [9, 7.5, 9.125, 7.75], "texture": "#0"},
				"west": {"uv": [8, 9, 8.125, 9.25], "texture": "#0"},
				"up": {"uv": [4.625, 10.125, 4.5, 10], "texture": "#0"},
				"down": {"uv": [10.125, 4.5, 10, 4.625], "texture": "#0"}
			}
		},
		{
			"from": [5.8, 16.3, 8],
			"to": [7.7, 18.7, 9.05],
			"rotation": {"angle": 0, "axis": "y", "origin": [8.6, 9, 8]},
			"faces": {
				"north": {"uv": [5, 6, 6, 7.25], "texture": "#0"},
				"east": {"uv": [7, 1, 7.5, 2.25], "texture": "#0"},
				"south": {"uv": [6, 6, 7, 7.25], "texture": "#0"},
				"west": {"uv": [7, 2.5, 7.5, 3.75], "texture": "#0"},
				"up": {"uv": [7, 3, 6, 2.5], "texture": "#0"},
				"down": {"uv": [8, 6, 7, 6.5], "texture": "#0"}
			}
		}
	],
	"display": {
		"thirdperson_righthand": {
			"rotation": [0, -90, 0],
			"translation": [-0.75, 0, 1]
		},
		"thirdperson_lefthand": {
			"rotation": [0, -90, 0],
			"translation": [-0.75, 0, 1]
		},
		"firstperson_righthand": {
			"rotation": [-19.75, -90, 0]
		},
		"firstperson_lefthand": {
			"rotation": [-19.75, -90, 0]
		},
		"ground": {
			"translation": [0, 7.5, 0]
		},
		"gui": {
			"rotation": [0, 0, -51]
		},
		"head": {
			"rotation": [0, -180, -84.25],
			"translation": [8.5, 9, 0]
		},
		"fixed": {
			"rotation": [90, 90, 0],
			"translation": [0, 0, -10]
		}
	}
}