{
	"credit": "Made with Blockbench",
	"texture_size": [32, 32],
	"textures": {
		"0": "item/custom/picaretas/picaretapudim",
		"particle": "item/custom/picaretas/picaretapudim"
	},
	"elements": [
		{
			"from": [7.5, -0.9, 7.5],
			"to": [8.5, 7, 8.5],
			"rotation": {"angle": 0, "axis": "x", "origin": [8, 3.55, 8]},
			"faces": {
				"north": {"uv": [4.5, 7, 5, 11], "texture": "#0"},
				"east": {"uv": [5, 7, 5.5, 11], "texture": "#0"},
				"south": {"uv": [5.5, 7, 6, 11], "texture": "#0"},
				"west": {"uv": [6, 7.5, 6.5, 11.5], "texture": "#0"},
				"up": {"uv": [9, 10, 8.5, 9.5], "texture": "#0"},
				"down": {"uv": [12, 5.5, 11.5, 6], "texture": "#0"}
			}
		},
		{
			"from": [5.5, 5.8, 5.5],
			"to": [10.5, 6.7, 10.5],
			"rotation": {"angle": -22.5, "axis": "y", "origin": [8, 6.25, 8]},
			"faces": {
				"north": {"uv": [7, 3, 9.5, 3.5], "texture": "#0"},
				"east": {"uv": [7, 3.5, 9.5, 4], "texture": "#0"},
				"south": {"uv": [7.5, 6, 10, 6.5], "texture": "#0"},
				"west": {"uv": [6.5, 7.5, 9, 8], "texture": "#0"},
				"up": {"uv": [2.5, 2.5, 0, 0], "texture": "#0"},
				"down": {"uv": [2.5, 2.5, 0, 5], "texture": "#0"}
			}
		},
		{
			"from": [5.5, 0.1, 5.5],
			"to": [10.5, 1, 10.5],
			"rotation": {"angle": -22.5, "axis": "y", "origin": [8, 0.55, 8]},
			"faces": {
				"north": {"uv": [7.5, 6.5, 10, 7], "texture": "#0"},
				"east": {"uv": [7.5, 7, 10, 7.5], "texture": "#0"},
				"south": {"uv": [8, 4, 10.5, 4.5], "texture": "#0"},
				"west": {"uv": [8, 4.5, 10.5, 5], "texture": "#0"},
				"up": {"uv": [5, 2.5, 2.5, 0], "texture": "#0"},
				"down": {"uv": [5, 2.5, 2.5, 5], "texture": "#0"}
			}
		},
		{
			"from": [7.7, 12.6, 7.7],
			"to": [8.3, 17, 8.3],
			"rotation": {"angle": 0, "axis": "y", "origin": [8.3, 13.8, 8.2]},
			"faces": {
				"north": {"uv": [3, 9.5, 3.25, 11.75], "texture": "#0"},
				"east": {"uv": [3.5, 9.5, 3.75, 11.75], "texture": "#0"},
				"south": {"uv": [4, 9.5, 4.25, 11.75], "texture": "#0"},
				"west": {"uv": [8, 9.5, 8.25, 11.75], "texture": "#0"},
				"up": {"uv": [9.25, 13.75, 9, 13.5], "texture": "#0"},
				"down": {"uv": [13.75, 9, 13.5, 9.25], "texture": "#0"}
			}
		},
		{
			"from": [6, 7, 6],
			"to": [10, 7.5, 10],
			"rotation": {"angle": 22.5, "axis": "y", "origin": [8, 7.5, 8]},
			"faces": {
				"north": {"uv": [10, 1.5, 12, 1.75], "texture": "#0"},
				"east": {"uv": [10, 2, 12, 2.25], "texture": "#0"},
				"south": {"uv": [10, 6, 12, 6.25], "texture": "#0"},
				"west": {"uv": [10, 6.5, 12, 6.75], "texture": "#0"},
				"up": {"uv": [2, 7, 0, 5], "texture": "#0"},
				"down": {"uv": [7, 0, 5, 2], "texture": "#0"}
			}
		},
		{
			"from": [6.1, 6.8, 6.1],
			"to": [9.9, 7.4, 9.9],
			"rotation": {"angle": 22.5, "axis": "y", "origin": [8, 7.4, 8]},
			"faces": {
				"north": {"uv": [10, 9.5, 11.875, 9.75], "texture": "#0"},
				"east": {"uv": [10.5, 1, 12.375, 1.25], "texture": "#0"},
				"south": {"uv": [10.5, 2.5, 12.375, 2.75], "texture": "#0"},
				"west": {"uv": [10.5, 3, 12.375, 3.25], "texture": "#0"},
				"up": {"uv": [3.875, 6.875, 2, 5], "texture": "#0"},
				"down": {"uv": [6.875, 2, 5, 3.875], "texture": "#0"}
			}
		},
		{
			"from": [9.5, 7.5, 6],
			"to": [10, 7.9, 10],
			"rotation": {"angle": 22.5, "axis": "y", "origin": [8, 8, 8]},
			"faces": {
				"north": {"uv": [13.5, 0.5, 13.75, 0.75], "texture": "#0"},
				"east": {"uv": [10, 7, 12, 7.25], "texture": "#0"},
				"south": {"uv": [1, 13.5, 1.25, 13.75], "texture": "#0"},
				"west": {"uv": [8.5, 10, 10.5, 10.25], "texture": "#0"},
				"up": {"uv": [0.25, 12, 0, 10], "texture": "#0"},
				"down": {"uv": [0.75, 10, 0.5, 12], "texture": "#0"}
			}
		},
		{
			"from": [6.05971, 7.5, 6.28649],
			"to": [9.05971, 7.9, 6.78649],
			"rotation": {"angle": 22.5, "axis": "y", "origin": [7.05971, 7.75, 7.03649]},
			"faces": {
				"north": {"uv": [10.5, 10, 12, 10.25], "texture": "#0"},
				"east": {"uv": [13.5, 1.5, 13.75, 1.75], "texture": "#0"},
				"south": {"uv": [11, 0, 12.5, 0.25], "texture": "#0"},
				"west": {"uv": [2, 13.5, 2.25, 13.75], "texture": "#0"},
				"up": {"uv": [12.5, 0.75, 11, 0.5], "texture": "#0"},
				"down": {"uv": [12.5, 3.5, 11, 3.75], "texture": "#0"}
			}
		},
		{
			"from": [7.01641, 7.5, 9.59619],
			"to": [10.01641, 7.9, 10.09619],
			"rotation": {"angle": 22.5, "axis": "y", "origin": [8.01641, 7.75, 9.34619]},
			"faces": {
				"north": {"uv": [11, 4, 12.5, 4.25], "texture": "#0"},
				"east": {"uv": [13.5, 2, 13.75, 2.25], "texture": "#0"},
				"south": {"uv": [4.5, 11, 6, 11.25], "texture": "#0"},
				"west": {"uv": [2.5, 13.5, 2.75, 13.75], "texture": "#0"},
				"up": {"uv": [12.5, 4.75, 11, 4.5], "texture": "#0"},
				"down": {"uv": [12.5, 10.5, 11, 10.75], "texture": "#0"}
			}
		},
		{
			"from": [6.09515, 7.5, 6.47835],
			"to": [6.59515, 7.9, 10.47835],
			"rotation": {"angle": 22.5, "axis": "y", "origin": [6.84515, 7.75, 8.47835]},
			"faces": {
				"north": {"uv": [13.5, 1, 13.75, 1.25], "texture": "#0"},
				"east": {"uv": [10, 8.5, 12, 8.75], "texture": "#0"},
				"south": {"uv": [1.5, 13.5, 1.75, 13.75], "texture": "#0"},
				"west": {"uv": [10, 9, 12, 9.25], "texture": "#0"},
				"up": {"uv": [6.75, 12, 6.5, 10], "texture": "#0"},
				"down": {"uv": [7.25, 10, 7, 12], "texture": "#0"}
			}
		},
		{
			"from": [6.6, 9, 6.5],
			"to": [9.6, 12, 9.5],
			"rotation": {"angle": 0, "axis": "y", "origin": [7.875, 9, 8]},
			"faces": {
				"north": {"uv": [6, 6, 7.5, 7.5], "texture": "#0"},
				"east": {"uv": [0, 7, 1.5, 8.5], "texture": "#0"},
				"south": {"uv": [7, 0, 8.5, 1.5], "texture": "#0"},
				"west": {"uv": [1.5, 7, 3, 8.5], "texture": "#0"},
				"up": {"uv": [8.5, 3, 7, 1.5], "texture": "#0"},
				"down": {"uv": [4.5, 7, 3, 8.5], "texture": "#0"}
			}
		},
		{
			"from": [9.6, 10.5, 9.1],
			"to": [9.7, 11, 9.6],
			"rotation": {"angle": 0, "axis": "y", "origin": [10.1, 10.5, 8.1]},
			"faces": {
				"north": {"uv": [3.5, 14, 3.625, 14.25], "texture": "#0"},
				"east": {"uv": [10, 13.5, 10.25, 13.75], "texture": "#0"},
				"south": {"uv": [14, 3.5, 14.125, 3.75], "texture": "#0"},
				"west": {"uv": [13.5, 10, 13.75, 10.25], "texture": "#0"},
				"up": {"uv": [4.125, 14.25, 4, 14], "texture": "#0"},
				"down": {"uv": [14.125, 4, 14, 4.25], "texture": "#0"}
			}
		},
		{
			"from": [9.1, 10.5, 9.5],
			"to": [9.6, 11, 9.6],
			"rotation": {"angle": 0, "axis": "y", "origin": [9.35, 10.75, 9.55]},
			"faces": {
				"north": {"uv": [12, 13.5, 12.25, 13.75], "texture": "#0"},
				"east": {"uv": [7, 14, 7.125, 14.25], "texture": "#0"},
				"south": {"uv": [13.5, 12, 13.75, 12.25], "texture": "#0"},
				"west": {"uv": [14, 7, 14.125, 7.25], "texture": "#0"},
				"up": {"uv": [7.75, 14.125, 7.5, 14], "texture": "#0"},
				"down": {"uv": [14.25, 7.5, 14, 7.625], "texture": "#0"}
			}
		},
		{
			"from": [6.4, 11, 9.2],
			"to": [6.9, 11.3, 9.7],
			"rotation": {"angle": 0, "axis": "z", "origin": [6.65, 11.25, 9.45]},
			"faces": {
				"north": {"uv": [10, 14, 10.25, 14.125], "texture": "#0"},
				"east": {"uv": [14, 10, 14.25, 10.125], "texture": "#0"},
				"south": {"uv": [10.5, 14, 10.75, 14.125], "texture": "#0"},
				"west": {"uv": [14, 10.5, 14.25, 10.625], "texture": "#0"},
				"up": {"uv": [13.75, 13.75, 13.5, 13.5], "texture": "#0"},
				"down": {"uv": [0.25, 14, 0, 14.25], "texture": "#0"}
			}
		},
		{
			"from": [6.4, 11, 6.3],
			"to": [6.9, 11.3, 6.8],
			"rotation": {"angle": 0, "axis": "z", "origin": [6.65, 11.25, 6.55]},
			"faces": {
				"north": {"uv": [11.5, 14, 11.75, 14.125], "texture": "#0"},
				"east": {"uv": [14, 11.5, 14.25, 11.625], "texture": "#0"},
				"south": {"uv": [12, 14, 12.25, 14.125], "texture": "#0"},
				"west": {"uv": [14, 12, 14.25, 12.125], "texture": "#0"},
				"up": {"uv": [0.75, 14.25, 0.5, 14], "texture": "#0"},
				"down": {"uv": [14.25, 0.5, 14, 0.75], "texture": "#0"}
			}
		},
		{
			"from": [6.4, 11, 7.2],
			"to": [6.9, 11.3, 8.7],
			"rotation": {"angle": 0, "axis": "z", "origin": [6.65, 11.25, 8.45]},
			"faces": {
				"north": {"uv": [11, 14, 11.25, 14.125], "texture": "#0"},
				"east": {"uv": [0, 13.5, 0.75, 13.625], "texture": "#0"},
				"south": {"uv": [14, 11, 14.25, 11.125], "texture": "#0"},
				"west": {"uv": [13.5, 0, 14.25, 0.125], "texture": "#0"},
				"up": {"uv": [9.25, 13.25, 9, 12.5], "texture": "#0"},
				"down": {"uv": [12.75, 9, 12.5, 9.75], "texture": "#0"}
			}
		},
		{
			"from": [6.5, 10.5, 8.1],
			"to": [6.9, 10.7, 8.4],
			"rotation": {"angle": 0, "axis": "z", "origin": [6.65, 10.65, 9.05]},
			"faces": {
				"north": {"uv": [12.5, 14, 12.75, 14.125], "texture": "#0"},
				"east": {"uv": [14.5, 4.5, 14.625, 4.625], "texture": "#0"},
				"south": {"uv": [14, 12.5, 14.25, 12.625], "texture": "#0"},
				"west": {"uv": [5, 14.5, 5.125, 14.625], "texture": "#0"},
				"up": {"uv": [13.25, 14.125, 13, 14], "texture": "#0"},
				"down": {"uv": [14.25, 13, 14, 13.125], "texture": "#0"}
			}
		},
		{
			"from": [6.5, 10.5, 7.6],
			"to": [6.9, 10.7, 7.8],
			"rotation": {"angle": 0, "axis": "z", "origin": [6.65, 10.65, 8.65]},
			"faces": {
				"north": {"uv": [13.5, 14, 13.75, 14.125], "texture": "#0"},
				"east": {"uv": [14.5, 5, 14.625, 5.125], "texture": "#0"},
				"south": {"uv": [14, 13.5, 14.25, 13.625], "texture": "#0"},
				"west": {"uv": [5.5, 14.5, 5.625, 14.625], "texture": "#0"},
				"up": {"uv": [14.25, 14.125, 14, 14], "texture": "#0"},
				"down": {"uv": [0.25, 14.5, 0, 14.625], "texture": "#0"}
			}
		},
		{
			"from": [8.1, 10.5, 9.5],
			"to": [8.6, 11, 9.6],
			"rotation": {"angle": 0, "axis": "y", "origin": [8.35, 10.75, 9.55]},
			"faces": {
				"north": {"uv": [12.5, 13.5, 12.75, 13.75], "texture": "#0"},
				"east": {"uv": [8, 14, 8.125, 14.25], "texture": "#0"},
				"south": {"uv": [13.5, 12.5, 13.75, 12.75], "texture": "#0"},
				"west": {"uv": [14, 8, 14.125, 8.25], "texture": "#0"},
				"up": {"uv": [8.75, 14.125, 8.5, 14], "texture": "#0"},
				"down": {"uv": [14.25, 8.5, 14, 8.625], "texture": "#0"}
			}
		},
		{
			"from": [8.1, 10.5, 6.4],
			"to": [8.8, 11, 6.5],
			"rotation": {"angle": 0, "axis": "y", "origin": [8.35, 10.75, 6.45]},
			"faces": {
				"north": {"uv": [13, 10.5, 13.375, 10.75], "texture": "#0"},
				"east": {"uv": [9.5, 14, 9.625, 14.25], "texture": "#0"},
				"south": {"uv": [11, 13, 11.375, 13.25], "texture": "#0"},
				"west": {"uv": [14, 9.5, 14.125, 9.75], "texture": "#0"},
				"up": {"uv": [3.375, 14.125, 3, 14], "texture": "#0"},
				"down": {"uv": [14.375, 3, 14, 3.125], "texture": "#0"}
			}
		},
		{
			"from": [8.8, 10, 6.4],
			"to": [9.3, 11, 6.5],
			"rotation": {"angle": 0, "axis": "y", "origin": [9.05, 10.75, 6.45]},
			"faces": {
				"north": {"uv": [13, 2, 13.25, 2.5], "texture": "#0"},
				"east": {"uv": [13, 13.5, 13.125, 14], "texture": "#0"},
				"south": {"uv": [2.5, 13, 2.75, 13.5], "texture": "#0"},
				"west": {"uv": [13.5, 13, 13.625, 13.5], "texture": "#0"},
				"up": {"uv": [9.25, 14.125, 9, 14], "texture": "#0"},
				"down": {"uv": [14.25, 9, 14, 9.125], "texture": "#0"}
			}
		},
		{
			"from": [9.6, 9.9, 8.1],
			"to": [9.7, 11, 8.6],
			"rotation": {"angle": 0, "axis": "y", "origin": [10.1, 10.5, 7.1]},
			"faces": {
				"north": {"uv": [10.5, 13.5, 10.625, 14], "texture": "#0"},
				"east": {"uv": [13, 1.5, 13.25, 2], "texture": "#0"},
				"south": {"uv": [13.5, 10.5, 13.625, 11], "texture": "#0"},
				"west": {"uv": [2, 13, 2.25, 13.5], "texture": "#0"},
				"up": {"uv": [4.625, 14.25, 4.5, 14], "texture": "#0"},
				"down": {"uv": [14.125, 4.5, 14, 4.75], "texture": "#0"}
			}
		},
		{
			"from": [9.6, 10.5, 7.6],
			"to": [9.7, 11, 8.1],
			"rotation": {"angle": 0, "axis": "y", "origin": [9.65, 10.45, 7.85]},
			"faces": {
				"north": {"uv": [5, 14, 5.125, 14.25], "texture": "#0"},
				"east": {"uv": [11, 13.5, 11.25, 13.75], "texture": "#0"},
				"south": {"uv": [14, 5, 14.125, 5.25], "texture": "#0"},
				"west": {"uv": [13.5, 11, 13.75, 11.25], "texture": "#0"},
				"up": {"uv": [5.625, 14.25, 5.5, 14], "texture": "#0"},
				"down": {"uv": [14.125, 5.5, 14, 5.75], "texture": "#0"}
			}
		},
		{
			"from": [9.6, 10.5, 6.7],
			"to": [9.7, 11, 7.2],
			"rotation": {"angle": 0, "axis": "y", "origin": [9.65, 10.45, 6.95]},
			"faces": {
				"north": {"uv": [6, 14, 6.125, 14.25], "texture": "#0"},
				"east": {"uv": [11.5, 13.5, 11.75, 13.75], "texture": "#0"},
				"south": {"uv": [14, 6, 14.125, 6.25], "texture": "#0"},
				"west": {"uv": [13.5, 11.5, 13.75, 11.75], "texture": "#0"},
				"up": {"uv": [6.625, 14.25, 6.5, 14], "texture": "#0"},
				"down": {"uv": [14.125, 6.5, 14, 6.75], "texture": "#0"}
			}
		},
		{
			"from": [6.5, 11, 6.4],
			"to": [9.7, 12.1, 9.6],
			"rotation": {"angle": 0, "axis": "y", "origin": [7.875, 9, 8]},
			"faces": {
				"north": {"uv": [8.5, 0, 10.125, 0.5], "texture": "#0"},
				"east": {"uv": [8.5, 0.5, 10.125, 1], "texture": "#0"},
				"south": {"uv": [1, 8.5, 2.625, 9], "texture": "#0"},
				"west": {"uv": [8.5, 1, 10.125, 1.5], "texture": "#0"},
				"up": {"uv": [5.625, 6.625, 4, 5], "texture": "#0"},
				"down": {"uv": [7.625, 4, 6, 5.625], "texture": "#0"}
			}
		},
		{
			"from": [7.3, 15, 6.5],
			"to": [8.7, 16.5, 9.5],
			"rotation": {"angle": 0, "axis": "y", "origin": [7.775, 15, 8]},
			"faces": {
				"north": {"uv": [5, 4, 5.75, 4.75], "texture": "#0"},
				"east": {"uv": [8, 5, 9.5, 5.75], "texture": "#0"},
				"south": {"uv": [9.5, 5, 10.25, 5.75], "texture": "#0"},
				"west": {"uv": [6.5, 8, 8, 8.75], "texture": "#0"},
				"up": {"uv": [8.75, 9.5, 8, 8], "texture": "#0"},
				"down": {"uv": [0.75, 8.5, 0, 10], "texture": "#0"}
			}
		},
		{
			"from": [7.4, 14.42597, 8.88582],
			"to": [8.6, 15.62597, 11.48582],
			"rotation": {"angle": 22.5, "axis": "x", "origin": [7.775, 14.42597, 10.48582]},
			"faces": {
				"north": {"uv": [10.5, 5, 11.125, 5.625], "texture": "#0"},
				"east": {"uv": [8.5, 1.5, 9.75, 2.125], "texture": "#0"},
				"south": {"uv": [10.5, 7.5, 11.125, 8.125], "texture": "#0"},
				"west": {"uv": [3, 8.5, 4.25, 9.125], "texture": "#0"},
				"up": {"uv": [1.625, 10.25, 1, 9], "texture": "#0"},
				"down": {"uv": [2.625, 9, 2, 10.25], "texture": "#0"}
			}
		},
		{
			"from": [7.6, 13.58568, 11.09661],
			"to": [8.4, 14.58568, 12.59661],
			"rotation": {"angle": 45, "axis": "x", "origin": [8, 14.08568, 11.84661]},
			"faces": {
				"north": {"uv": [12.5, 6.5, 12.875, 7], "texture": "#0"},
				"east": {"uv": [8.5, 2.5, 9.25, 3], "texture": "#0"},
				"south": {"uv": [7, 12.5, 7.375, 13], "texture": "#0"},
				"west": {"uv": [4.5, 11.5, 5.25, 12], "texture": "#0"},
				"up": {"uv": [12.375, 2.25, 12, 1.5], "texture": "#0"},
				"down": {"uv": [2.375, 12, 2, 12.75], "texture": "#0"}
			}
		},
		{
			"from": [7.7, 12.84573, 12.17798],
			"to": [8.3, 13.74573, 12.97798],
			"rotation": {"angle": -22.5, "axis": "x", "origin": [8, 12.99573, 12.57798]},
			"faces": {
				"north": {"uv": [13, 0, 13.25, 0.5], "texture": "#0"},
				"east": {"uv": [12.5, 7, 12.875, 7.5], "texture": "#0"},
				"south": {"uv": [0.5, 13, 0.75, 13.5], "texture": "#0"},
				"west": {"uv": [7.5, 12.5, 7.875, 13], "texture": "#0"},
				"up": {"uv": [6.75, 13.375, 6.5, 13], "texture": "#0"},
				"down": {"uv": [13.25, 6.5, 13, 6.875], "texture": "#0"}
			}
		},
		{
			"from": [8, 12.54573, 12.37798],
			"to": [8, 13.64573, 13.37798],
			"rotation": {"angle": -22.5, "axis": "x", "origin": [8, 12.79573, 12.87798]},
			"faces": {
				"north": {"uv": [0, 0, 0, 0.5], "texture": "#0"},
				"east": {"uv": [7.5, 12, 8, 12.5], "texture": "#0"},
				"south": {"uv": [0, 0, 0, 0.5], "texture": "#0"},
				"west": {"uv": [12, 7.5, 12.5, 8], "texture": "#0"},
				"up": {"uv": [0, 0.5, 0, 0], "texture": "#0"},
				"down": {"uv": [0, 0, 0, 0.5], "texture": "#0"}
			}
		},
		{
			"from": [7.4, 14.42597, 4.51418],
			"to": [8.6, 15.62597, 7.11418],
			"rotation": {"angle": -22.5, "axis": "x", "origin": [7.775, 14.42597, 5.51418]},
			"faces": {
				"north": {"uv": [11.125, 7.5, 10.5, 8.125], "texture": "#0"},
				"east": {"uv": [9.75, 1.5, 8.5, 2.125], "texture": "#0"},
				"south": {"uv": [11.125, 5, 10.5, 5.625], "texture": "#0"},
				"west": {"uv": [4.25, 8.5, 3, 9.125], "texture": "#0"},
				"up": {"uv": [1.625, 9, 1, 10.25], "texture": "#0"},
				"down": {"uv": [2.625, 10.25, 2, 9], "texture": "#0"}
			}
		},
		{
			"from": [7.6, 13.58568, 3.40339],
			"to": [8.4, 14.58568, 4.90339],
			"rotation": {"angle": -45, "axis": "x", "origin": [8, 14.08568, 4.15339]},
			"faces": {
				"north": {"uv": [7.375, 12.5, 7, 13], "texture": "#0"},
				"east": {"uv": [9.25, 2.5, 8.5, 3], "texture": "#0"},
				"south": {"uv": [12.875, 6.5, 12.5, 7], "texture": "#0"},
				"west": {"uv": [5.25, 11.5, 4.5, 12], "texture": "#0"},
				"up": {"uv": [12.375, 1.5, 12, 2.25], "texture": "#0"},
				"down": {"uv": [2.375, 12.75, 2, 12], "texture": "#0"}
			}
		},
		{
			"from": [8, 12.54573, 2.62202],
			"to": [8, 13.64573, 3.62202],
			"rotation": {"angle": 22.5, "axis": "x", "origin": [8, 12.79573, 3.12202]},
			"faces": {
				"north": {"uv": [0, 0, 0, 0.5], "texture": "#0"},
				"east": {"uv": [8, 12, 7.5, 12.5], "texture": "#0"},
				"south": {"uv": [0, 0, 0, 0.5], "texture": "#0"},
				"west": {"uv": [12.5, 7.5, 12, 8], "texture": "#0"},
				"up": {"uv": [0, 0, 0, 0.5], "texture": "#0"},
				"down": {"uv": [0, 0.5, 0, 0], "texture": "#0"}
			}
		},
		{
			"from": [7.7, 12.84573, 3.02202],
			"to": [8.3, 13.74573, 3.82202],
			"rotation": {"angle": 22.5, "axis": "x", "origin": [8, 12.99573, 3.42202]},
			"faces": {
				"north": {"uv": [0.75, 13, 0.5, 13.5], "texture": "#0"},
				"east": {"uv": [12.875, 7, 12.5, 7.5], "texture": "#0"},
				"south": {"uv": [13.25, 0, 13, 0.5], "texture": "#0"},
				"west": {"uv": [7.875, 12.5, 7.5, 13], "texture": "#0"},
				"up": {"uv": [6.75, 13, 6.5, 13.375], "texture": "#0"},
				"down": {"uv": [13.25, 6.875, 13, 6.5], "texture": "#0"}
			}
		},
		{
			"from": [6.4, 10.2, 6.5],
			"to": [6.6, 11, 7.6],
			"rotation": {"angle": 0, "axis": "y", "origin": [6.35, 10.6, 7]},
			"faces": {
				"north": {"uv": [1, 14, 1.125, 14.375], "texture": "#0"},
				"east": {"uv": [3.5, 12.5, 4, 12.875], "texture": "#0"},
				"south": {"uv": [14, 1, 14.125, 1.375], "texture": "#0"},
				"west": {"uv": [4, 12.5, 4.5, 12.875], "texture": "#0"},
				"up": {"uv": [8.125, 14, 8, 13.5], "texture": "#0"},
				"down": {"uv": [13.625, 8, 13.5, 8.5], "texture": "#0"}
			}
		},
		{
			"from": [6.4, 10.2, 8.4],
			"to": [6.6, 11, 9.5],
			"rotation": {"angle": 0, "axis": "y", "origin": [6.35, 10.6, 9]},
			"faces": {
				"north": {"uv": [1.5, 14, 1.625, 14.375], "texture": "#0"},
				"east": {"uv": [12.5, 4, 13, 4.375], "texture": "#0"},
				"south": {"uv": [14, 1.5, 14.125, 1.875], "texture": "#0"},
				"west": {"uv": [4.5, 12.5, 5, 12.875], "texture": "#0"},
				"up": {"uv": [8.625, 14, 8.5, 13.5], "texture": "#0"},
				"down": {"uv": [13.625, 8.5, 13.5, 9], "texture": "#0"}
			}
		},
		{
			"from": [6.4, 10.7, 7.6],
			"to": [6.6, 11, 8.4],
			"rotation": {"angle": 0, "axis": "y", "origin": [6.35, 10.6, 8]},
			"faces": {
				"north": {"uv": [14.5, 0, 14.625, 0.125], "texture": "#0"},
				"east": {"uv": [2, 14, 2.375, 14.125], "texture": "#0"},
				"south": {"uv": [0.5, 14.5, 0.625, 14.625], "texture": "#0"},
				"west": {"uv": [14, 2, 14.375, 2.125], "texture": "#0"},
				"up": {"uv": [2.625, 14.375, 2.5, 14], "texture": "#0"},
				"down": {"uv": [14.125, 2.5, 14, 2.875], "texture": "#0"}
			}
		},
		{
			"from": [6.4, 10.7, 9.5],
			"to": [8, 11, 9.7],
			"rotation": {"angle": 0, "axis": "y", "origin": [6.5, 10.85, 9.5]},
			"faces": {
				"north": {"uv": [13, 2.5, 13.75, 2.625], "texture": "#0"},
				"east": {"uv": [14.5, 0.5, 14.625, 0.625], "texture": "#0"},
				"south": {"uv": [3, 13, 3.75, 13.125], "texture": "#0"},
				"west": {"uv": [1, 14.5, 1.125, 14.625], "texture": "#0"},
				"up": {"uv": [13.75, 3.125, 13, 3], "texture": "#0"},
				"down": {"uv": [13.75, 3.5, 13, 3.625], "texture": "#0"}
			}
		},
		{
			"from": [7.7, 10.4, 9.5],
			"to": [8, 10.7, 9.7],
			"rotation": {"angle": 0, "axis": "y", "origin": [7.7, 10.55, 9.6]},
			"faces": {
				"north": {"uv": [14.5, 1, 14.625, 1.125], "texture": "#0"},
				"east": {"uv": [1.5, 14.5, 1.625, 14.625], "texture": "#0"},
				"south": {"uv": [14.5, 1.5, 14.625, 1.625], "texture": "#0"},
				"west": {"uv": [2, 14.5, 2.125, 14.625], "texture": "#0"},
				"up": {"uv": [14.625, 2.125, 14.5, 2], "texture": "#0"},
				"down": {"uv": [2.625, 14.5, 2.5, 14.625], "texture": "#0"}
			}
		},
		{
			"from": [6.4, 10.7, 6.3],
			"to": [8, 11, 6.5],
			"rotation": {"angle": 0, "axis": "y", "origin": [6.5, 10.85, 6.5]},
			"faces": {
				"north": {"uv": [4, 13, 4.75, 13.125], "texture": "#0"},
				"east": {"uv": [14.5, 4, 14.625, 4.125], "texture": "#0"},
				"south": {"uv": [13, 4, 13.75, 4.125], "texture": "#0"},
				"west": {"uv": [4.5, 14.5, 4.625, 14.625], "texture": "#0"},
				"up": {"uv": [13.75, 4.625, 13, 4.5], "texture": "#0"},
				"down": {"uv": [5.75, 13, 5, 13.125], "texture": "#0"}
			}
		},
		{
			"from": [7.7, 10.4, 6.3],
			"to": [8, 10.7, 6.5],
			"rotation": {"angle": 0, "axis": "y", "origin": [7.7, 10.55, 6.4]},
			"faces": {
				"north": {"uv": [14.5, 2.5, 14.625, 2.625], "texture": "#0"},
				"east": {"uv": [3, 14.5, 3.125, 14.625], "texture": "#0"},
				"south": {"uv": [14.5, 3, 14.625, 3.125], "texture": "#0"},
				"west": {"uv": [3.5, 14.5, 3.625, 14.625], "texture": "#0"},
				"up": {"uv": [14.625, 3.625, 14.5, 3.5], "texture": "#0"},
				"down": {"uv": [4.125, 14.5, 4, 14.625], "texture": "#0"}
			}
		},
		{
			"from": [7.85, 7.5, 8.5],
			"to": [8.45, 9, 9.1],
			"rotation": {"angle": 0, "axis": "y", "origin": [7.875, 9, 8]},
			"faces": {
				"north": {"uv": [12, 11, 12.25, 11.75], "texture": "#0"},
				"east": {"uv": [12, 12, 12.25, 12.75], "texture": "#0"},
				"south": {"uv": [12.5, 0, 12.75, 0.75], "texture": "#0"},
				"west": {"uv": [1, 12.5, 1.25, 13.25], "texture": "#0"},
				"up": {"uv": [3.25, 13.75, 3, 13.5], "texture": "#0"},
				"down": {"uv": [3.75, 13.5, 3.5, 13.75], "texture": "#0"}
			}
		},
		{
			"from": [7.35, 7.5, 8.5],
			"to": [7.85, 8, 9.1],
			"rotation": {"angle": 0, "axis": "y", "origin": [7.875, 9, 8]},
			"faces": {
				"north": {"uv": [5, 13.5, 5.25, 13.75], "texture": "#0"},
				"east": {"uv": [13.5, 5, 13.75, 5.25], "texture": "#0"},
				"south": {"uv": [5.5, 13.5, 5.75, 13.75], "texture": "#0"},
				"west": {"uv": [13.5, 5.5, 13.75, 5.75], "texture": "#0"},
				"up": {"uv": [6.25, 13.75, 6, 13.5], "texture": "#0"},
				"down": {"uv": [13.75, 6, 13.5, 6.25], "texture": "#0"}
			}
		},
		{
			"from": [7.75, 8.2, 8.4],
			"to": [8.55, 8.7, 9.2],
			"rotation": {"angle": 0, "axis": "y", "origin": [8.375, 9.7, 8]},
			"faces": {
				"north": {"uv": [13, 11, 13.375, 11.25], "texture": "#0"},
				"east": {"uv": [11.5, 13, 11.875, 13.25], "texture": "#0"},
				"south": {"uv": [13, 11.5, 13.375, 11.75], "texture": "#0"},
				"west": {"uv": [12, 13, 12.375, 13.25], "texture": "#0"},
				"up": {"uv": [12.875, 11.875, 12.5, 11.5], "texture": "#0"},
				"down": {"uv": [12.875, 12, 12.5, 12.375], "texture": "#0"}
			}
		},
		{
			"from": [7.75, 8.2, 6.8],
			"to": [8.55, 8.7, 7.6],
			"rotation": {"angle": 0, "axis": "y", "origin": [8.375, 9.7, 8]},
			"faces": {
				"north": {"uv": [13, 12, 13.375, 12.25], "texture": "#0"},
				"east": {"uv": [12.5, 13, 12.875, 13.25], "texture": "#0"},
				"south": {"uv": [13, 12.5, 13.375, 12.75], "texture": "#0"},
				"west": {"uv": [13, 13, 13.375, 13.25], "texture": "#0"},
				"up": {"uv": [12.875, 12.875, 12.5, 12.5], "texture": "#0"},
				"down": {"uv": [0.375, 13, 0, 13.375], "texture": "#0"}
			}
		},
		{
			"from": [7.55, 9.3, 9.4],
			"to": [8.65, 10.5, 10.2],
			"rotation": {"angle": -22.5, "axis": "x", "origin": [7.6, 9.65, 9.8]},
			"faces": {
				"north": {"uv": [11.5, 7.5, 12, 8.125], "texture": "#0"},
				"east": {"uv": [8.5, 12, 8.875, 12.625], "texture": "#0"},
				"south": {"uv": [9, 11.5, 9.5, 12.125], "texture": "#0"},
				"west": {"uv": [12, 8.5, 12.375, 9.125], "texture": "#0"},
				"up": {"uv": [13, 4.875, 12.5, 4.5], "texture": "#0"},
				"down": {"uv": [5.5, 12.5, 5, 12.875], "texture": "#0"}
			}
		},
		{
			"from": [7.55, 13.1, 8.3],
			"to": [8.65, 14.1, 9.3],
			"rotation": {"angle": -22.5, "axis": "x", "origin": [7.6, 13.45, 8.7]},
			"faces": {
				"north": {"uv": [3.5, 12, 4, 12.5], "texture": "#0"},
				"east": {"uv": [4, 12, 4.5, 12.5], "texture": "#0"},
				"south": {"uv": [4.5, 12, 5, 12.5], "texture": "#0"},
				"west": {"uv": [5, 12, 5.5, 12.5], "texture": "#0"},
				"up": {"uv": [6, 12.5, 5.5, 12], "texture": "#0"},
				"down": {"uv": [12.5, 5.5, 12, 6], "texture": "#0"}
			}
		},
		{
			"from": [7.55, 13.1, 6.7],
			"to": [8.65, 14.1, 7.7],
			"rotation": {"angle": 22.5, "axis": "x", "origin": [7.6, 13.45, 7.3]},
			"faces": {
				"north": {"uv": [6, 12, 6.5, 12.5], "texture": "#0"},
				"east": {"uv": [12, 6, 12.5, 6.5], "texture": "#0"},
				"south": {"uv": [6.5, 12, 7, 12.5], "texture": "#0"},
				"west": {"uv": [12, 6.5, 12.5, 7], "texture": "#0"},
				"up": {"uv": [7.5, 12.5, 7, 12], "texture": "#0"},
				"down": {"uv": [12.5, 7, 12, 7.5], "texture": "#0"}
			}
		},
		{
			"from": [7.65, 12.45, 7.6],
			"to": [8.25, 13.25, 8.4],
			"rotation": {"angle": 45, "axis": "x", "origin": [7.95, 12.8, 8]},
			"faces": {
				"north": {"uv": [7.5, 13, 7.75, 13.375], "texture": "#0"},
				"east": {"uv": [12.5, 10, 12.875, 10.375], "texture": "#0"},
				"south": {"uv": [13, 7.5, 13.25, 7.875], "texture": "#0"},
				"west": {"uv": [12.5, 10.5, 12.875, 10.875], "texture": "#0"},
				"up": {"uv": [8.25, 13.375, 8, 13], "texture": "#0"},
				"down": {"uv": [13.25, 8, 13, 8.375], "texture": "#0"}
			}
		},
		{
			"from": [7.55, 12.55, 7.7],
			"to": [8.35, 13.15, 8.3],
			"rotation": {"angle": 45, "axis": "x", "origin": [7.95, 12.8, 8]},
			"faces": {
				"north": {"uv": [13, 9.5, 13.375, 9.75], "texture": "#0"},
				"east": {"uv": [9.5, 13.5, 9.75, 13.75], "texture": "#0"},
				"south": {"uv": [10, 13, 10.375, 13.25], "texture": "#0"},
				"west": {"uv": [13.5, 9.5, 13.75, 9.75], "texture": "#0"},
				"up": {"uv": [13.375, 10.25, 13, 10], "texture": "#0"},
				"down": {"uv": [10.875, 13, 10.5, 13.25], "texture": "#0"}
			}
		},
		{
			"from": [7.6, 14.4, 7.6],
			"to": [8.4, 15, 8.4],
			"rotation": {"angle": 0, "axis": "y", "origin": [7.7, 14.55, 7.7]},
			"faces": {
				"north": {"uv": [8.5, 13, 8.875, 13.25], "texture": "#0"},
				"east": {"uv": [13, 8.5, 13.375, 8.75], "texture": "#0"},
				"south": {"uv": [13, 9, 13.375, 9.25], "texture": "#0"},
				"west": {"uv": [9.5, 13, 9.875, 13.25], "texture": "#0"},
				"up": {"uv": [12.875, 11.375, 12.5, 11], "texture": "#0"},
				"down": {"uv": [11.875, 12.5, 11.5, 12.875], "texture": "#0"}
			}
		},
		{
			"from": [7.75, 9.73404, 9.87388],
			"to": [8.45, 12.13404, 10.47388],
			"rotation": {"angle": 0, "axis": "x", "origin": [8.1, 10.43404, 10.17388]},
			"faces": {
				"north": {"uv": [2, 10.5, 2.375, 11.75], "texture": "#0"},
				"east": {"uv": [9.5, 11.5, 9.75, 12.75], "texture": "#0"},
				"south": {"uv": [2.5, 10.5, 2.875, 11.75], "texture": "#0"},
				"west": {"uv": [10, 11.5, 10.25, 12.75], "texture": "#0"},
				"up": {"uv": [13.375, 5.25, 13, 5], "texture": "#0"},
				"down": {"uv": [13.375, 5.5, 13, 5.75], "texture": "#0"}
			}
		},
		{
			"from": [7.65, 11.76193, 9.5129],
			"to": [8.55, 13.66193, 10.3129],
			"rotation": {"angle": -45, "axis": "x", "origin": [8.1, 12.46193, 9.9129]},
			"faces": {
				"north": {"uv": [7.5, 10, 8, 11], "texture": "#0"},
				"east": {"uv": [7.5, 11, 7.875, 12], "texture": "#0"},
				"south": {"uv": [10.5, 0, 11, 1], "texture": "#0"},
				"west": {"uv": [11, 11, 11.375, 12], "texture": "#0"},
				"up": {"uv": [13, 5.375, 12.5, 5], "texture": "#0"},
				"down": {"uv": [6, 12.5, 5.5, 12.875], "texture": "#0"}
			}
		},
		{
			"from": [7.65, 11.76193, 5.6871],
			"to": [8.55, 13.66193, 6.4871],
			"rotation": {"angle": 45, "axis": "x", "origin": [8.1, 12.46193, 6.0871]},
			"faces": {
				"north": {"uv": [1, 10.5, 1.5, 11.5], "texture": "#0"},
				"east": {"uv": [1, 11.5, 1.375, 12.5], "texture": "#0"},
				"south": {"uv": [1.5, 10.5, 2, 11.5], "texture": "#0"},
				"west": {"uv": [1.5, 11.5, 1.875, 12.5], "texture": "#0"},
				"up": {"uv": [13, 6.375, 12.5, 6], "texture": "#0"},
				"down": {"uv": [7, 12.5, 6.5, 12.875], "texture": "#0"}
			}
		},
		{
			"from": [7.55, 9.3, 5.8],
			"to": [8.65, 10.5, 6.6],
			"rotation": {"angle": 22.5, "axis": "x", "origin": [7.6, 9.65, 6.2]},
			"faces": {
				"north": {"uv": [0, 12, 0.5, 12.625], "texture": "#0"},
				"east": {"uv": [12, 9.5, 12.375, 10.125], "texture": "#0"},
				"south": {"uv": [0.5, 12, 1, 12.625], "texture": "#0"},
				"west": {"uv": [11, 12, 11.375, 12.625], "texture": "#0"},
				"up": {"uv": [13, 5.875, 12.5, 5.5], "texture": "#0"},
				"down": {"uv": [6.5, 12.5, 6, 12.875], "texture": "#0"}
			}
		},
		{
			"from": [7.75, 9.73404, 5.52612],
			"to": [8.45, 12.13404, 6.12612],
			"rotation": {"angle": 0, "axis": "x", "origin": [8.1, 10.43404, 5.82612]},
			"faces": {
				"north": {"uv": [10.5, 3.5, 10.875, 4.75], "texture": "#0"},
				"east": {"uv": [10.5, 11.5, 10.75, 12.75], "texture": "#0"},
				"south": {"uv": [8.5, 10.5, 8.875, 11.75], "texture": "#0"},
				"west": {"uv": [11.5, 11, 11.75, 12.25], "texture": "#0"},
				"up": {"uv": [6.375, 13.25, 6, 13], "texture": "#0"},
				"down": {"uv": [13.375, 6, 13, 6.25], "texture": "#0"}
			}
		},
		{
			"from": [7.35, 7.5, 6.9],
			"to": [7.85, 8, 7.5],
			"rotation": {"angle": 0, "axis": "y", "origin": [7.875, 9, 8]},
			"faces": {
				"north": {"uv": [6.5, 13.5, 6.75, 13.75], "texture": "#0"},
				"east": {"uv": [13.5, 6.5, 13.75, 6.75], "texture": "#0"},
				"south": {"uv": [7, 13.5, 7.25, 13.75], "texture": "#0"},
				"west": {"uv": [13.5, 7, 13.75, 7.25], "texture": "#0"},
				"up": {"uv": [7.75, 13.75, 7.5, 13.5], "texture": "#0"},
				"down": {"uv": [13.75, 7.5, 13.5, 7.75], "texture": "#0"}
			}
		},
		{
			"from": [7.85, 7.5, 6.9],
			"to": [8.45, 9, 7.5],
			"rotation": {"angle": 0, "axis": "y", "origin": [7.875, 9, 8]},
			"faces": {
				"north": {"uv": [12.5, 1, 12.75, 1.75], "texture": "#0"},
				"east": {"uv": [1.5, 12.5, 1.75, 13.25], "texture": "#0"},
				"south": {"uv": [12.5, 2, 12.75, 2.75], "texture": "#0"},
				"west": {"uv": [12.5, 3, 12.75, 3.75], "texture": "#0"},
				"up": {"uv": [4.25, 13.75, 4, 13.5], "texture": "#0"},
				"down": {"uv": [4.75, 13.5, 4.5, 13.75], "texture": "#0"}
			}
		}
	],
	"display": {
		"thirdperson_righthand": {
			"translation": [0, 2.75, 2.25]
		},
		"firstperson_righthand": {
			"rotation": [4.01, 10.22, 0.32],
			"translation": [0.25, 2.5, -2]
		},
		"firstperson_lefthand": {
			"rotation": [-175.96, -9, -179.03],
			"translation": [0.25, 2.5, -2]
		},
		"ground": {
			"translation": [0, 7.5, 0]
		},
		"gui": {
			"rotation": [-91.02, 42.73, 90.72],
			"translation": [0.75, -0.5, 0]
		},
		"head": {
			"rotation": [0, -90, 0],
			"translation": [0, 10.75, 0],
			"scale": [1.94922, 2, 1.95898]
		},
		"fixed": {
			"rotation": [-90, 0, 0],
			"translation": [0, 0, -30.25],
			"scale": [4, 4, 4]
		}
	}
}