{

	"credit": "Made with Blockbench",
	"texture_size": [32, 32],
	"textures": {
		"0": "item/custom/item_funny/berry",
		"particle": "item/custom/item_funny/berry"
	},
	"elements": [
		{
			"from": [6.5, 1.5, 4],
			"to": [9.5, 4.5, 11],
			"rotation": {"angle": 0, "axis": "y", "origin": [8, 4.38837, 7.66465]},
			"faces": {
				"north": {"uv": [4, 2.5, 5.5, 4], "texture": "#0"},
				"east": {"uv": [0, 0, 3.5, 1.5], "texture": "#0"},
				"south": {"uv": [4, 4, 5.5, 5.5], "texture": "#0"},
				"west": {"uv": [0, 1.5, 3.5, 3], "texture": "#0"},
				"up": {"uv": [1.5, 6.5, 0, 3], "texture": "#0"},
				"down": {"uv": [3, 3, 1.5, 6.5], "texture": "#0"}
			}
		},
		{
			"from": [7.3, 3.87341, 10.23936],
			"to": [8.7, 5.27341, 13.23936],
			"rotation": {"angle": 22.5, "axis": "x", "origin": [8, 4.38837, 7.66465]},
			"faces": {
				"north": {"uv": [7, 4.5, 7.75, 5.25], "texture": "#0"},
				"east": {"uv": [6.5, 0, 8, 0.75], "texture": "#0"},
				"south": {"uv": [5.5, 7, 6.25, 7.75], "texture": "#0"},
				"west": {"uv": [6.5, 1, 8, 1.75], "texture": "#0"},
				"up": {"uv": [2.25, 8, 1.5, 6.5], "texture": "#0"},
				"down": {"uv": [7.75, 2, 7, 3.5], "texture": "#0"}
			}
		},
		{
			"from": [5.55013, 1.97926, 12.01128],
			"to": [6.55013, 2.97926, 14.01128],
			"rotation": {"angle": 22.5, "axis": "y", "origin": [8, 4.38837, 7.66465]},
			"faces": {
				"north": {"uv": [8.5, 1, 9, 1.5], "texture": "#0"},
				"east": {"uv": [3.5, 8, 4.5, 8.5], "texture": "#0"},
				"south": {"uv": [8.5, 1.5, 9, 2], "texture": "#0"},
				"west": {"uv": [8, 4, 9, 4.5], "texture": "#0"},
				"up": {"uv": [5, 9, 4.5, 8], "texture": "#0"},
				"down": {"uv": [8.5, 4.5, 8, 5.5], "texture": "#0"}
			}
		},
		{
			"from": [3.44929, 2.07926, 12.59065],
			"to": [4.04929, 2.67926, 13.59065],
			"rotation": {"angle": 45, "axis": "y", "origin": [8, 4.38837, 7.66465]},
			"faces": {
				"north": {"uv": [0.5, 9, 0.75, 9.25], "texture": "#0"},
				"east": {"uv": [8.5, 4.5, 9, 4.75], "texture": "#0"},
				"south": {"uv": [9, 0.5, 9.25, 0.75], "texture": "#0"},
				"west": {"uv": [5, 8.5, 5.5, 8.75], "texture": "#0"},
				"up": {"uv": [8.75, 5.5, 8.5, 5], "texture": "#0"},
				"down": {"uv": [5.75, 8.5, 5.5, 9], "texture": "#0"}
			}
		},
		{
			"from": [9.018, 0, 8.73892],
			"to": [10.018, 2, 9.73892],
			"rotation": {"angle": -22.5, "axis": "y", "origin": [8, 4.38837, 7.66465]},
			"faces": {
				"north": {"uv": [6.5, 7, 7, 8], "texture": "#0"},
				"east": {"uv": [7, 7, 7.5, 8], "texture": "#0"},
				"south": {"uv": [7.5, 5.5, 8, 6.5], "texture": "#0"},
				"west": {"uv": [7.5, 6.5, 8, 7.5], "texture": "#0"},
				"up": {"uv": [3, 7, 2.5, 6.5], "texture": "#0"},
				"down": {"uv": [7, 8, 6.5, 8.5], "texture": "#0"}
			}
		},
		{
			"from": [5.982, 0, 8.73892],
			"to": [6.982, 2, 9.73892],
			"rotation": {"angle": 22.5, "axis": "y", "origin": [8, 4.38837, 7.66465]},
			"faces": {
				"north": {"uv": [7.5, 7.5, 8, 8.5], "texture": "#0"},
				"east": {"uv": [0, 8, 0.5, 9], "texture": "#0"},
				"south": {"uv": [8, 0, 8.5, 1], "texture": "#0"},
				"west": {"uv": [0.5, 8, 1, 9], "texture": "#0"},
				"up": {"uv": [7.5, 8.5, 7, 8], "texture": "#0"},
				"down": {"uv": [8.5, 7, 8, 7.5], "texture": "#0"}
			}
		},
		{
			"from": [7.89542, 0, 4.11952],
			"to": [8.89542, 2, 5.11952],
			"rotation": {"angle": 22.5, "axis": "y", "origin": [8, 4.38837, 7.66465]},
			"faces": {
				"north": {"uv": [8, 2, 8.5, 3], "texture": "#0"},
				"east": {"uv": [2.5, 8, 3, 9], "texture": "#0"},
				"south": {"uv": [3, 8, 3.5, 9], "texture": "#0"},
				"west": {"uv": [8, 3, 8.5, 4], "texture": "#0"},
				"up": {"uv": [9, 0.5, 8.5, 0], "texture": "#0"},
				"down": {"uv": [9, 0.5, 8.5, 1], "texture": "#0"}
			}
		},
		{
			"from": [7.10458, 0, 4.11952],
			"to": [8.10458, 2, 5.11952],
			"rotation": {"angle": -22.5, "axis": "y", "origin": [8, 4.38837, 7.66465]},
			"faces": {
				"north": {"uv": [1, 8, 1.5, 9], "texture": "#0"},
				"east": {"uv": [8, 1, 8.5, 2], "texture": "#0"},
				"south": {"uv": [1.5, 8, 2, 9], "texture": "#0"},
				"west": {"uv": [2, 8, 2.5, 9], "texture": "#0"},
				"up": {"uv": [8.5, 8, 8, 7.5], "texture": "#0"},
				"down": {"uv": [8.5, 8, 8, 8.5], "texture": "#0"}
			}
		},
		{
			"from": [7.1, 3.08504, 3.43422],
			"to": [8.9, 8.08504, 5.43422],
			"rotation": {"angle": -22.5, "axis": "x", "origin": [7.9, 4.38837, 7.66465]},
			"faces": {
				"north": {"uv": [4.5, 0, 5.375, 2.5], "texture": "#0"},
				"east": {"uv": [3, 3, 4, 5.5], "texture": "#0"},
				"south": {"uv": [5.5, 0, 6.375, 2.5], "texture": "#0"},
				"west": {"uv": [3.5, 0, 4.5, 2.5], "texture": "#0"},
				"up": {"uv": [3.375, 8, 2.5, 7], "texture": "#0"},
				"down": {"uv": [4.375, 7, 3.5, 8], "texture": "#0"}
			}
		},
		{
			"from": [6.6, 4.85772, 1.22218],
			"to": [9.4, 7.65772, 4.22218],
			"rotation": {"angle": 0, "axis": "x", "origin": [7.9, 4.38837, 7.66465]},
			"faces": {
				"north": {"uv": [6, 5.5, 7.375, 6.875], "texture": "#0"},
				"east": {"uv": [5.5, 2.5, 7, 3.875], "texture": "#0"},
				"south": {"uv": [0, 6.5, 1.375, 7.875], "texture": "#0"},
				"west": {"uv": [3, 5.5, 4.5, 6.875], "texture": "#0"},
				"up": {"uv": [6.875, 5.5, 5.5, 4], "texture": "#0"},
				"down": {"uv": [5.875, 5.5, 4.5, 7], "texture": "#0"}
			}
		},
		{
			"from": [7.1, 4.85772, 0.42218],
			"to": [8.9, 6.25772, 1.22218],
			"rotation": {"angle": 0, "axis": "x", "origin": [7.9, 4.38837, 7.66465]},
			"faces": {
				"north": {"uv": [7, 3.5, 7.875, 4.25], "texture": "#0"},
				"east": {"uv": [6, 8, 6.375, 8.75], "texture": "#0"},
				"south": {"uv": [4.5, 7, 5.375, 7.75], "texture": "#0"},
				"west": {"uv": [8, 6, 8.375, 6.75], "texture": "#0"},
				"up": {"uv": [5.875, 8.375, 5, 8], "texture": "#0"},
				"down": {"uv": [8.875, 5.5, 8, 5.875], "texture": "#0"}
			}
		},
		{
			"from": [6.8, 6.35772, 1.02218],
			"to": [7.8, 7.35772, 1.22218],
			"rotation": {"angle": 0, "axis": "x", "origin": [8, 4.38837, 7.66465]},
			"faces": {
				"north": {"uv": [3.5, 2.5, 4, 3], "texture": "#0"},
				"east": {"uv": [8.5, 8, 8.625, 8.5], "texture": "#0"},
				"south": {"uv": [6.5, 2, 7, 2.5], "texture": "#0"},
				"west": {"uv": [8.5, 8.5, 8.625, 9], "texture": "#0"},
				"up": {"uv": [0.5, 9.125, 0, 9], "texture": "#0"},
				"down": {"uv": [9.5, 0, 9, 0.125], "texture": "#0"}
			}
		},
		{
			"from": [8.2, 6.35772, 1.02218],
			"to": [9.2, 7.35772, 1.22218],
			"rotation": {"angle": 0, "axis": "x", "origin": [8, 4.38837, 7.66465]},
			"faces": {
				"north": {"uv": [8.5, 2, 9, 2.5], "texture": "#0"},
				"east": {"uv": [1, 9, 1.125, 9.5], "texture": "#0"},
				"south": {"uv": [8.5, 2.5, 9, 3], "texture": "#0"},
				"west": {"uv": [9, 1, 9.125, 1.5], "texture": "#0"},
				"up": {"uv": [2, 9.125, 1.5, 9], "texture": "#0"},
				"down": {"uv": [9.5, 1.5, 9, 1.625], "texture": "#0"}
			}
		},
		{
			"from": [7.88783, 7.59883, 3.22218],
			"to": [8.58783, 8.39883, 3.62218],
			"rotation": {"angle": 22.5, "axis": "z", "origin": [8.1, 4.38837, 7.66465]},
			"faces": {
				"north": {"uv": [8.5, 3.5, 8.875, 3.875], "texture": "#0"},
				"east": {"uv": [8.5, 7, 8.75, 7.375], "texture": "#0"},
				"south": {"uv": [4, 8.5, 4.375, 8.875], "texture": "#0"},
				"west": {"uv": [7.5, 8.5, 7.75, 8.875], "texture": "#0"},
				"up": {"uv": [8.875, 7.75, 8.5, 7.5], "texture": "#0"},
				"down": {"uv": [8.375, 8.5, 8, 8.75], "texture": "#0"}
			}
		},
		{
			"from": [7.41217, 7.59883, 3.22218],
			"to": [8.11217, 8.39883, 3.62218],
			"rotation": {"angle": -22.5, "axis": "z", "origin": [7.9, 4.38837, 7.66465]},
			"faces": {
				"north": {"uv": [8.5, 3, 8.875, 3.375], "texture": "#0"},
				"east": {"uv": [8.5, 6, 8.75, 6.375], "texture": "#0"},
				"south": {"uv": [3.5, 8.5, 3.875, 8.875], "texture": "#0"},
				"west": {"uv": [6.5, 8.5, 6.75, 8.875], "texture": "#0"},
				"up": {"uv": [8.875, 6.75, 8.5, 6.5], "texture": "#0"},
				"down": {"uv": [7.375, 8.5, 7, 8.75], "texture": "#0"}
			}
		}
	],
	"display": {
		"thirdperson_righthand": {
			"rotation": [93.5, 0, 0],
			"translation": [-0.25, -2.75, 4.5]
		},
		"thirdperson_lefthand": {
			"rotation": [93.5, 0, 0],
			"translation": [-0.25, -2.75, 4.5]
		},
		"firstperson_righthand": {
			"rotation": [-180, 55.5, -180],
			"translation": [0, 7.5, 0]
		},
		"firstperson_lefthand": {
			"rotation": [180, 55.5, -180],
			"translation": [0, 7.5, 0]
		},
		"ground": {
			"translation": [0, 4, 0]
		},
		"gui": {
			"rotation": [-180, 56, 180],
			"translation": [0, 3.25, 0]
		},
		"head": {
			"translation": [0, 14.25, 0]
		},
		"fixed": {
			"rotation": [-90, 0, 0],
			"translation": [0, 0, -15],
			"scale": [2, 2, 2]
		}
	}
}