{
	"credit": "Made with Blockbench",
	"textures": {
		"0": "item/custom/item_funny/carteiradetrabalho",
		"particle": "item/custom/item_funny/carteiradetrabalho"
	},
	"elements": [
		{
			"from": [6, 0, 7.5],
			"to": [10, 7, 8.5],
			"rotation": {"angle": 0, "axis": "y", "origin": [7, 0, 7]},
			"faces": {
				"north": {"uv": [0, 0, 4, 7], "texture": "#0"},
				"east": {"uv": [0, 7, 1, 14], "texture": "#0"},
				"south": {"uv": [4, 0, 8, 7], "texture": "#0"},
				"west": {"uv": [1, 7, 2, 14], "texture": "#0"},
				"up": {"uv": [6, 8, 2, 7], "texture": "#0"},
				"down": {"uv": [10, 7, 6, 8], "texture": "#0"}
			}
		}
	],
	"display": {
		"thirdperson_righthand": {
			"rotation": [0, 90, 0],
			"translation": [0, 5.25, 0]
		},
		"thirdperson_lefthand": {
			"rotation": [0, 90, 0],
			"translation": [0, 5.25, 0]
		},
		"firstperson_righthand": {
			"rotation": [-180, 63.5, -180],
			"translation": [0, 8.5, 0]
		},
		"firstperson_lefthand": {
			"rotation": [-180, 63.5, -180],
			"translation": [0, 8, 0]
		},
		"ground": {
			"translation": [0, 7.25, 0]
		},
		"head": {
			"translation": [0, 8.75, -7]
		},
		"fixed": {
			"translation": [0, 5.5, -0.5],
			"scale": [1.5, 1.5, 1.5]
		}
	}
}