{
	"credit": "Made with Blockbench",
	"texture_size": [64, 64],
	"textures": {
		"0": "item/custom/item_funny/hatsuneplush",
		"particle": "item/custom/item_funny/hatsuneplush"
	},
	"elements": [
		{
			"from": [6, 2, 6.5],
			"to": [10, 7, 9.5],
			"rotation": {"angle": 0, "axis": "y", "origin": [7, 2, 7]},
			"faces": {
				"north": {"uv": [4.25, 1.5, 5.25, 2.75], "texture": "#0"},
				"east": {"uv": [5.25, 1, 6, 2.25], "texture": "#0"},
				"south": {"uv": [2.75, 4.25, 3.75, 5.5], "texture": "#0"},
				"west": {"uv": [5.25, 2.25, 6, 3.5], "texture": "#0"},
				"up": {"uv": [6.25, 4.25, 5.25, 3.5], "texture": "#0"},
				"down": {"uv": [4.75, 5.25, 3.75, 6], "texture": "#0"}
			}
		},
		{
			"from": [7.5, 5, 6.2],
			"to": [8.5, 7, 6.5],
			"rotation": {"angle": 0, "axis": "y", "origin": [7, 2, 6]},
			"faces": {
				"north": {"uv": [5, 1, 5.25, 1.5], "texture": "#0"},
				"east": {"uv": [5.75, 0.5, 5.8125, 1], "texture": "#0"},
				"south": {"uv": [3.5, 5.5, 3.75, 6], "texture": "#0"},
				"west": {"uv": [6, 3, 6.0625, 3.5], "texture": "#0"},
				"up": {"uv": [4.75, 6.0625, 4.5, 6], "texture": "#0"},
				"down": {"uv": [4.75, 6.25, 4.5, 6.3125], "texture": "#0"}
			}
		},
		{
			"from": [5.6, 1, 6.9],
			"to": [10.4, 2.5, 10.6],
			"rotation": {"angle": 22.5, "axis": "x", "origin": [8, 4.5, 9]},
			"faces": {
				"north": {"uv": [6.5, 2.5, 7.6875, 2.875], "texture": "#0"},
				"east": {"uv": [7.25, 1.5, 8.1875, 1.875], "texture": "#0"},
				"south": {"uv": [0, 6.75, 1.1875, 7.125], "texture": "#0"},
				"west": {"uv": [7.25, 2, 8.1875, 2.375], "texture": "#0"},
				"up": {"uv": [1.1875, 5.4375, 0, 4.5], "texture": "#0"},
				"down": {"uv": [5.6875, 0, 4.5, 0.9375], "texture": "#0"}
			}
		},
		{
			"from": [4.1, 5.6, 3.4],
			"to": [5.9, 7.4, 8.4],
			"rotation": {"angle": -22.5, "axis": "x", "origin": [5, 6.5, 7.9]},
			"faces": {
				"north": {"uv": [1.75, 7.75, 2.1875, 8.1875], "texture": "#0"},
				"east": {"uv": [5.25, 5.5, 6.5, 5.9375], "texture": "#0"},
				"south": {"uv": [2.25, 7.75, 2.6875, 8.1875], "texture": "#0"},
				"west": {"uv": [5.75, 0, 7, 0.4375], "texture": "#0"},
				"up": {"uv": [3.4375, 6.75, 3, 5.5], "texture": "#0"},
				"down": {"uv": [6.1875, 4.25, 5.75, 5.5], "texture": "#0"}
			}
		},
		{
			"from": [5.1, 8, 9.1],
			"to": [6.9, 12, 10.9],
			"rotation": {"angle": -22.5, "axis": "z", "origin": [6, 11.5, 10]},
			"faces": {
				"north": {"uv": [5.25, 6.75, 5.6875, 7.75], "texture": "#0"},
				"east": {"uv": [5.75, 6.75, 6.1875, 7.75], "texture": "#0"},
				"south": {"uv": [7, 3.75, 7.4375, 4.75], "texture": "#0"},
				"west": {"uv": [7, 5.75, 7.4375, 6.75], "texture": "#0"},
				"up": {"uv": [8.1875, 2.9375, 7.75, 2.5], "texture": "#0"},
				"down": {"uv": [3.1875, 7.75, 2.75, 8.1875], "texture": "#0"}
			}
		},
		{
			"from": [3.5, 3.5, 9],
			"to": [5.5, 8.5, 11],
			"rotation": {"angle": -22.5, "axis": "z", "origin": [4.5, 8, 10]},
			"faces": {
				"north": {"uv": [5.25, 4.25, 5.75, 5.5], "texture": "#0"},
				"east": {"uv": [4.75, 5.25, 5.25, 6.5], "texture": "#0"},
				"south": {"uv": [0, 5.5, 0.5, 6.75], "texture": "#0"},
				"west": {"uv": [0.5, 5.5, 1, 6.75], "texture": "#0"},
				"up": {"uv": [5, 1.5, 4.5, 1], "texture": "#0"},
				"down": {"uv": [7, 7.5, 6.5, 8], "texture": "#0"}
			}
		},
		{
			"from": [3.9, 5.4, 3.9],
			"to": [6.1, 7.6, 7.4],
			"rotation": {"angle": -22.5, "axis": "x", "origin": [5, 6.5, 7.9]},
			"faces": {
				"north": {"uv": [7.25, 3, 7.8125, 3.5625], "texture": "#0"},
				"east": {"uv": [5.25, 6, 6.125, 6.5625], "texture": "#0"},
				"south": {"uv": [7.25, 4.75, 7.8125, 5.3125], "texture": "#0"},
				"west": {"uv": [6.25, 3, 7.125, 3.5625], "texture": "#0"},
				"up": {"uv": [6.8125, 4.625, 6.25, 3.75], "texture": "#0"},
				"down": {"uv": [6.8125, 6, 6.25, 6.875], "texture": "#0"}
			}
		},
		{
			"from": [6.2, 0.8, 3.5],
			"to": [7.6, 2.2, 8.5],
			"rotation": {"angle": 22.5, "axis": "y", "origin": [6.9, 1.5, 8]},
			"faces": {
				"north": {"uv": [8, 3, 8.34375, 3.34375], "texture": "#0"},
				"east": {"uv": [7, 0, 8.25, 0.34375], "texture": "#0"},
				"south": {"uv": [8, 4.5, 8.34375, 4.84375], "texture": "#0"},
				"west": {"uv": [6.25, 7, 7.5, 7.34375], "texture": "#0"},
				"up": {"uv": [0.34375, 8.5, 0, 7.25], "texture": "#0"},
				"down": {"uv": [0.84375, 7.25, 0.5, 8.5], "texture": "#0"}
			}
		},
		{
			"from": [8.4, 0.8, 3.5],
			"to": [9.8, 2.2, 8.5],
			"rotation": {"angle": -22.5, "axis": "y", "origin": [9.1, 1.5, 8]},
			"faces": {
				"north": {"uv": [8, 5, 8.34375, 5.34375], "texture": "#0"},
				"east": {"uv": [7.25, 0.5, 8.5, 0.84375], "texture": "#0"},
				"south": {"uv": [8, 6, 8.34375, 6.34375], "texture": "#0"},
				"west": {"uv": [7.25, 1, 8.5, 1.34375], "texture": "#0"},
				"up": {"uv": [3.59375, 8.5, 3.25, 7.25], "texture": "#0"},
				"down": {"uv": [4.09375, 7.25, 3.75, 8.5], "texture": "#0"}
			}
		},
		{
			"from": [8.9, 2.5, 6.8],
			"to": [11.1, 6, 9],
			"rotation": {"angle": 22.5, "axis": "z", "origin": [10, 6.5, 7.9]},
			"faces": {
				"north": {"uv": [6.5, 0.5, 7.0625, 1.375], "texture": "#0"},
				"east": {"uv": [6.5, 1.5, 7.0625, 2.375], "texture": "#0"},
				"south": {"uv": [4.5, 6.5, 5.0625, 7.375], "texture": "#0"},
				"west": {"uv": [6.5, 4.75, 7.0625, 5.625], "texture": "#0"},
				"up": {"uv": [8.0625, 4.3125, 7.5, 3.75], "texture": "#0"},
				"down": {"uv": [4.8125, 7.5, 4.25, 8.0625], "texture": "#0"}
			}
		},
		{
			"from": [10.5, 3.5, 9],
			"to": [12.5, 8.5, 11],
			"rotation": {"angle": 22.5, "axis": "z", "origin": [11.5, 8, 10]},
			"faces": {
				"north": {"uv": [1, 5.5, 1.5, 6.75], "texture": "#0"},
				"east": {"uv": [1.5, 5.5, 2, 6.75], "texture": "#0"},
				"south": {"uv": [2, 5.5, 2.5, 6.75], "texture": "#0"},
				"west": {"uv": [2.5, 5.5, 3, 6.75], "texture": "#0"},
				"up": {"uv": [8, 7.25, 7.5, 6.75], "texture": "#0"},
				"down": {"uv": [7.5, 7.5, 7, 8], "texture": "#0"}
			}
		},
		{
			"name": "acbeça",
			"from": [5.5, 7, 5.5],
			"to": [10.5, 12, 10.5],
			"rotation": {"angle": 0, "axis": "y", "origin": [8, 7, 7.5]},
			"faces": {
				"north": {"uv": [1.5, 3, 2.75, 4.25], "texture": "#0"},
				"east": {"uv": [3, 1.5, 4.25, 2.75], "texture": "#0"},
				"south": {"uv": [2.75, 3, 4, 4.25], "texture": "#0"},
				"west": {"uv": [4, 2.75, 5.25, 4], "texture": "#0"},
				"up": {"uv": [5.25, 5.25, 4, 4], "texture": "#0"},
				"down": {"uv": [2.75, 4.25, 1.5, 5.5], "texture": "#0"}
			}
		},
		{
			"from": [9.1, 2, 7],
			"to": [10.9, 7, 8.8],
			"rotation": {"angle": 22.5, "axis": "z", "origin": [10, 6.5, 7.9]},
			"faces": {
				"north": {"uv": [6, 0.5, 6.4375, 1.75], "texture": "#0"},
				"east": {"uv": [6, 1.75, 6.4375, 3], "texture": "#0"},
				"south": {"uv": [3.5, 6, 3.9375, 7.25], "texture": "#0"},
				"west": {"uv": [4, 6, 4.4375, 7.25], "texture": "#0"},
				"up": {"uv": [5.6875, 8.1875, 5.25, 7.75], "texture": "#0"},
				"down": {"uv": [8.1875, 5.5, 7.75, 5.9375], "texture": "#0"}
			}
		},
		{
			"from": [4.4997, 3.7997, 2.9997],
			"to": [5.5003, 8.8003, 4.0003],
			"rotation": {"angle": -22.5, "axis": "x", "origin": [5, 4.8, 3.5]},
			"faces": {
				"north": {"uv": [1, 7.25, 1.25, 8.5], "texture": "#0"},
				"east": {"uv": [5, 7.5, 5.25, 8.75], "texture": "#0"},
				"south": {"uv": [7.5, 5.5, 7.75, 6.75], "texture": "#0"},
				"west": {"uv": [6.25, 7.5, 6.5, 8.75], "texture": "#0"},
				"up": {"uv": [3.25, 3, 3, 2.75], "texture": "#0"},
				"down": {"uv": [3.5, 2.75, 3.25, 3], "texture": "#0"}
			}
		},
		{
			"from": [4.5, 7.8, 2],
			"to": [5.5, 10.8, 3],
			"rotation": {"angle": 22.5, "axis": "x", "origin": [5, 8.8, 2.5]},
			"faces": {
				"north": {"uv": [3.75, 4.25, 4, 5], "texture": "#0"},
				"east": {"uv": [1.25, 4.5, 1.5, 5.25], "texture": "#0"},
				"south": {"uv": [6.25, 4.75, 6.5, 5.5], "texture": "#0"},
				"west": {"uv": [5.75, 7.75, 6, 8.5], "texture": "#0"},
				"up": {"uv": [3.75, 3, 3.5, 2.75], "texture": "#0"},
				"down": {"uv": [4, 2.75, 3.75, 3], "texture": "#0"}
			}
		},
		{
			"from": [4.4999, 7.7999, 0.9999],
			"to": [5.5001, 10.8001, 2.0001],
			"rotation": {"angle": -45, "axis": "x", "origin": [5, 8.8, 1.5]},
			"faces": {
				"north": {"uv": [6, 7.75, 6.25, 8.5], "texture": "#0"},
				"east": {"uv": [7.75, 6, 8, 6.75], "texture": "#0"},
				"south": {"uv": [7.5, 7.75, 7.75, 8.5], "texture": "#0"},
				"west": {"uv": [7.75, 7.75, 8, 8.5], "texture": "#0"},
				"up": {"uv": [4, 5.25, 3.75, 5], "texture": "#0"},
				"down": {"uv": [1.5, 5.25, 1.25, 5.5], "texture": "#0"}
			}
		},
		{
			"from": [9.1, 8, 9.1],
			"to": [10.9, 12, 10.9],
			"rotation": {"angle": 22.5, "axis": "z", "origin": [10, 11.5, 10]},
			"faces": {
				"north": {"uv": [1.25, 6.75, 1.6875, 7.75], "texture": "#0"},
				"east": {"uv": [1.75, 6.75, 2.1875, 7.75], "texture": "#0"},
				"south": {"uv": [2.25, 6.75, 2.6875, 7.75], "texture": "#0"},
				"west": {"uv": [2.75, 6.75, 3.1875, 7.75], "texture": "#0"},
				"up": {"uv": [7.9375, 7.6875, 7.5, 7.25], "texture": "#0"},
				"down": {"uv": [1.6875, 7.75, 1.25, 8.1875], "texture": "#0"}
			}
		}
	],
	"display": {
		"thirdperson_righthand": {
			"rotation": [69.5, 0, 0],
			"translation": [0, 2.25, 3],
			"scale": [0.8, 0.8, 0.8]
		},
		"thirdperson_lefthand": {
			"rotation": [69.5, 0, 0],
			"translation": [0, 2.25, 3],
			"scale": [0.8, 0.8, 0.8]
		},
		"firstperson_righthand": {
			"rotation": [-180, 47.75, -180],
			"translation": [0.5, 6.25, -2.5]
		},
		"firstperson_lefthand": {
			"rotation": [-180, 47.75, -180],
			"translation": [0.5, 6.25, -2.5]
		},
		"ground": {
			"translation": [0, 4, 0],
			"scale": [0.8, 0.8, 0.8]
		},
		"gui": {
			"rotation": [-180, -39.25, -180],
			"translation": [-0.5, 1.25, 0]
		},
		"head": {
			"translation": [0, 13.5, 0]
		},
		"fixed": {
			"rotation": [-90, 0, 0],
			"translation": [0, 0, -10.75],
			"scale": [1.5, 1.5, 1.5]
		}
	}
}