{
	"credit": "Made with Blockbench",
	"textures": {
		"1": "item/custom/item_funny/keljoy"
	},
	"elements": [
		{
			"from": [7, 0.1, 7],
			"to": [9, 5.1, 9],
			"rotation": {"angle": 0, "axis": "z", "origin": [7, 0.1, 7]},
			"faces": {
				"north": {"uv": [4, 8, 6, 13], "texture": "#1"},
				"east": {"uv": [8, 4, 10, 9], "texture": "#1"},
				"south": {"uv": [6, 8, 8, 13], "texture": "#1"},
				"west": {"uv": [8, 9, 10, 14], "texture": "#1"},
				"up": {"uv": [12, 6, 10, 4], "texture": "#1"},
				"down": {"uv": [12, 6, 10, 8], "texture": "#1"}
			}
		},
		{
			"from": [6, 5, 6],
			"to": [10, 9, 10],
			"rotation": {"angle": 0, "axis": "y", "origin": [7, 5, 7]},
			"faces": {
				"north": {"uv": [0, 0, 4, 4], "texture": "#1"},
				"east": {"uv": [0, 4, 4, 8], "texture": "#1"},
				"south": {"uv": [4, 0, 8, 4], "texture": "#1"},
				"west": {"uv": [4, 4, 8, 8], "texture": "#1"},
				"up": {"uv": [4, 12, 0, 8], "texture": "#1"},
				"down": {"uv": [12, 0, 8, 4], "texture": "#1"}
			}
		}
	],
	"display": {
		"thirdperson_righthand": {
			"translation": [0, 5, -0.75]
		},
		"thirdperson_lefthand": {
			"translation": [0, 5, -0.75]
		},
		"firstperson_righthand": {
			"rotation": [0, -32.75, 0],
			"translation": [-0.5, 9.25, 1.5]
		},
		"firstperson_lefthand": {
			"translation": [-0.5, 9.25, 1.5]
		},
		"ground": {
			"translation": [0, 8.25, 0],
			"scale": [1.25, 1.25, 1.25]
		},
		"gui": {
			"translation": [0, 2.75, 0]
		},
		"head": {
			"rotation": [0, 180, 0],
			"translation": [0, 18, 0],
			"scale": [1.5, 1.5, 1.5]
		},
		"fixed": {
			"rotation": [-90, 180, 0],
			"translation": [0, 0, -19.25],
			"scale": [2.5, 2.5, 2.5]
		}
	}
}