{
	"credit": "Made with Blockbench",
	"texture_size": [32, 32],
	"textures": {
		"0": "item/custom/item_funny/materiarosa",
		"particle": "item/custom/item_funny/materiarosa"
	},
	"elements": [
		{
			"from": [4, 0, 4],
			"to": [12, 3, 12],
			"rotation": {"angle": 0, "axis": "y", "origin": [8, 1, 8]},
			"faces": {
				"north": {"uv": [4, 0, 8, 1.5], "texture": "#0"},
				"east": {"uv": [4, 1.5, 8, 3], "texture": "#0"},
				"south": {"uv": [4, 3, 8, 4.5], "texture": "#0"},
				"west": {"uv": [4, 4.5, 8, 6], "texture": "#0"},
				"up": {"uv": [4, 4, 0, 0], "texture": "#0"},
				"down": {"uv": [4, 4, 0, 8], "texture": "#0"}
			}
		},
		{
			"from": [7, 3, 7],
			"to": [9, 6, 9],
			"rotation": {"angle": 0, "axis": "y", "origin": [8, 4, 8]},
			"faces": {
				"north": {"uv": [7, 6, 8, 7.5], "texture": "#0"},
				"east": {"uv": [4, 7.5, 5, 9], "texture": "#0"},
				"south": {"uv": [5, 7.5, 6, 9], "texture": "#0"},
				"west": {"uv": [6, 7.5, 7, 9], "texture": "#0"},
				"up": {"uv": [8, 8.5, 7, 7.5], "texture": "#0"},
				"down": {"uv": [1, 8, 0, 9], "texture": "#0"}
			}
		},
		{
			"from": [6.4999, 2.4999, 6.4999],
			"to": [9.5001, 3.5001, 9.5001],
			"rotation": {"angle": 0, "axis": "y", "origin": [8, 3.5, 8]},
			"faces": {
				"north": {"uv": [8, 0, 9.5, 0.5], "texture": "#0"},
				"east": {"uv": [8, 0.5, 9.5, 1], "texture": "#0"},
				"south": {"uv": [1, 8, 2.5, 8.5], "texture": "#0"},
				"west": {"uv": [8, 1, 9.5, 1.5], "texture": "#0"},
				"up": {"uv": [5.5, 7.5, 4, 6], "texture": "#0"},
				"down": {"uv": [7, 6, 5.5, 7.5], "texture": "#0"}
			}
		}
	],
	"display": {
		"thirdperson_righthand": {
			"translation": [0, 3.75, 0],
			"scale": [0.52, 0.52, 0.52]
		},
		"thirdperson_lefthand": {
			"translation": [0, 3.75, 0],
			"scale": [0.52, 0.52, 0.52]
		},
		"firstperson_righthand": {
			"translation": [0, 9.25, 0]
		},
		"firstperson_lefthand": {
			"translation": [0, 9.25, 0]
		},
		"ground": {
			"translation": [0, 8.25, 0]
		},
		"gui": {
			"rotation": [16.88, 12.66, 35.88],
			"translation": [-4, 4.25, 0]
		},
		"head": {
			"translation": [0, 18, 0],
			"scale": [1.5, 1.5, 1.5]
		},
		"fixed": {
			"rotation": [-90, 0, 0],
			"translation": [0, 0, -19.25],
			"scale": [2.5, 2.5, 2.5]
		}
	}
}