{
	"credit": "Made with Blockbench",
	"texture_size": [32, 32],
	"textures": {
		"0": "item/custom/item_funny/animados/medidorki/medidorki",
		"particle": "item/custom/item_funny/animados/medidorki/medidorki"
	},
	"elements": [
		{
			"from": [3, 4, 4],
			"to": [5, 10, 10],
			"rotation": {"angle": 0, "axis": "y", "origin": [3, 5, 7]},
			"faces": {
				"north": {"uv": [3, 3, 4, 6], "texture": "#0"},
				"east": {"uv": [0, 0, 3, 3], "texture": "#0"},
				"south": {"uv": [4, 3, 5, 6], "texture": "#0"},
				"west": {"uv": [0, 3, 3, 6], "texture": "#0"},
				"up": {"uv": [6, 6, 5, 3], "texture": "#0"},
				"down": {"uv": [1, 6, 0, 9], "texture": "#0"}
			}
		},
		{
			"from": [3.5, 5.5, 2],
			"to": [4.5, 8.5, 4],
			"rotation": {"angle": 0, "axis": "y", "origin": [3, 5, 1]},
			"faces": {
				"north": {"uv": [3, 6, 3.5, 7.5], "texture": "#0"},
				"east": {"uv": [6, 0, 7, 1.5], "texture": "#0"},
				"south": {"uv": [6, 3, 6.5, 4.5], "texture": "#0"},
				"west": {"uv": [1, 6, 2, 7.5], "texture": "#0"},
				"up": {"uv": [6.5, 7, 6, 6], "texture": "#0"},
				"down": {"uv": [7, 3, 6.5, 4], "texture": "#0"}
			}
		},
		{
			"from": [3.80646, 5.4999, 0.4587],
			"to": [4.80666, 8.5001, 2.4589],
			"rotation": {"angle": -22.5, "axis": "y", "origin": [4.30656, 7, 1.4588]},
			"faces": {
				"north": {"uv": [3.5, 6, 4, 7.5], "texture": "#0"},
				"east": {"uv": [6, 1.5, 7, 3], "texture": "#0"},
				"south": {"uv": [4, 6, 4.5, 7.5], "texture": "#0"},
				"west": {"uv": [2, 6, 3, 7.5], "texture": "#0"},
				"up": {"uv": [7, 5, 6.5, 4], "texture": "#0"},
				"down": {"uv": [7, 5, 6.5, 6], "texture": "#0"}
			}
		},
		{
			"from": [4.30656, 5.5, -0.0412],
			"to": [5.30656, 8.5, 0.9588],
			"rotation": {"angle": 0, "axis": "y", "origin": [5.30656, 7, 0.4588]},
			"faces": {
				"north": {"uv": [4.5, 6, 5, 7.5], "texture": "#0"},
				"east": {"uv": [6, 4.5, 6.5, 6], "texture": "#0"},
				"south": {"uv": [5, 6, 5.5, 7.5], "texture": "#0"},
				"west": {"uv": [5.5, 6, 6, 7.5], "texture": "#0"},
				"up": {"uv": [7, 6.5, 6.5, 6], "texture": "#0"},
				"down": {"uv": [7, 6.5, 6.5, 7], "texture": "#0"}
			}
		},
		{
			"from": [5.30646, 5.4999, 0.4587],
			"to": [11.30666, 8.5001, 0.4589],
			"rotation": {"angle": 0, "axis": "y", "origin": [5.30656, 7, 0.9588]},
			"faces": {
				"north": {"uv": [3, 0, 6, 1.5], "texture": "#0"},
				"east": {"uv": [0, 0, 0, 1.5], "texture": "#0"},
				"south": {"uv": [3, 1.5, 6, 3], "texture": "#0"},
				"west": {"uv": [0, 0, 0, 1.5], "texture": "#0"},
				"up": {"uv": [3, 0, 0, 0], "texture": "#0"},
				"down": {"uv": [3, 0, 0, 0], "texture": "#0"}
			}
		}
	],
	"display": {
		"thirdperson_righthand": {
			"translation": [2.25, -1, 0],
			"scale": [0.5, 0.5, 0.5]
		},
		"thirdperson_lefthand": {
			"translation": [-2.25, -1, 0],
			"scale": [0.5, 0.5, 0.5]
		},
		"firstperson_righthand": {
			"rotation": [-180, 61.75, -180],
			"translation": [0, 4.25, -3.75]
		},
		"firstperson_lefthand": {
			"rotation": [0, -14, 0],
			"translation": [1.25, 1.75, -1.75]
		},
		"ground": {
			"translation": [0, 4, 0]
		},
		"head": {
			"translation": [-3.5, 0, 0]
		}
	}
}