{
	"credit": "Made with Blockbench",
	"textures": {
		"0": "item/custom/item_funny/olhosgigantesminiboi",
		"particle": "item/custom/item_funny/olhosgigantesminiboi"
	},
	"elements": [
		{
			"from": [4, 0, 2],
			"to": [7.1, 3, 9],
			"rotation": {"angle": 0, "axis": "y", "origin": [5.1, 0, 7]},
			"faces": {
				"north": {"uv": [7, 3, 10, 6], "texture": "#0"},
				"east": {"uv": [0, 0, 7, 3], "texture": "#0"},
				"south": {"uv": [10, 3, 13, 6], "texture": "#0"},
				"west": {"uv": [0, 3, 7, 6], "texture": "#0"},
				"up": {"uv": [3, 13, 0, 6], "texture": "#0"},
				"down": {"uv": [6, 6, 3, 13], "texture": "#0"}
			}
		},
		{
			"from": [8.9, 0, 2],
			"to": [12, 3, 9],
			"rotation": {"angle": 0, "axis": "y", "origin": [8.9, 0, 7]},
			"faces": {
				"north": {"uv": [12, 9, 15, 12], "texture": "#0"},
				"east": {"uv": [6, 6, 13, 9], "texture": "#0"},
				"south": {"uv": [12, 12, 15, 15], "texture": "#0"},
				"west": {"uv": [7, 0, 14, 3], "texture": "#0"},
				"up": {"uv": [9, 16, 6, 9], "texture": "#0"},
				"down": {"uv": [12, 9, 9, 16], "texture": "#0"}
			}
		}
	],
	"display": {
		"thirdperson_righthand": {
			"translation": [0, 5, 0],
			"scale": [0, 0, 0]
		},
		"thirdperson_lefthand": {
			"scale": [0, 0, 0]
		},
		"firstperson_righthand": {
			"scale": [0, 0, 0]
		},
		"firstperson_lefthand": {
			"scale": [0, 0, 0]
		},
		"ground": {
			"translation": [0, 4.25, 0]
		},
		"gui": {
			"rotation": [0, 169, 0],
			"translation": [0, 6.25, 0],
			"scale": [1, 1.02, 1]
		},
		"head": {
			"translation": [0, 12, -7.25],
			"scale": [1.61398, 1.75, 1.59008]
		},
		"fixed": {
			"translation": [0, 0, -0.75]
		}
	}
}