{
	"credit": "Made with Blockbench",
	"texture_size": [64, 64],
	"textures": {
		"0": "item/custom/item_funny/PudimAmigo",
		"particle": "item/custom/item_funny/PudimAmigo"
	},
	"elements": [
		{
			"from": [4, 0, 6],
			"to": [12, 4, 14],
			"rotation": {"angle": 0, "axis": "y", "origin": [7, 0, 7]},
			"faces": {
				"north": {"uv": [1.75, 4, 3.75, 5], "texture": "#0"},
				"east": {"uv": [4, 1.75, 6, 2.75], "texture": "#0"},
				"south": {"uv": [4, 2.75, 6, 3.75], "texture": "#0"},
				"west": {"uv": [3.75, 4, 5.75, 5], "texture": "#0"},
				"up": {"uv": [2, 2, 0, 0], "texture": "#0"},
				"down": {"uv": [2, 2, 0, 4], "texture": "#0"}
			}
		},
		{
			"from": [4.5, 4, 6.5],
			"to": [11.5, 8, 13.5],
			"rotation": {"angle": 0, "axis": "y", "origin": [7, 5, 7]},
			"faces": {
				"north": {"uv": [4.75, 5, 6.5, 6], "texture": "#0"},
				"east": {"uv": [0, 5.75, 1.75, 6.75], "texture": "#0"},
				"south": {"uv": [5.75, 0, 7.5, 1], "texture": "#0"},
				"west": {"uv": [5.75, 3.75, 7.5, 4.75], "texture": "#0"},
				"up": {"uv": [1.75, 5.75, 0, 4], "texture": "#0"},
				"down": {"uv": [5.75, 0, 4, 1.75], "texture": "#0"}
			}
		},
		{
			"from": [4.4, 4.2, 6.1],
			"to": [5.7, 5.7, 7.4],
			"rotation": {"angle": 0, "axis": "y", "origin": [4.9, 5.2, 6.6]},
			"faces": {
				"north": {"uv": [3.75, 8, 4.0625, 8.375], "texture": "#0"},
				"east": {"uv": [5.5, 8, 5.8125, 8.375], "texture": "#0"},
				"south": {"uv": [8, 6, 8.3125, 6.375], "texture": "#0"},
				"west": {"uv": [8, 7.5, 8.3125, 7.875], "texture": "#0"},
				"up": {"uv": [1.5625, 8.8125, 1.25, 8.5], "texture": "#0"},
				"down": {"uv": [8.8125, 1.5, 8.5, 1.8125], "texture": "#0"}
			}
		},
		{
			"from": [3.18425, 2.97643, 9.1],
			"to": [4.48425, 4.47643, 10.4],
			"rotation": {"angle": 22.5, "axis": "z", "origin": [3.83425, 3.72643, 9.75]},
			"faces": {
				"north": {"uv": [8, 8, 8.3125, 8.375], "texture": "#0"},
				"east": {"uv": [8.25, 0, 8.5625, 0.375], "texture": "#0"},
				"south": {"uv": [0.25, 8.25, 0.5625, 8.625], "texture": "#0"},
				"west": {"uv": [0.75, 8.25, 1.0625, 8.625], "texture": "#0"},
				"up": {"uv": [2.0625, 8.8125, 1.75, 8.5], "texture": "#0"},
				"down": {"uv": [8.8125, 2, 8.5, 2.3125], "texture": "#0"}
			}
		},
		{
			"from": [0.98321, 2.67894, 9.3],
			"to": [3.28321, 3.77894, 10.2],
			"rotation": {"angle": 22.5, "axis": "z", "origin": [2.63321, 3.22894, 9.75]},
			"faces": {
				"north": {"uv": [4, 3.75, 4.5625, 4], "texture": "#0"},
				"east": {"uv": [5.5, 3.75, 5.75, 4], "texture": "#0"},
				"south": {"uv": [4.75, 3.75, 5.3125, 4], "texture": "#0"},
				"west": {"uv": [6.5, 5.75, 6.75, 6], "texture": "#0"},
				"up": {"uv": [6.3125, 5, 5.75, 4.75], "texture": "#0"},
				"down": {"uv": [6.5625, 3.5, 6, 3.75], "texture": "#0"}
			}
		},
		{
			"from": [-1.17998, 2.00565, 9.08551],
			"to": [1.12002, 3.10565, 9.98551],
			"rotation": {"angle": -22.5, "axis": "y", "origin": [0.47002, 2.55565, 9.53551]},
			"faces": {
				"north": {"uv": [1, 6.75, 1.5625, 7], "texture": "#0"},
				"east": {"uv": [3.25, 8, 3.5, 8.25], "texture": "#0"},
				"south": {"uv": [6.75, 3.5, 7.3125, 3.75], "texture": "#0"},
				"west": {"uv": [5.25, 8.25, 5.5, 8.5], "texture": "#0"},
				"up": {"uv": [6.5625, 7.75, 6, 7.5], "texture": "#0"},
				"down": {"uv": [8.3125, 3.5, 7.75, 3.75], "texture": "#0"}
			}
		},
		{
			"from": [-2.15662, 1.9388, 7.01983],
			"to": [-0.75662, 3.4388, 8.81983],
			"rotation": {"angle": 45, "axis": "y", "origin": [-1.33162, 3.2138, 8.16983]},
			"faces": {
				"north": {"uv": [7.75, 3.75, 8.125, 4.125], "texture": "#0"},
				"east": {"uv": [7.5, 0, 7.9375, 0.375], "texture": "#0"},
				"south": {"uv": [4.25, 7.75, 4.625, 8.125], "texture": "#0"},
				"west": {"uv": [0.5, 7.5, 0.9375, 7.875], "texture": "#0"},
				"up": {"uv": [7.875, 0.9375, 7.5, 0.5], "texture": "#0"},
				"down": {"uv": [1.375, 7.5, 1, 7.9375], "texture": "#0"}
			}
		},
		{
			"from": [-1.65662, 3.4388, 8.01983],
			"to": [-0.75662, 4.0388, 8.81983],
			"rotation": {"angle": 45, "axis": "y", "origin": [-1.33162, 3.2138, 8.16983]},
			"faces": {
				"north": {"uv": [9, 6.5, 9.25, 6.625], "texture": "#0"},
				"east": {"uv": [9.25, 0.5, 9.4375, 0.625], "texture": "#0"},
				"south": {"uv": [6.75, 9, 7, 9.125], "texture": "#0"},
				"west": {"uv": [0.75, 9.25, 0.9375, 9.375], "texture": "#0"},
				"up": {"uv": [9, 6.6875, 8.75, 6.5], "texture": "#0"},
				"down": {"uv": [7, 8.75, 6.75, 8.9375], "texture": "#0"}
			}
		},
		{
			"from": [5, -2, 6.9],
			"to": [5.9, 0.2, 8],
			"rotation": {"angle": 0, "axis": "y", "origin": [5.2, 0, 7.2]},
			"faces": {
				"north": {"uv": [3.5, 7.75, 3.75, 8.3125], "texture": "#0"},
				"east": {"uv": [7.75, 5.75, 8, 6.3125], "texture": "#0"},
				"south": {"uv": [6, 7.75, 6.25, 8.3125], "texture": "#0"},
				"west": {"uv": [6.25, 7.75, 6.5, 8.3125], "texture": "#0"},
				"up": {"uv": [9, 3, 8.75, 2.75], "texture": "#0"},
				"down": {"uv": [9, 3, 8.75, 3.25], "texture": "#0"}
			}
		},
		{
			"from": [4.9, -1.9, 6.8],
			"to": [6, -0.8, 8.1],
			"rotation": {"angle": 0, "axis": "y", "origin": [5.2, 0, 7.2]},
			"faces": {
				"north": {"uv": [8.75, 3.25, 9, 3.5], "texture": "#0"},
				"east": {"uv": [8.5, 5.25, 8.8125, 5.5], "texture": "#0"},
				"south": {"uv": [8.75, 3.75, 9, 4], "texture": "#0"},
				"west": {"uv": [8.5, 5.5, 8.8125, 5.75], "texture": "#0"},
				"up": {"uv": [8, 8.5625, 7.75, 8.25], "texture": "#0"},
				"down": {"uv": [6, 8.5, 5.75, 8.8125], "texture": "#0"}
			}
		},
		{
			"from": [4.9, -2.7, 5.3],
			"to": [6, -1.9, 8.1],
			"rotation": {"angle": 0, "axis": "y", "origin": [5.2, -2, 7.2]},
			"faces": {
				"north": {"uv": [8.75, 6.75, 9, 6.9375], "texture": "#0"},
				"east": {"uv": [8, 3.25, 8.6875, 3.4375], "texture": "#0"},
				"south": {"uv": [7, 8.75, 7.25, 8.9375], "texture": "#0"},
				"west": {"uv": [8, 4.25, 8.6875, 4.4375], "texture": "#0"},
				"up": {"uv": [6, 1.6875, 5.75, 1], "texture": "#0"},
				"down": {"uv": [3.75, 7, 3.5, 7.6875], "texture": "#0"}
			}
		},
		{
			"from": [4.3, 7, 6.3],
			"to": [11.7, 8.4, 13.7],
			"rotation": {"angle": 0, "axis": "y", "origin": [7, 8, 7]},
			"faces": {
				"north": {"uv": [6, 3, 7.875, 3.375], "texture": "#0"},
				"east": {"uv": [1.75, 6.5, 3.625, 6.875], "texture": "#0"},
				"south": {"uv": [6.5, 4.75, 8.375, 5.125], "texture": "#0"},
				"west": {"uv": [6.5, 5.25, 8.375, 5.625], "texture": "#0"},
				"up": {"uv": [3.875, 1.875, 2, 0], "texture": "#0"},
				"down": {"uv": [3.875, 2, 2, 3.875], "texture": "#0"}
			}
		},
		{
			"from": [5.3, 8, 7.3],
			"to": [10.7, 9.4, 12.7],
			"rotation": {"angle": 0, "axis": "y", "origin": [7, 9, 7]},
			"faces": {
				"north": {"uv": [1, 7, 2.375, 7.375], "texture": "#0"},
				"east": {"uv": [7, 1, 8.375, 1.375], "texture": "#0"},
				"south": {"uv": [7, 1.5, 8.375, 1.875], "texture": "#0"},
				"west": {"uv": [7, 2, 8.375, 2.375], "texture": "#0"},
				"up": {"uv": [3.125, 6.375, 1.75, 5], "texture": "#0"},
				"down": {"uv": [4.625, 5, 3.25, 6.375], "texture": "#0"}
			}
		},
		{
			"from": [6.3, 9, 8.3],
			"to": [9.7, 10.4, 11.7],
			"rotation": {"angle": 0, "axis": "y", "origin": [7, 10, 7]},
			"faces": {
				"north": {"uv": [2.5, 7, 3.375, 7.375], "texture": "#0"},
				"east": {"uv": [7, 2.5, 7.875, 2.875], "texture": "#0"},
				"south": {"uv": [4.75, 7, 5.625, 7.375], "texture": "#0"},
				"west": {"uv": [5.75, 7, 6.625, 7.375], "texture": "#0"},
				"up": {"uv": [6.875, 1.875, 6, 1], "texture": "#0"},
				"down": {"uv": [6.875, 2, 6, 2.875], "texture": "#0"}
			}
		},
		{
			"from": [6.3, 10.4, 8.3],
			"to": [9.7, 13.4, 11.7],
			"rotation": {"angle": 0, "axis": "y", "origin": [7, 11, 7]},
			"faces": {
				"north": {"uv": [3.75, 6.5, 4.625, 7.25], "texture": "#0"},
				"east": {"uv": [0, 6.75, 0.875, 7.5], "texture": "#0"},
				"south": {"uv": [6.75, 5.75, 7.625, 6.5], "texture": "#0"},
				"west": {"uv": [6.75, 6.5, 7.625, 7.25], "texture": "#0"},
				"up": {"uv": [5.625, 6.875, 4.75, 6], "texture": "#0"},
				"down": {"uv": [6.625, 6, 5.75, 6.875], "texture": "#0"}
			}
		},
		{
			"from": [6.2, 6.3, 6.3],
			"to": [7.1, 7.1, 6.7],
			"rotation": {"angle": 0, "axis": "y", "origin": [7.25, 6.5, 6.5]},
			"faces": {
				"north": {"uv": [8.75, 7, 9, 7.1875], "texture": "#0"},
				"east": {"uv": [9.25, 0.75, 9.375, 0.9375], "texture": "#0"},
				"south": {"uv": [7.25, 8.75, 7.5, 8.9375], "texture": "#0"},
				"west": {"uv": [1, 9.25, 1.125, 9.4375], "texture": "#0"},
				"up": {"uv": [9.25, 6.875, 9, 6.75], "texture": "#0"},
				"down": {"uv": [7.25, 9, 7, 9.125], "texture": "#0"}
			}
		},
		{
			"from": [4.3, 6.3, 9.3],
			"to": [4.7, 7.1, 10.9],
			"rotation": {"angle": 0, "axis": "y", "origin": [4.5, 6.4, 13]},
			"faces": {
				"north": {"uv": [9.25, 1, 9.375, 1.1875], "texture": "#0"},
				"east": {"uv": [0.25, 8.75, 0.625, 8.9375], "texture": "#0"},
				"south": {"uv": [9.25, 1.25, 9.375, 1.4375], "texture": "#0"},
				"west": {"uv": [0.75, 8.75, 1.125, 8.9375], "texture": "#0"},
				"up": {"uv": [7.875, 9.125, 7.75, 8.75], "texture": "#0"},
				"down": {"uv": [8.875, 7.75, 8.75, 8.125], "texture": "#0"}
			}
		},
		{
			"from": [4.3, 6.3, 11.3],
			"to": [4.7, 7.1, 12],
			"rotation": {"angle": 0, "axis": "y", "origin": [4.5, 6.7, 11.65]},
			"faces": {
				"north": {"uv": [9.25, 1.5, 9.375, 1.6875], "texture": "#0"},
				"east": {"uv": [6, 9, 6.1875, 9.1875], "texture": "#0"},
				"south": {"uv": [9.25, 1.75, 9.375, 1.9375], "texture": "#0"},
				"west": {"uv": [6.25, 9, 6.4375, 9.1875], "texture": "#0"},
				"up": {"uv": [2.375, 9.4375, 2.25, 9.25], "texture": "#0"},
				"down": {"uv": [9.375, 2.25, 9.25, 2.4375], "texture": "#0"}
			}
		},
		{
			"from": [4.3, 5.5, 12.3],
			"to": [4.7, 7.1, 13.7],
			"rotation": {"angle": 0, "axis": "y", "origin": [4.5, 6.3, 13]},
			"faces": {
				"north": {"uv": [8.5, 8.75, 8.625, 9.125], "texture": "#0"},
				"east": {"uv": [6.5, 7.75, 6.875, 8.125], "texture": "#0"},
				"south": {"uv": [8.75, 8.75, 8.875, 9.125], "texture": "#0"},
				"west": {"uv": [7.75, 6.5, 8.125, 6.875], "texture": "#0"},
				"up": {"uv": [9.125, 0.375, 9, 0], "texture": "#0"},
				"down": {"uv": [0.375, 9, 0.25, 9.375], "texture": "#0"}
			}
		},
		{
			"from": [4.7, 6.1, 13.3],
			"to": [6.1, 7.1, 13.7],
			"rotation": {"angle": 0, "axis": "y", "origin": [5.4, 6.3, 13.5]},
			"faces": {
				"north": {"uv": [8.5, 3.5, 8.875, 3.75], "texture": "#0"},
				"east": {"uv": [9, 7, 9.125, 7.25], "texture": "#0"},
				"south": {"uv": [8.5, 4.75, 8.875, 5], "texture": "#0"},
				"west": {"uv": [7.25, 9, 7.375, 9.25], "texture": "#0"},
				"up": {"uv": [9.125, 7.375, 8.75, 7.25], "texture": "#0"},
				"down": {"uv": [0.875, 9, 0.5, 9.125], "texture": "#0"}
			}
		},
		{
			"from": [6.5, 6.1, 13.3],
			"to": [7.7, 7.1, 13.7],
			"rotation": {"angle": 0, "axis": "y", "origin": [7.2, 6.3, 13.5]},
			"faces": {
				"north": {"uv": [6, 8.5, 6.3125, 8.75], "texture": "#0"},
				"east": {"uv": [7.5, 9, 7.625, 9.25], "texture": "#0"},
				"south": {"uv": [8.5, 6, 8.8125, 6.25], "texture": "#0"},
				"west": {"uv": [9, 7.5, 9.125, 7.75], "texture": "#0"},
				"up": {"uv": [9.3125, 3.625, 9, 3.5], "texture": "#0"},
				"down": {"uv": [4.0625, 9, 3.75, 9.125], "texture": "#0"}
			}
		},
		{
			"from": [8.3, 6.1, 13.3],
			"to": [9.5, 7.1, 13.7],
			"rotation": {"angle": 0, "axis": "y", "origin": [8.8, 6.3, 13.5]},
			"faces": {
				"north": {"uv": [8.5, 6.25, 8.8125, 6.5], "texture": "#0"},
				"east": {"uv": [9, 7.75, 9.125, 8], "texture": "#0"},
				"south": {"uv": [8.5, 7.5, 8.8125, 7.75], "texture": "#0"},
				"west": {"uv": [8, 9, 8.125, 9.25], "texture": "#0"},
				"up": {"uv": [9.3125, 3.875, 9, 3.75], "texture": "#0"},
				"down": {"uv": [9.3125, 4, 9, 4.125], "texture": "#0"}
			}
		},
		{
			"from": [11.3, 5.9, 6.3],
			"to": [11.7, 7.1, 8.4],
			"rotation": {"angle": 0, "axis": "y", "origin": [11.5, 6.4, 10]},
			"faces": {
				"north": {"uv": [9, 4.25, 9.125, 4.5625], "texture": "#0"},
				"east": {"uv": [1.5, 7.5, 2, 7.8125], "texture": "#0"},
				"south": {"uv": [9, 4.75, 9.125, 5.0625], "texture": "#0"},
				"west": {"uv": [2, 7.5, 2.5, 7.8125], "texture": "#0"},
				"up": {"uv": [8.875, 4.5, 8.75, 4], "texture": "#0"},
				"down": {"uv": [4.375, 8.75, 4.25, 9.25], "texture": "#0"}
			}
		},
		{
			"from": [10.4, 5.9, 6.3],
			"to": [11.3, 7.1, 6.7],
			"rotation": {"angle": 0, "axis": "y", "origin": [10.25, 6.5, 6.5]},
			"faces": {
				"north": {"uv": [7.5, 8.5, 7.75, 8.8125], "texture": "#0"},
				"east": {"uv": [5, 9, 5.125, 9.3125], "texture": "#0"},
				"south": {"uv": [8.5, 7.75, 8.75, 8.0625], "texture": "#0"},
				"west": {"uv": [5.25, 9, 5.375, 9.3125], "texture": "#0"},
				"up": {"uv": [9.25, 8.125, 9, 8], "texture": "#0"},
				"down": {"uv": [8.5, 9, 8.25, 9.125], "texture": "#0"}
			}
		},
		{
			"from": [8.9, 6.3, 6.3],
			"to": [9.8, 7.1, 6.7],
			"rotation": {"angle": 0, "axis": "y", "origin": [8.75, 6.5, 6.5]},
			"faces": {
				"north": {"uv": [9, 0.5, 9.25, 0.6875], "texture": "#0"},
				"east": {"uv": [2.5, 9.25, 2.625, 9.4375], "texture": "#0"},
				"south": {"uv": [1, 9, 1.25, 9.1875], "texture": "#0"},
				"west": {"uv": [9.25, 2.5, 9.375, 2.6875], "texture": "#0"},
				"up": {"uv": [9.25, 8.375, 9, 8.25], "texture": "#0"},
				"down": {"uv": [9.25, 8.5, 9, 8.625], "texture": "#0"}
			}
		},
		{
			"from": [11.3, 6.3, 11.3],
			"to": [11.7, 7.1, 12],
			"rotation": {"angle": 0, "axis": "y", "origin": [11.5, 6.7, 11.65]},
			"faces": {
				"north": {"uv": [2.75, 9.25, 2.875, 9.4375], "texture": "#0"},
				"east": {"uv": [9, 6.25, 9.1875, 6.4375], "texture": "#0"},
				"south": {"uv": [9.25, 2.75, 9.375, 2.9375], "texture": "#0"},
				"west": {"uv": [6.5, 9, 6.6875, 9.1875], "texture": "#0"},
				"up": {"uv": [3.125, 9.4375, 3, 9.25], "texture": "#0"},
				"down": {"uv": [9.375, 3, 9.25, 3.1875], "texture": "#0"}
			}
		},
		{
			"from": [11.3, 6.3, 9.3],
			"to": [11.7, 7.1, 10.9],
			"rotation": {"angle": 0, "axis": "y", "origin": [11.5, 6.4, 13]},
			"faces": {
				"north": {"uv": [3.25, 9.25, 3.375, 9.4375], "texture": "#0"},
				"east": {"uv": [8.75, 0.75, 9.125, 0.9375], "texture": "#0"},
				"south": {"uv": [9.25, 3.25, 9.375, 3.4375], "texture": "#0"},
				"west": {"uv": [8.75, 2.5, 9.125, 2.6875], "texture": "#0"},
				"up": {"uv": [9.125, 1.375, 9, 1], "texture": "#0"},
				"down": {"uv": [1.375, 9, 1.25, 9.375], "texture": "#0"}
			}
		},
		{
			"from": [11.3, 5.5, 12.3],
			"to": [11.7, 7.1, 13.7],
			"rotation": {"angle": 0, "axis": "y", "origin": [11.5, 6.3, 13]},
			"faces": {
				"north": {"uv": [1.5, 9, 1.625, 9.375], "texture": "#0"},
				"east": {"uv": [7, 7.75, 7.375, 8.125], "texture": "#0"},
				"south": {"uv": [9, 1.5, 9.125, 1.875], "texture": "#0"},
				"west": {"uv": [7.75, 7, 8.125, 7.375], "texture": "#0"},
				"up": {"uv": [1.875, 9.375, 1.75, 9], "texture": "#0"},
				"down": {"uv": [2.125, 9, 2, 9.375], "texture": "#0"}
			}
		},
		{
			"from": [9.9, 6.1, 13.3],
			"to": [11.3, 7.1, 13.7],
			"rotation": {"angle": 0, "axis": "y", "origin": [10.6, 6.3, 13.5]},
			"faces": {
				"north": {"uv": [8.5, 5, 8.875, 5.25], "texture": "#0"},
				"east": {"uv": [9, 8.75, 9.125, 9], "texture": "#0"},
				"south": {"uv": [5.25, 8.5, 5.625, 8.75], "texture": "#0"},
				"west": {"uv": [9, 9, 9.125, 9.25], "texture": "#0"},
				"up": {"uv": [9.375, 2.125, 9, 2], "texture": "#0"},
				"down": {"uv": [2.625, 9, 2.25, 9.125], "texture": "#0"}
			}
		},
		{
			"from": [4.3, 5.9, 6.3],
			"to": [4.7, 7.1, 8.4],
			"rotation": {"angle": 0, "axis": "y", "origin": [4.5, 6.4, 10]},
			"faces": {
				"north": {"uv": [9, 5.25, 9.125, 5.5625], "texture": "#0"},
				"east": {"uv": [2.5, 7.5, 3, 7.8125], "texture": "#0"},
				"south": {"uv": [5.5, 9, 5.625, 9.3125], "texture": "#0"},
				"west": {"uv": [3, 7.5, 3.5, 7.8125], "texture": "#0"},
				"up": {"uv": [4.625, 9.25, 4.5, 8.75], "texture": "#0"},
				"down": {"uv": [4.875, 8.75, 4.75, 9.25], "texture": "#0"}
			}
		},
		{
			"from": [4.7, 5.9, 6.3],
			"to": [5.6, 7.1, 6.7],
			"rotation": {"angle": 0, "axis": "y", "origin": [5.75, 6.5, 6.5]},
			"faces": {
				"north": {"uv": [8, 8.5, 8.25, 8.8125], "texture": "#0"},
				"east": {"uv": [5.75, 9, 5.875, 9.3125], "texture": "#0"},
				"south": {"uv": [8.25, 8.5, 8.5, 8.8125], "texture": "#0"},
				"west": {"uv": [9, 5.75, 9.125, 6.0625], "texture": "#0"},
				"up": {"uv": [0.25, 9.375, 0, 9.25], "texture": "#0"},
				"down": {"uv": [9.5, 0, 9.25, 0.125], "texture": "#0"}
			}
		},
		{
			"from": [10.1, -2.6, 5.4],
			"to": [11, -1.8, 8],
			"rotation": {"angle": 0, "axis": "y", "origin": [10.8, -2, 7.2]},
			"faces": {
				"north": {"uv": [9, 2.25, 9.25, 2.4375], "texture": "#0"},
				"east": {"uv": [8.25, 0.5, 8.875, 0.6875], "texture": "#0"},
				"south": {"uv": [2.75, 9, 3, 9.1875], "texture": "#0"},
				"west": {"uv": [1.25, 8.25, 1.875, 8.4375], "texture": "#0"},
				"up": {"uv": [7.75, 4.125, 7.5, 3.5], "texture": "#0"},
				"down": {"uv": [5, 7.5, 4.75, 8.125], "texture": "#0"}
			}
		},
		{
			"from": [10, -2.7, 5.3],
			"to": [11.1, -1.9, 8.1],
			"rotation": {"angle": 0, "axis": "y", "origin": [10.8, -2, 7.2]},
			"faces": {
				"north": {"uv": [9, 2.75, 9.25, 2.9375], "texture": "#0"},
				"east": {"uv": [8, 4.5, 8.6875, 4.6875], "texture": "#0"},
				"south": {"uv": [3, 9, 3.25, 9.1875], "texture": "#0"},
				"west": {"uv": [8, 5.75, 8.6875, 5.9375], "texture": "#0"},
				"up": {"uv": [4, 7.9375, 3.75, 7.25], "texture": "#0"},
				"down": {"uv": [4.25, 7.25, 4, 7.9375], "texture": "#0"}
			}
		},
		{
			"from": [16.75662, 3.4388, 8.01983],
			"to": [17.65662, 4.0388, 8.81983],
			"rotation": {"angle": -45, "axis": "y", "origin": [17.33162, 3.2138, 8.16983]},
			"faces": {
				"north": {"uv": [9.25, 0.25, 9.5, 0.375], "texture": "#0"},
				"east": {"uv": [3.5, 9.25, 3.6875, 9.375], "texture": "#0"},
				"south": {"uv": [0.5, 9.25, 0.75, 9.375], "texture": "#0"},
				"west": {"uv": [3.75, 9.25, 3.9375, 9.375], "texture": "#0"},
				"up": {"uv": [9.25, 3.1875, 9, 3], "texture": "#0"},
				"down": {"uv": [3.5, 9, 3.25, 9.1875], "texture": "#0"}
			}
		},
		{
			"from": [10, -1.9, 6.8],
			"to": [11.1, -0.8, 8.1],
			"rotation": {"angle": 0, "axis": "y", "origin": [10.8, 0, 7.2]},
			"faces": {
				"north": {"uv": [8.75, 4.5, 9, 4.75], "texture": "#0"},
				"east": {"uv": [8.5, 8.25, 8.8125, 8.5], "texture": "#0"},
				"south": {"uv": [5, 8.75, 5.25, 9], "texture": "#0"},
				"west": {"uv": [8.5, 8.5, 8.8125, 8.75], "texture": "#0"},
				"up": {"uv": [0.25, 9.0625, 0, 8.75], "texture": "#0"},
				"down": {"uv": [9, 0, 8.75, 0.3125], "texture": "#0"}
			}
		},
		{
			"from": [5, -2.6, 5.4],
			"to": [5.9, -1.8, 8],
			"rotation": {"angle": 0, "axis": "y", "origin": [5.2, -2, 7.2]},
			"faces": {
				"north": {"uv": [9, 3.25, 9.25, 3.4375], "texture": "#0"},
				"east": {"uv": [2, 8.25, 2.625, 8.4375], "texture": "#0"},
				"south": {"uv": [3.5, 9, 3.75, 9.1875], "texture": "#0"},
				"west": {"uv": [2.75, 8.25, 3.375, 8.4375], "texture": "#0"},
				"up": {"uv": [5.25, 8.125, 5, 7.5], "texture": "#0"},
				"down": {"uv": [5.5, 7.5, 5.25, 8.125], "texture": "#0"}
			}
		},
		{
			"from": [10.1, -2, 6.9],
			"to": [11, 0.2, 8],
			"rotation": {"angle": 0, "axis": "y", "origin": [10.8, 0, 7.2]},
			"faces": {
				"north": {"uv": [7.5, 7.75, 7.75, 8.3125], "texture": "#0"},
				"east": {"uv": [7.75, 7.5, 8, 8.0625], "texture": "#0"},
				"south": {"uv": [0, 8, 0.25, 8.5625], "texture": "#0"},
				"west": {"uv": [8, 0, 8.25, 0.5625], "texture": "#0"},
				"up": {"uv": [5.5, 9, 5.25, 8.75], "texture": "#0"},
				"down": {"uv": [5.75, 8.75, 5.5, 9], "texture": "#0"}
			}
		},
		{
			"from": [10.3, 4.2, 6.1],
			"to": [11.6, 5.7, 7.4],
			"rotation": {"angle": 0, "axis": "y", "origin": [11.1, 5.2, 6.6]},
			"faces": {
				"north": {"uv": [8.25, 3.75, 8.5625, 4.125], "texture": "#0"},
				"east": {"uv": [4.25, 8.25, 4.5625, 8.625], "texture": "#0"},
				"south": {"uv": [4.75, 8.25, 5.0625, 8.625], "texture": "#0"},
				"west": {"uv": [6.5, 8.25, 6.8125, 8.625], "texture": "#0"},
				"up": {"uv": [2.5625, 8.8125, 2.25, 8.5], "texture": "#0"},
				"down": {"uv": [3.0625, 8.5, 2.75, 8.8125], "texture": "#0"}
			}
		},
		{
			"from": [11.51575, 2.97643, 9.1],
			"to": [12.81575, 4.47643, 10.4],
			"rotation": {"angle": -22.5, "axis": "z", "origin": [12.16575, 3.72643, 9.75]},
			"faces": {
				"north": {"uv": [8.25, 6.5, 8.5625, 6.875], "texture": "#0"},
				"east": {"uv": [7, 8.25, 7.3125, 8.625], "texture": "#0"},
				"south": {"uv": [8.25, 7, 8.5625, 7.375], "texture": "#0"},
				"west": {"uv": [8.5, 1, 8.8125, 1.375], "texture": "#0"},
				"up": {"uv": [3.5625, 8.8125, 3.25, 8.5], "texture": "#0"},
				"down": {"uv": [4.0625, 8.5, 3.75, 8.8125], "texture": "#0"}
			}
		},
		{
			"from": [12.71679, 2.67894, 9.3],
			"to": [15.01679, 3.77894, 10.2],
			"rotation": {"angle": -22.5, "axis": "z", "origin": [13.36679, 3.22894, 9.75]},
			"faces": {
				"north": {"uv": [0.25, 8, 0.8125, 8.25], "texture": "#0"},
				"east": {"uv": [8.75, 5.75, 9, 6], "texture": "#0"},
				"south": {"uv": [8, 0.75, 8.5625, 1], "texture": "#0"},
				"west": {"uv": [6, 8.75, 6.25, 9], "texture": "#0"},
				"up": {"uv": [1.5625, 8.25, 1, 8], "texture": "#0"},
				"down": {"uv": [2.3125, 8, 1.75, 8.25], "texture": "#0"}
			}
		},
		{
			"from": [14.87998, 2.00565, 9.08551],
			"to": [17.17998, 3.10565, 9.98551],
			"rotation": {"angle": 22.5, "axis": "y", "origin": [15.52998, 2.55565, 9.53551]},
			"faces": {
				"north": {"uv": [2.5, 8, 3.0625, 8.25], "texture": "#0"},
				"east": {"uv": [6.25, 8.75, 6.5, 9], "texture": "#0"},
				"south": {"uv": [8, 2.5, 8.5625, 2.75], "texture": "#0"},
				"west": {"uv": [6.5, 8.75, 6.75, 9], "texture": "#0"},
				"up": {"uv": [8.5625, 3, 8, 2.75], "texture": "#0"},
				"down": {"uv": [8.5625, 3, 8, 3.25], "texture": "#0"}
			}
		},
		{
			"from": [16.75662, 1.9388, 7.01983],
			"to": [18.15662, 3.4388, 8.81983],
			"rotation": {"angle": -45, "axis": "y", "origin": [17.33162, 3.2138, 8.16983]},
			"faces": {
				"north": {"uv": [7.5, 4.25, 7.875, 4.625], "texture": "#0"},
				"east": {"uv": [4.25, 7.25, 4.6875, 7.625], "texture": "#0"},
				"south": {"uv": [5.5, 7.5, 5.875, 7.875], "texture": "#0"},
				"west": {"uv": [6.75, 7.25, 7.1875, 7.625], "texture": "#0"},
				"up": {"uv": [7.625, 7.6875, 7.25, 7.25], "texture": "#0"},
				"down": {"uv": [0.375, 7.5, 0, 7.9375], "texture": "#0"}
			}
		}
	],
	"display": {
		"thirdperson_righthand": {
			"translation": [0, 8, 0]
		},
		"thirdperson_lefthand": {
			"translation": [0, 8, 0]
		},
		"firstperson_righthand": {
			"rotation": [-180, 60, -180],
			"translation": [0, 9.25, -0.5]
		},
		"firstperson_lefthand": {
			"rotation": [-180, 60, -180],
			"translation": [0, 9.25, -0.5]
		},
		"ground": {
			"translation": [0, 10.5, 0]
		},
		"gui": {
			"rotation": [-180, 18.75, -180],
			"translation": [0, 2.5, 0]
		},
		"head": {
			"translation": [0, 14, -6.5]
		},
		"fixed": {
			"rotation": [-90, 0, 0],
			"translation": [0, -16, -30],
			"scale": [4, 4, 4]
		}
	}
}