{
	"credit": "Made with Blockbench",
	"texture_size": [32, 32],
	"textures": {
		"1": "item/custom/item_funny/sopapanois",
		"particle": "item/custom/item_funny/sopapanois"
	},
	"elements": [
		{
			"from": [5, 0, 5],
			"to": [11, 3.1, 11],
			"rotation": {"angle": 0, "axis": "y", "origin": [7, 0, 7]},
			"faces": {
				"north": {"uv": [6, 0, 9, 1.5], "texture": "#1"},
				"east": {"uv": [6, 1.5, 9, 3], "texture": "#1"},
				"south": {"uv": [6, 3, 9, 4.5], "texture": "#1"},
				"west": {"uv": [6, 4.5, 9, 6], "texture": "#1"},
				"up": {"uv": [3, 6.5, 0, 3.5], "texture": "#1"},
				"down": {"uv": [6, 3.5, 3, 6.5], "texture": "#1"}
			}
		},
		{
			"from": [4, 2, 5],
			"to": [5, 4, 11],
			"rotation": {"angle": 0, "axis": "y", "origin": [1, 2, 7]},
			"faces": {
				"north": {"uv": [4.5, 9, 5, 10], "texture": "#1"},
				"east": {"uv": [4, 8, 7, 9], "texture": "#1"},
				"south": {"uv": [5, 9, 5.5, 10], "texture": "#1"},
				"west": {"uv": [7, 8, 10, 9], "texture": "#1"},
				"up": {"uv": [3.5, 11.5, 3, 8.5], "texture": "#1"},
				"down": {"uv": [4, 8.5, 3.5, 11.5], "texture": "#1"}
			}
		},
		{
			"from": [4, 2, 11],
			"to": [12, 4, 12],
			"rotation": {"angle": 0, "axis": "y", "origin": [7, 3, 11.5]},
			"faces": {
				"north": {"uv": [6, 6, 10, 7], "texture": "#1"},
				"east": {"uv": [9, 5, 9.5, 6], "texture": "#1"},
				"south": {"uv": [0, 6.5, 4, 7.5], "texture": "#1"},
				"west": {"uv": [5.5, 9, 6, 10], "texture": "#1"},
				"up": {"uv": [13, 0.5, 9, 0], "texture": "#1"},
				"down": {"uv": [13, 0.5, 9, 1], "texture": "#1"}
			}
		},
		{
			"from": [4, 2, 4],
			"to": [12, 4, 5],
			"rotation": {"angle": 0, "axis": "y", "origin": [7, 3, 4.5]},
			"faces": {
				"north": {"uv": [4, 7, 8, 8], "texture": "#1"},
				"east": {"uv": [6, 9, 6.5, 10], "texture": "#1"},
				"south": {"uv": [0, 7.5, 4, 8.5], "texture": "#1"},
				"west": {"uv": [6.5, 9, 7, 10], "texture": "#1"},
				"up": {"uv": [13, 1.5, 9, 1], "texture": "#1"},
				"down": {"uv": [13, 1.5, 9, 2], "texture": "#1"}
			}
		},
		{
			"from": [11, 2, 5],
			"to": [12, 4, 11],
			"rotation": {"angle": 0, "axis": "y", "origin": [15, 2, 7]},
			"faces": {
				"north": {"uv": [7, 9, 7.5, 10], "texture": "#1"},
				"east": {"uv": [8, 7, 11, 8], "texture": "#1"},
				"south": {"uv": [7.5, 9, 8, 10], "texture": "#1"},
				"west": {"uv": [0, 8.5, 3, 9.5], "texture": "#1"},
				"up": {"uv": [9.5, 5, 9, 2], "texture": "#1"},
				"down": {"uv": [4.5, 9, 4, 12], "texture": "#1"}
			}
		}
	],
	"display": {
		"thirdperson_righthand": {
			"rotation": [68, 0, 0],
			"translation": [0, 4.75, 4.75]
		},
		"thirdperson_lefthand": {
			"rotation": [68, 0, 0],
			"translation": [0, 4.75, 4.75]
		},
		"firstperson_righthand": {
			"translation": [0, 8.5, 0]
		},
		"firstperson_lefthand": {
			"translation": [0, 8.5, 0]
		},
		"ground": {
			"translation": [0, 3.75, 0]
		},
		"gui": {
			"rotation": [77.75, 0, 0],
			"translation": [0, 0.75, 0]
		},
		"head": {
			"translation": [0, 18, 0],
			"scale": [1.5, 1.5, 1.5]
		},
		"fixed": {
			"rotation": [-90, 0, 0],
			"translation": [0, 0, -15.5],
			"scale": [2, 2, 2]
		}
	}
}