{
	"credit": "Made with Blockbench",
	"textures": {
		"0": "item/custom/item_funny/speedcoil",
		"particle": "item/custom/item_funny/speedcoil"
	},
	"elements": [
		{
			"from": [5.8, -1, 5.8],
			"to": [10.2, 7, 10.2],
			"rotation": {"angle": 0, "axis": "y", "origin": [7, 0, 7]},
			"faces": {
				"north": {"uv": [0, 0, 4.5, 8], "texture": "#0"},
				"east": {"uv": [5, 0, 9.5, 8], "texture": "#0"},
				"south": {"uv": [0, 8, 4.5, 16], "texture": "#0"},
				"west": {"uv": [5, 8, 9.5, 16], "texture": "#0"},
				"up": {"uv": [14.5, 4.5, 10, 0], "texture": "#0"},
				"down": {"uv": [14.5, 5, 10, 9.5], "texture": "#0"}
			}
		}
	],
	"display": {
		"thirdperson_righthand": {
			"rotation": [90.5, 2, 0],
			"translation": [0, -2, 9.5]
		},
		"thirdperson_lefthand": {
			"rotation": [90.5, 0, 0],
			"translation": [0, -2, 9.5]
		},
		"firstperson_righthand": {
			"rotation": [97.25, 0, 0],
			"translation": [0, 2, 5.75]
		},
		"firstperson_lefthand": {
			"rotation": [97.25, 0, 0],
			"translation": [0, 2, 5.75]
		},
		"ground": {
			"translation": [0, 6.5, 0]
		},
		"gui": {
			"rotation": [0, 0, 38.5],
			"translation": [-3.25, 3, 0]
		},
		"head": {
			"rotation": [0, 0, -90],
			"translation": [11, 0, -5],
			"scale": [1, 2.27734, 1]
		},
		"fixed": {
			"rotation": [-90, 0, 0],
			"translation": [0, 0, -24.5],
			"scale": [3, 3, 3]
		}
	}
}