{
	"credit": "Made with Blockbench",
	"texture_size": [32, 32],
	"textures": {
		"0": "item/custom/item_funny/animados/tetopear/tetopear",
		"particle": "item/custom/item_funny/animados/tetopear/tetopear"
	},
	"elements": [
		{
			"from": [6, 0, 6],
			"to": [10, 1, 10],
			"rotation": {"angle": 0, "axis": "y", "origin": [7, 0, 7]},
			"faces": {
				"north": {"uv": [9, 2, 11, 2.5], "texture": "#0"},
				"east": {"uv": [9, 2.5, 11, 3], "texture": "#0"},
				"south": {"uv": [9, 3, 11, 3.5], "texture": "#0"},
				"west": {"uv": [9, 3.5, 11, 4], "texture": "#0"},
				"up": {"uv": [8, 6, 6, 4], "texture": "#0"},
				"down": {"uv": [8, 6, 6, 8], "texture": "#0"}
			}
		},
		{
			"from": [5, 1, 5],
			"to": [11, 2, 11],
			"rotation": {"angle": 0, "axis": "y", "origin": [7, 1, 7]},
			"faces": {
				"north": {"uv": [9, 0, 12, 0.5], "texture": "#0"},
				"east": {"uv": [9, 0.5, 12, 1], "texture": "#0"},
				"south": {"uv": [9, 1, 12, 1.5], "texture": "#0"},
				"west": {"uv": [9, 1.5, 12, 2], "texture": "#0"},
				"up": {"uv": [3, 3, 0, 0], "texture": "#0"},
				"down": {"uv": [3, 3, 0, 6], "texture": "#0"}
			}
		},
		{
			"from": [5, 2, 5],
			"to": [11, 6, 11],
			"rotation": {"angle": 0, "axis": "y", "origin": [7, 2, 7]},
			"faces": {
				"north": {"uv": [0, 6, 3, 8], "texture": "#0"},
				"east": {"uv": [6, 0, 9, 2], "texture": "#0"},
				"south": {"uv": [6, 2, 9, 4], "texture": "#0"},
				"west": {"uv": [3, 6, 6, 8], "texture": "#0"},
				"up": {"uv": [6, 3, 3, 0], "texture": "#0"},
				"down": {"uv": [6, 3, 3, 6], "texture": "#0"}
			}
		},
		{
			"from": [6, 1.3, 4.5],
			"to": [10, 5.3, 5],
			"rotation": {"angle": 0, "axis": "y", "origin": [7, 1.3, 6]},
			"faces": {
				"north": {"uv": [4, 8, 6, 10], "texture": "#0"},
				"east": {"uv": [5, 10, 5.25, 12], "texture": "#0"},
				"south": {"uv": [8, 4, 10, 6], "texture": "#0"},
				"west": {"uv": [10, 5, 10.25, 7], "texture": "#0"},
				"up": {"uv": [7.5, 10.25, 5.5, 10], "texture": "#0"},
				"down": {"uv": [12, 7, 10, 7.25], "texture": "#0"}
			}
		},
		{
			"from": [7, 4.9, 4.3],
			"to": [7.5, 5.7, 4.8],
			"rotation": {"angle": 22.5, "axis": "x", "origin": [7, 4.9, 4.55]},
			"faces": {
				"north": {"uv": [0.5, 12, 0.75, 12.375], "texture": "#0"},
				"east": {"uv": [12, 0.5, 12.25, 0.875], "texture": "#0"},
				"south": {"uv": [1, 12, 1.25, 12.375], "texture": "#0"},
				"west": {"uv": [12, 1, 12.25, 1.375], "texture": "#0"},
				"up": {"uv": [12.25, 7.75, 12, 7.5], "texture": "#0"},
				"down": {"uv": [8.25, 12, 8, 12.25], "texture": "#0"}
			}
		},
		{
			"from": [5.6, 4.5, 4.4],
			"to": [7, 5.7, 5],
			"rotation": {"angle": 0, "axis": "x", "origin": [6.3, 5.3, 4.75]},
			"faces": {
				"north": {"uv": [5.5, 10.5, 6.1875, 11.125], "texture": "#0"},
				"east": {"uv": [7, 11.5, 7.3125, 12.125], "texture": "#0"},
				"south": {"uv": [10.5, 6, 11.1875, 6.625], "texture": "#0"},
				"west": {"uv": [7.5, 11.5, 7.8125, 12.125], "texture": "#0"},
				"up": {"uv": [11.6875, 10.8125, 11, 10.5], "texture": "#0"},
				"down": {"uv": [11.6875, 11, 11, 11.3125], "texture": "#0"}
			}
		},
		{
			"from": [9, 4.5, 4.4],
			"to": [10.4, 5.7, 5],
			"rotation": {"angle": 0, "axis": "x", "origin": [9.7, 5.3, 4.75]},
			"faces": {
				"north": {"uv": [9.5, 10, 10.1875, 10.625], "texture": "#0"},
				"east": {"uv": [6, 11.5, 6.3125, 12.125], "texture": "#0"},
				"south": {"uv": [10.5, 5, 11.1875, 5.625], "texture": "#0"},
				"west": {"uv": [6.5, 11.5, 6.8125, 12.125], "texture": "#0"},
				"up": {"uv": [11.6875, 9.8125, 11, 9.5], "texture": "#0"},
				"down": {"uv": [11.6875, 10, 11, 10.3125], "texture": "#0"}
			}
		},
		{
			"from": [7.8, 3.93373, 4.12769],
			"to": [8.3, 4.53373, 4.32769],
			"rotation": {"angle": 0, "axis": "x", "origin": [8.05, 4.03373, 4.37769]},
			"faces": {
				"north": {"uv": [12, 3.5, 12.25, 3.8125], "texture": "#0"},
				"east": {"uv": [12, 10, 12.125, 10.3125], "texture": "#0"},
				"south": {"uv": [4, 12, 4.25, 12.3125], "texture": "#0"},
				"west": {"uv": [10.5, 12, 10.625, 12.3125], "texture": "#0"},
				"up": {"uv": [12.25, 11.625, 12, 11.5], "texture": "#0"},
				"down": {"uv": [12.25, 12, 12, 12.125], "texture": "#0"}
			}
		},
		{
			"from": [7.5, 4.4, 4.3],
			"to": [8.5, 5.9, 4.6],
			"rotation": {"angle": 22.5, "axis": "x", "origin": [8, 4.9, 4.55]},
			"faces": {
				"north": {"uv": [0, 11, 0.5, 11.75], "texture": "#0"},
				"east": {"uv": [1.5, 12, 1.625, 12.75], "texture": "#0"},
				"south": {"uv": [0.5, 11, 1, 11.75], "texture": "#0"},
				"west": {"uv": [12, 1.5, 12.125, 2.25], "texture": "#0"},
				"up": {"uv": [12.5, 8.125, 12, 8], "texture": "#0"},
				"down": {"uv": [9, 12, 8.5, 12.125], "texture": "#0"}
			}
		},
		{
			"from": [4.9, 3.2, 3.7],
			"to": [6.1, 3.9, 5.2],
			"rotation": {"angle": 22.5, "axis": "y", "origin": [5.5, 3.65, 4.45]},
			"faces": {
				"north": {"uv": [8.5, 11, 9.125, 11.375], "texture": "#0"},
				"east": {"uv": [11, 4, 11.75, 4.375], "texture": "#0"},
				"south": {"uv": [11, 8.5, 11.625, 8.875], "texture": "#0"},
				"west": {"uv": [11, 4.5, 11.75, 4.875], "texture": "#0"},
				"up": {"uv": [8.125, 10.75, 7.5, 10], "texture": "#0"},
				"down": {"uv": [10.625, 7.5, 10, 8.25], "texture": "#0"}
			}
		},
		{
			"from": [4.7, 3.9, 3.5],
			"to": [6.3, 4.7, 5.4],
			"rotation": {"angle": 22.5, "axis": "y", "origin": [5.5, 4.15, 4.45]},
			"faces": {
				"north": {"uv": [11, 3.5, 11.8125, 3.875], "texture": "#0"},
				"east": {"uv": [11, 2, 11.9375, 2.375], "texture": "#0"},
				"south": {"uv": [4, 11, 4.8125, 11.375], "texture": "#0"},
				"west": {"uv": [11, 2.5, 11.9375, 2.875], "texture": "#0"},
				"up": {"uv": [4.8125, 10.9375, 4, 10], "texture": "#0"},
				"down": {"uv": [10.8125, 4, 10, 4.9375], "texture": "#0"}
			}
		},
		{
			"from": [5.1, 2.6, 3.9],
			"to": [5.9, 3.3, 5],
			"rotation": {"angle": 22.5, "axis": "y", "origin": [5.5, 3.05, 4.45]},
			"faces": {
				"north": {"uv": [11.5, 6.5, 11.875, 6.875], "texture": "#0"},
				"east": {"uv": [1, 11.5, 1.5625, 11.875], "texture": "#0"},
				"south": {"uv": [8, 11.5, 8.375, 11.875], "texture": "#0"},
				"west": {"uv": [2, 11.5, 2.5625, 11.875], "texture": "#0"},
				"up": {"uv": [3.375, 12.0625, 3, 11.5], "texture": "#0"},
				"down": {"uv": [3.875, 11.5, 3.5, 12.0625], "texture": "#0"}
			}
		},
		{
			"from": [5.3, 1.9, 4.1],
			"to": [5.7, 2.6, 4.8],
			"rotation": {"angle": 22.5, "axis": "y", "origin": [5.5, 2.35, 4.45]},
			"faces": {
				"north": {"uv": [12, 4, 12.1875, 4.375], "texture": "#0"},
				"east": {"uv": [11.5, 8, 11.875, 8.375], "texture": "#0"},
				"south": {"uv": [4.5, 12, 4.6875, 12.375], "texture": "#0"},
				"west": {"uv": [8.5, 11.5, 8.875, 11.875], "texture": "#0"},
				"up": {"uv": [12.1875, 4.875, 12, 4.5], "texture": "#0"},
				"down": {"uv": [5.1875, 12, 5, 12.375], "texture": "#0"}
			}
		},
		{
			"from": [5.2, 4.7, 4.1],
			"to": [5.8, 4.9, 4.8],
			"rotation": {"angle": 22.5, "axis": "y", "origin": [5.5, 5.15, 4.45]},
			"faces": {
				"north": {"uv": [12, 11, 12.3125, 11.125], "texture": "#0"},
				"east": {"uv": [12, 9.5, 12.375, 9.625], "texture": "#0"},
				"south": {"uv": [11.5, 12, 11.8125, 12.125], "texture": "#0"},
				"west": {"uv": [10, 12, 10.375, 12.125], "texture": "#0"},
				"up": {"uv": [0.3125, 12.375, 0, 12], "texture": "#0"},
				"down": {"uv": [12.3125, 0, 12, 0.375], "texture": "#0"}
			}
		},
		{
			"from": [6, 6, 6],
			"to": [10, 8, 10],
			"rotation": {"angle": 0, "axis": "y", "origin": [7, 6, 7]},
			"faces": {
				"north": {"uv": [6, 8, 8, 9], "texture": "#0"},
				"east": {"uv": [8, 6, 10, 7], "texture": "#0"},
				"south": {"uv": [8, 7, 10, 8], "texture": "#0"},
				"west": {"uv": [8, 8, 10, 9], "texture": "#0"},
				"up": {"uv": [2, 10, 0, 8], "texture": "#0"},
				"down": {"uv": [4, 8, 2, 10], "texture": "#0"}
			}
		},
		{
			"from": [7, 8, 7],
			"to": [9, 10, 9],
			"rotation": {"angle": 0, "axis": "y", "origin": [7, 8, 7]},
			"faces": {
				"north": {"uv": [6, 9, 7, 10], "texture": "#0"},
				"east": {"uv": [7, 9, 8, 10], "texture": "#0"},
				"south": {"uv": [8, 9, 9, 10], "texture": "#0"},
				"west": {"uv": [9, 9, 10, 10], "texture": "#0"},
				"up": {"uv": [1, 11, 0, 10], "texture": "#0"},
				"down": {"uv": [2, 10, 1, 11], "texture": "#0"}
			}
		},
		{
			"from": [7.2, 10, 7.4],
			"to": [8.2, 11.6, 8.4],
			"rotation": {"angle": 0, "axis": "y", "origin": [7.2, 10, 7.4]},
			"faces": {
				"north": {"uv": [6.5, 10.5, 7, 11.3125], "texture": "#0"},
				"east": {"uv": [7, 10.5, 7.5, 11.3125], "texture": "#0"},
				"south": {"uv": [10.5, 9.5, 11, 10.3125], "texture": "#0"},
				"west": {"uv": [10.5, 10.5, 11, 11.3125], "texture": "#0"},
				"up": {"uv": [10.5, 10, 10, 9.5], "texture": "#0"},
				"down": {"uv": [11.5, 8, 11, 8.5], "texture": "#0"}
			}
		},
		{
			"from": [10.2, 4.7, 4.1],
			"to": [10.8, 4.9, 4.8],
			"rotation": {"angle": -22.5, "axis": "y", "origin": [10.5, 5.15, 4.45]},
			"faces": {
				"north": {"uv": [12, 10.5, 12.3125, 10.625], "texture": "#0"},
				"east": {"uv": [12, 9, 12.375, 9.125], "texture": "#0"},
				"south": {"uv": [11, 12, 11.3125, 12.125], "texture": "#0"},
				"west": {"uv": [9.5, 12, 9.875, 12.125], "texture": "#0"},
				"up": {"uv": [11.3125, 11.875, 11, 11.5], "texture": "#0"},
				"down": {"uv": [11.8125, 11.5, 11.5, 11.875], "texture": "#0"}
			}
		},
		{
			"from": [9.7, 3.9, 3.5],
			"to": [11.3, 4.7, 5.4],
			"rotation": {"angle": -22.5, "axis": "y", "origin": [10.5, 4.15, 4.45]},
			"faces": {
				"north": {"uv": [3, 11, 3.8125, 11.375], "texture": "#0"},
				"east": {"uv": [1, 11, 1.9375, 11.375], "texture": "#0"},
				"south": {"uv": [11, 3, 11.8125, 3.375], "texture": "#0"},
				"west": {"uv": [2, 11, 2.9375, 11.375], "texture": "#0"},
				"up": {"uv": [2.8125, 10.9375, 2, 10], "texture": "#0"},
				"down": {"uv": [3.8125, 10, 3, 10.9375], "texture": "#0"}
			}
		},
		{
			"from": [10.1, 2.6, 3.9],
			"to": [10.9, 3.3, 5],
			"rotation": {"angle": -22.5, "axis": "y", "origin": [10.5, 3.05, 4.45]},
			"faces": {
				"north": {"uv": [9, 11.5, 9.375, 11.875], "texture": "#0"},
				"east": {"uv": [4, 11.5, 4.5625, 11.875], "texture": "#0"},
				"south": {"uv": [9.5, 11.5, 9.875, 11.875], "texture": "#0"},
				"west": {"uv": [11.5, 5, 12.0625, 5.375], "texture": "#0"},
				"up": {"uv": [5.875, 12.0625, 5.5, 11.5], "texture": "#0"},
				"down": {"uv": [11.875, 5.5, 11.5, 6.0625], "texture": "#0"}
			}
		},
		{
			"from": [9.9, 3.2, 3.7],
			"to": [11.1, 3.9, 5.2],
			"rotation": {"angle": -22.5, "axis": "y", "origin": [10.5, 3.65, 4.45]},
			"faces": {
				"north": {"uv": [11, 9, 11.625, 9.375], "texture": "#0"},
				"east": {"uv": [7.5, 11, 8.25, 11.375], "texture": "#0"},
				"south": {"uv": [9.5, 11, 10.125, 11.375], "texture": "#0"},
				"west": {"uv": [11, 7.5, 11.75, 7.875], "texture": "#0"},
				"up": {"uv": [9.125, 10.75, 8.5, 10], "texture": "#0"},
				"down": {"uv": [10.625, 8.5, 10, 9.25], "texture": "#0"}
			}
		},
		{
			"from": [8.5, 4.9, 4.3],
			"to": [9, 5.7, 4.8],
			"rotation": {"angle": 22.5, "axis": "x", "origin": [9, 4.9, 4.55]},
			"faces": {
				"north": {"uv": [2, 12, 2.25, 12.375], "texture": "#0"},
				"east": {"uv": [2.5, 12, 2.75, 12.375], "texture": "#0"},
				"south": {"uv": [12, 2.5, 12.25, 2.875], "texture": "#0"},
				"west": {"uv": [12, 3, 12.25, 3.375], "texture": "#0"},
				"up": {"uv": [12.25, 8.75, 12, 8.5], "texture": "#0"},
				"down": {"uv": [9.25, 12, 9, 12.25], "texture": "#0"}
			}
		},
		{
			"from": [10.3, 1.9, 4.1],
			"to": [10.7, 2.6, 4.8],
			"rotation": {"angle": -22.5, "axis": "y", "origin": [10.5, 2.35, 4.45]},
			"faces": {
				"north": {"uv": [12, 5.5, 12.1875, 5.875], "texture": "#0"},
				"east": {"uv": [10, 11.5, 10.375, 11.875], "texture": "#0"},
				"south": {"uv": [12, 6, 12.1875, 6.375], "texture": "#0"},
				"west": {"uv": [10.5, 11.5, 10.875, 11.875], "texture": "#0"},
				"up": {"uv": [12.1875, 6.875, 12, 6.5], "texture": "#0"},
				"down": {"uv": [12.1875, 7, 12, 7.375], "texture": "#0"}
			}
		}
	],
	"display": {
		"thirdperson_righthand": {
			"rotation": [67.5, 0, 0],
			"translation": [0, 2, 2.75],
			"scale": [0.5, 0.5, 0.5]
		},
		"thirdperson_lefthand": {
			"rotation": [67.5, 0, 0],
			"translation": [0, 2, 2.75],
			"scale": [0.5, 0.5, 0.5]
		},
		"firstperson_righthand": {
			"rotation": [0, 120, 0],
			"translation": [0, 5.5, 1],
			"scale": [0.5, 0.5, 0.5]
		},
		"firstperson_lefthand": {
			"rotation": [0, 120, 0],
			"translation": [0, 5.5, 1],
			"scale": [0.5, 0.5, 0.5]
		},
		"ground": {
			"translation": [0, 5, 0]
		},
		"gui": {
			"rotation": [-173.49, 15.48, 156.88],
			"translation": [-1, 2.75, 0]
		},
		"head": {
			"translation": [0, 14.25, 0]
		},
		"fixed": {
			"rotation": [-90, 0, 0],
			"translation": [0, 0, -8]
		}
	}
}